propertyType,furnishing,flrNum,facing,totalFlrNum,city,carpetArea,bedrooms,bathrooms,exactPrice
Multistorey Apartment,Unfurnished,2.0,North,6,Patna,1043.0,3,2,7208000
Multistorey Apartment,Semi-Furnished,2.0,Unknown,4,Patna,1000.0,2,2,5040000
Multistorey Apartment,Semi-Furnished,3.0,Unknown,5,Patna,1250.0,3,2,6187500
Multistorey Apartment,Unfurnished,2.0,Unknown,4,Patna,1000.0,2,2,5731000
Multistorey Apartment,Unfurnished,2.0,Unknown,3,Patna,1000.0,3,3,8593200
Multistorey Apartment,Semi-Furnished,2.0,North,4,Patna,1521.0,3,2,9500000
Multistorey Apartment,Unfurnished,5.0,South - East,7,Patna,1162.0,3,2,7750000
Multistorey Apartment,Unfurnished,2.0,East,4,Patna,1000.0,2,2,6050000
Multistorey Apartment,Semi-Furnished,2.0,Unknown,17,Patna,1000.0,3,2,8370000
Multistorey Apartment,Semi-Furnished,2.0,North - West,5,Patna,1000.0,3,2,9025500
Multistorey Apartment,Unfurnished,2.0,East,4,Patna,1000.0,2,2,5500000
Multistorey Apartment,Unfurnished,2.0,Unknown,4,Patna,1000.0,3,2,6375000
Multistorey Apartment,Semi-Furnished,1.0,East,4,Patna,1000.0,3,3,9300000
Multistorey Apartment,Unfurnished,4.0,East,4,Patna,1580.0,3,2,9300000
Multistorey Apartment,Semi-Furnished,1.0,East,5,Patna,966.0,3,2,11291000
Multistorey Apartment,Semi-Furnished,1.0,South,3,Patna,650.0,2,2,5200800
Multistorey Apartment,Unfurnished,2.0,Unknown,3,Patna,1000.0,3,3,8822600
Multistorey Apartment,Semi-Furnished,2.0,Unknown,4,Patna,1000.0,3,2,9119500
Multistorey Apartment,Unfurnished,2.0,Unknown,4,Patna,1000.0,3,2,7825000
Multistorey Apartment,Semi-Furnished,2.0,Unknown,17,Patna,1000.0,3,2,8586000
Multistorey Apartment,Unfurnished,2.0,Unknown,7,Patna,1000.0,3,2,13250250
Multistorey Apartment,Semi-Furnished,4.0,North - East,5,Patna,1000.0,3,2,7557000
Multistorey Apartment,Unfurnished,1.0,North,4,Patna,1300.0,3,2,6900000
Multistorey Apartment,Semi-Furnished,4.0,North - East,8,Patna,1258.0,3,3,12636200
Multistorey Apartment,Unfurnished,2.0,East,4,Patna,1000.0,3,2,6700000
Multistorey Apartment,Unfurnished,3.0,North,7,Patna,876.0,2,2,6395400
Multistorey Apartment,Unfurnished,2.0,Unknown,6,Patna,1000.0,3,2,6631560
Multistorey Apartment,Unfurnished,2.0,Unknown,3,Patna,1000.0,3,3,9052000
Multistorey Apartment,Semi-Furnished,4.0,East,6,Patna,1000.0,3,2,7100000
Multistorey Apartment,Unfurnished,2.0,Unknown,4,Patna,1000.0,2,2,5200000
Multistorey Apartment,Unfurnished,4.0,East,6,Patna,1300.0,3,2,12500000
Multistorey Apartment,Semi-Furnished,2.0,Unknown,17,Patna,1000.0,3,2,9720000
Multistorey Apartment,Unfurnished,2.0,East,5,Patna,847.0,2,2,7044000
Multistorey Apartment,Unfurnished,6.0,North - East,11,Patna,1000.0,2,2,5800000
Multistorey Apartment,Unfurnished,2.0,Unknown,7,Patna,1000.0,3,2,13627750
Multistorey Apartment,Unfurnished,2.0,North,5,Patna,1400.0,3,2,8300000
Multistorey Apartment,Semi-Furnished,2.0,Unknown,4,Patna,1000.0,3,2,9120000
Multistorey Apartment,Unfurnished,4.0,East,6,Patna,1000.0,3,2,7100000
Multistorey Apartment,Unfurnished,2.0,Unknown,7,Patna,1000.0,3,2,13401250
Multistorey Apartment,Semi-Furnished,4.0,North,8,Patna,1180.0,3,3,11398000
Multistorey Apartment,Unfurnished,2.0,North,4,Patna,1000.0,3,2,6600000
Multistorey Apartment,Unfurnished,2.0,East,4,Patna,800.0,2,2,6000000
Multistorey Apartment,Unfurnished,2.0,Unknown,3,Patna,1000.0,3,3,8072400
Multistorey Apartment,Unfurnished,2.0,Unknown,4,Patna,1000.0,2,2,5205000
Multistorey Apartment,Unfurnished,2.0,East,7,Patna,1000.0,3,2,8200000
Multistorey Apartment,Unfurnished,2.0,East,7,Patna,1410.0,3,2,8500000
Multistorey Apartment,Unfurnished,2.0,East,5,Patna,1000.0,2,2,5775000
Multistorey Apartment,Semi-Furnished,1.0,North - West,5,Patna,1205.0,3,2,9212500
Multistorey Apartment,Semi-Furnished,4.0,North,10,Patna,954.0,2,2,7462625
Multistorey Apartment,Semi-Furnished,2.0,Unknown,4,Patna,1000.0,3,2,10625000
Multistorey Apartment,Semi-Furnished,2.0,Unknown,4,Patna,1000.0,3,2,9200000
Multistorey Apartment,Unfurnished,2.0,Unknown,3,Patna,1000.0,2,2,5524200
Multistorey Apartment,Semi-Furnished,2.0,Unknown,4,Patna,1000.0,2,2,8580000
Multistorey Apartment,Semi-Furnished,1.0,North,3,Patna,1000.0,3,2,6700000
Multistorey Apartment,Unfurnished,4.0,North,7,Patna,718.0,2,2,5174000
Multistorey Apartment,Unfurnished,2.0,Unknown,7,Patna,1000.0,3,2,13162500
Multistorey Apartment,Semi-Furnished,2.0,Unknown,5,Patna,1000.0,3,2,8101500
Multistorey Apartment,Unfurnished,1.0,East,4,Patna,1300.0,3,2,12500000
Multistorey Apartment,Semi-Furnished,2.0,North,4,Patna,1000.0,3,2,6400000
Multistorey Apartment,Unfurnished,1.0,Unknown,6,Patna,1000.0,3,2,7600000
Multistorey Apartment,Unfurnished,2.0,East,4,Patna,950.0,2,2,6700000
Multistorey Apartment,Semi-Furnished,5.0,East,5,Patna,656.0,2,2,5148000
Multistorey Apartment,Unfurnished,7.0,South,7,Patna,772.0,2,2,5517200
Multistorey Apartment,Unfurnished,2.0,East,11,Patna,1000.0,2,2,4800000
Multistorey Apartment,Semi-Furnished,2.0,Unknown,4,Patna,1000.0,3,2,8875000
Multistorey Apartment,Unfurnished,3.0,West,5,Patna,1006.0,3,2,7815501
Multistorey Apartment,Unfurnished,2.0,Unknown,3,Patna,1000.0,2,2,5735000
Multistorey Apartment,Semi-Furnished,3.0,East,4,Patna,1000.0,2,2,6800000
Multistorey Apartment,Unfurnished,2.0,Unknown,6,Patna,1000.0,3,2,6630000
Multistorey Apartment,Unfurnished,3.0,North,4,Patna,1000.0,3,2,7500000
Multistorey Apartment,Semi-Furnished,1.0,East,4,Patna,1000.0,3,3,6159000
Multistorey Apartment,Furnished,1.0,Unknown,6,Patna,1300.0,3,2,17000000
Multistorey Apartment,Semi-Furnished,2.0,Unknown,5,Patna,1000.0,2,2,6413000
Multistorey Apartment,Semi-Furnished,2.0,Unknown,4,Patna,1000.0,3,2,13104000
Multistorey Apartment,Unfurnished,2.0,Unknown,7,Patna,1000.0,3,2,13537500
Multistorey Apartment,Unfurnished,4.0,East,5,Patna,1000.0,2,2,6600000
Multistorey Apartment,Unfurnished,5.0,Unknown,5,Patna,1200.0,3,2,6500000
Multistorey Apartment,Unfurnished,1.0,North,7,Patna,862.0,2,2,6188000
Multistorey Apartment,Semi-Furnished,2.0,Unknown,4,Patna,1000.0,3,3,11300000
Multistorey Apartment,Unfurnished,3.0,South -West,5,Patna,1245.0,3,3,10147500
Multistorey Apartment,Furnished,5.0,East,5,Patna,2200.0,4,4,20000000
Multistorey Apartment,Unfurnished,2.0,Unknown,4,Patna,1000.0,2,2,6244000
Multistorey Apartment,Semi-Furnished,5.0,West,5,Patna,1121.0,3,2,12500000
Multistorey Apartment,Semi-Furnished,4.0,South -West,5,Patna,1050.0,3,2,7220000
Multistorey Apartment,Unfurnished,4.0,South - East,4,Patna,1000.0,3,2,6500000
Multistorey Apartment,Semi-Furnished,3.0,North,3,Patna,1000.0,3,2,7500000
Multistorey Apartment,Unfurnished,1.0,East,4,Patna,1000.0,3,2,7100000
Multistorey Apartment,Semi-Furnished,2.0,Unknown,5,Patna,1000.0,2,2,7051000
Multistorey Apartment,Unfurnished,4.0,East,4,Patna,1250.0,3,3,12500000
Multistorey Apartment,Semi-Furnished,2.0,Unknown,4,Patna,1000.0,3,2,12870000
Multistorey Apartment,Unfurnished,2.0,Unknown,7,Patna,1000.0,3,2,13312500
Multistorey Apartment,Semi-Furnished,2.0,Unknown,3,Patna,1000.0,1,1,3900000
Multistorey Apartment,Unfurnished,2.0,East,4,Patna,1000.0,1,1,2500000
Multistorey Apartment,Furnished,6.0,South - East,6,Patna,1350.0,3,2,8500000
Multistorey Apartment,Semi-Furnished,2.0,Unknown,4,Patna,1000.0,3,2,9950000
Multistorey Apartment,Semi-Furnished,2.0,Unknown,4,Patna,1000.0,2,2,5790000
Multistorey Apartment,Unfurnished,2.0,Unknown,6,Patna,1000.0,2,2,5044000
Multistorey Apartment,Unfurnished,4.0,South,5,Patna,850.0,3,2,9800000
Multistorey Apartment,Unfurnished,3.0,East,4,Patna,1000.0,3,2,8500000
Multistorey Apartment,Semi-Furnished,4.0,South - East,11,Patna,1067.0,3,2,8036000
Builder Floor Apartment,Unfurnished,2.0,Unknown,4,Patna,1000.0,3,2,8094000
Multistorey Apartment,Unfurnished,2.0,West,7,Patna,1128.0,3,2,8075600
Multistorey Apartment,Unfurnished,1.0,West,6,Patna,1030.0,3,2,10000000
Multistorey Apartment,Semi-Furnished,3.0,East,6,Patna,1500.0,4,3,10500000
Multistorey Apartment,Unfurnished,1.0,North,6,Patna,882.0,2,2,6173000
Residential House,Unfurnished,2.0,East,3,Patna,1000.0,7,3,16500000
Multistorey Apartment,Semi-Furnished,1.0,East,6,Patna,900.0,2,2,8000000
Multistorey Apartment,Unfurnished,2.0,Unknown,7,Patna,1000.0,4,4,15892400
Multistorey Apartment,Semi-Furnished,2.0,Unknown,4,Patna,1000.0,3,2,13704600
Multistorey Apartment,Unfurnished,2.0,Unknown,6,Patna,1000.0,2,2,5046600
Multistorey Apartment,Semi-Furnished,2.0,North,4,Patna,1000.0,3,2,8500000
Multistorey Apartment,Semi-Furnished,5.0,North,5,Patna,830.0,2,2,5104200
Multistorey Apartment,Unfurnished,2.0,South - East,4,Patna,1400.0,3,2,8600000
Multistorey Apartment,Unfurnished,2.0,North - West,4,Patna,1000.0,2,2,4500000
Multistorey Apartment,Unfurnished,2.0,East,7,Patna,1134.0,3,2,8106800
Multistorey Apartment,Semi-Furnished,2.0,Unknown,4,Patna,1000.0,3,3,6605000
Multistorey Apartment,Semi-Furnished,2.0,East,4,Patna,1000.0,3,2,9000000
Multistorey Apartment,Semi-Furnished,2.0,Unknown,4,Patna,1000.0,2,2,5125000
Multistorey Apartment,Semi-Furnished,5.0,South,6,Patna,977.0,3,2,6555000
Multistorey Apartment,Semi-Furnished,2.0,East,6,Patna,800.0,2,2,7015000
Multistorey Apartment,Unfurnished,2.0,Unknown,3,Patna,1000.0,1,1,3740000
Multistorey Apartment,Unfurnished,2.0,Unknown,4,Patna,1000.0,3,2,7250000
Multistorey Apartment,Semi-Furnished,3.0,North,7,Patna,1026.0,3,2,4600000
Multistorey Apartment,Unfurnished,1.0,West,4,Patna,980.0,3,2,7000000
Multistorey Apartment,Semi-Furnished,4.0,East,7,Patna,800.0,2,2,6000000
Multistorey Apartment,Unfurnished,3.0,North,7,Patna,1900.0,3,3,30000000
Multistorey Apartment,Semi-Furnished,2.0,Unknown,4,Patna,1000.0,3,2,12246000
Multistorey Apartment,Unfurnished,2.0,Unknown,7,Patna,1000.0,4,4,18103400
Multistorey Apartment,Semi-Furnished,3.0,North - East,5,Patna,1103.0,3,2,6204000
Multistorey Apartment,Semi-Furnished,3.0,West,4,Patna,1000.0,3,2,8500000
Multistorey Apartment,Unfurnished,4.0,East,11,Patna,840.0,2,2,5400000
Multistorey Apartment,Unfurnished,3.0,North,5,Patna,1000.0,3,2,7000000
Multistorey Apartment,Unfurnished,2.0,South,4,Patna,1400.0,3,2,8400000
Multistorey Apartment,Unfurnished,1.0,West,12,Patna,1126.0,3,2,7272600
Multistorey Apartment,Semi-Furnished,2.0,Unknown,4,Patna,1000.0,2,2,5255000
Multistorey Apartment,Semi-Furnished,6.0,North - West,6,Patna,876.0,2,2,5866250
Multistorey Apartment,Semi-Furnished,4.0,North,4,Patna,1000.0,3,3,12500000
Multistorey Apartment,Semi-Furnished,2.0,Unknown,4,Patna,1000.0,3,2,7045000
Multistorey Apartment,Unfurnished,2.0,Unknown,3,Patna,1000.0,1,1,3751000
Multistorey Apartment,Unfurnished,2.0,Unknown,4,Patna,1000.0,3,2,7252000
Multistorey Apartment,Unfurnished,3.0,East,4,Patna,850.0,2,2,5100000
Multistorey Apartment,Semi-Furnished,1.0,East,3,Patna,756.0,2,2,4220000
Multistorey Apartment,Semi-Furnished,1.0,East,4,Patna,962.0,3,2,7748000
Multistorey Apartment,Semi-Furnished,4.0,East,4,Patna,1000.0,3,2,7600000
Multistorey Apartment,Semi-Furnished,5.0,East,6,Patna,1000.0,3,2,5040000
Multistorey Apartment,Unfurnished,2.0,Unknown,4,Patna,1000.0,3,2,7327000
Multistorey Apartment,Unfurnished,12.0,East,13,Patna,1450.0,3,2,12800000
Multistorey Apartment,Unfurnished,2.0,Unknown,7,Patna,1000.0,4,4,18009600
Multistorey Apartment,Unfurnished,4.0,South - East,7,Patna,1230.0,3,2,79040000
Multistorey Apartment,Semi-Furnished,2.0,Unknown,4,Patna,1000.0,3,2,15522000
Multistorey Apartment,Semi-Furnished,2.0,East,4,Patna,1000.0,2,2,5642000
Multistorey Apartment,Unfurnished,1.0,West,4,Patna,850.0,3,2,6500000
Multistorey Apartment,Semi-Furnished,3.0,North - East,5,Patna,1200.0,3,2,6580000
Multistorey Apartment,Unfurnished,2.0,Unknown,5,Patna,1150.0,3,2,9800000
Multistorey Apartment,Semi-Furnished,2.0,Unknown,4,Patna,1000.0,3,2,7190000
Multistorey Apartment,Semi-Furnished,1.0,East,3,Patna,700.0,2,2,4680000
Multistorey Apartment,Semi-Furnished,2.0,Unknown,4,Patna,1000.0,1,1,2775000
Multistorey Apartment,Unfurnished,2.0,Unknown,3,Patna,1000.0,1,1,3745500
Multistorey Apartment,Unfurnished,1.0,East,4,Patna,1000.0,2,2,7600000
Multistorey Apartment,Semi-Furnished,2.0,Unknown,4,Patna,1000.0,2,2,4216000
Multistorey Apartment,Semi-Furnished,5.0,East,6,Patna,1012.0,3,2,7800000
Multistorey Apartment,Unfurnished,1.0,West,12,Patna,1078.0,3,2,7042600
Multistorey Apartment,Semi-Furnished,1.0,East,4,Patna,1448.0,3,2,14000000
Multistorey Apartment,Unfurnished,5.0,East,5,Patna,1000.0,3,2,7500000
Multistorey Apartment,Semi-Furnished,3.0,East,3,Patna,1300.0,3,3,13000000
Multistorey Apartment,Semi-Furnished,2.0,Unknown,5,Patna,1000.0,4,3,9993500
Multistorey Apartment,Semi-Furnished,2.0,Unknown,4,Patna,1000.0,3,2,12542400
Multistorey Apartment,Unfurnished,2.0,South - East,2,Patna,1238.0,3,2,11436000
Multistorey Apartment,Unfurnished,2.0,Unknown,7,Patna,1000.0,4,4,18083300
Multistorey Apartment,Unfurnished,2.0,East,6,Patna,700.0,2,2,5460000
Multistorey Apartment,Unfurnished,1.0,East,3,Patna,1350.0,3,2,9000000
Multistorey Apartment,Unfurnished,1.0,Unknown,4,Patna,1200.0,3,2,6500000
Multistorey Apartment,Unfurnished,5.0,West,6,Patna,364.0,1,1,3000000
Multistorey Apartment,Semi-Furnished,2.0,Unknown,4,Patna,1000.0,3,3,7155000
Multistorey Apartment,Semi-Furnished,2.0,Unknown,4,Patna,1000.0,3,2,7100000
Multistorey Apartment,Semi-Furnished,5.0,East,6,Patna,1020.0,3,2,6745000
Multistorey Apartment,Semi-Furnished,2.0,Unknown,4,Patna,1000.0,2,2,6025000
Multistorey Apartment,Semi-Furnished,2.0,Unknown,4,Patna,1000.0,4,3,12100000
Multistorey Apartment,Semi-Furnished,3.0,East,7,Patna,1375.0,3,2,8250000
Multistorey Apartment,Unfurnished,2.0,North - East,4,Patna,1000.0,3,2,8365500
Multistorey Apartment,Semi-Furnished,2.0,South,4,Patna,1000.0,3,3,15000000
Multistorey Apartment,Unfurnished,1.0,Unknown,3,Patna,1000.0,3,2,6500000
Multistorey Apartment,Unfurnished,2.0,Unknown,4,Patna,1000.0,2,2,5992000
Multistorey Apartment,Unfurnished,2.0,Unknown,4,Patna,1000.0,3,2,8477500
Multistorey Apartment,Unfurnished,2.0,East,5,Patna,1000.0,2,2,6850000
Multistorey Apartment,Unfurnished,1.0,West,4,Patna,1250.0,3,3,13200000
Multistorey Apartment,Unfurnished,5.0,North,5,Patna,1000.0,2,2,4900000
Multistorey Apartment,Unfurnished,5.0,East,6,Patna,950.0,3,2,7803600
Multistorey Apartment,Semi-Furnished,2.0,Unknown,4,Patna,1000.0,2,2,4276000
Multistorey Apartment,Semi-Furnished,2.0,Unknown,5,Patna,1000.0,3,2,8305000
Multistorey Apartment,Unfurnished,2.0,Unknown,7,Patna,1000.0,3,3,12361500
Multistorey Apartment,Unfurnished,2.0,South - East,4,Patna,1250.0,3,2,7630000
Multistorey Apartment,Semi-Furnished,4.0,East,4,Patna,1270.0,3,3,13000000
Multistorey Apartment,Unfurnished,2.0,Unknown,7,Patna,1000.0,3,2,8525000
Multistorey Apartment,Semi-Furnished,4.0,East,7,Patna,1175.0,3,3,11000000
Multistorey Apartment,Unfurnished,2.0,Unknown,4,Patna,1000.0,3,2,9934800
Multistorey Apartment,Semi-Furnished,2.0,Unknown,4,Patna,1000.0,3,2,14180400
Multistorey Apartment,Unfurnished,2.0,East,3,Patna,1100.0,3,2,7250000
Multistorey Apartment,Semi-Furnished,4.0,North - East,8,Patna,1656.0,4,3,8880000
Multistorey Apartment,Semi-Furnished,2.0,East,4,Patna,1000.0,1,1,2300000
Multistorey Apartment,Unfurnished,1.0,North - West,4,Patna,1000.0,2,2,6500000
Multistorey Apartment,Unfurnished,5.0,North,6,Patna,791.0,2,2,5296250
Multistorey Apartment,Semi-Furnished,2.0,Unknown,4,Patna,1000.0,2,2,6000000
Multistorey Apartment,Unfurnished,1.0,East,7,Patna,1018.0,3,2,7476600
Multistorey Apartment,Semi-Furnished,2.0,Unknown,4,Patna,1000.0,4,3,12225000
Multistorey Apartment,Unfurnished,3.0,Unknown,4,Patna,1000.0,3,2,12500000
Multistorey Apartment,Unfurnished,4.0,East,6,Patna,945.0,2,2,4500000
Multistorey Apartment,Unfurnished,2.0,Unknown,4,Patna,1000.0,2,2,5600000
Multistorey Apartment,Semi-Furnished,4.0,East,4,Patna,900.0,3,2,7000000
Multistorey Apartment,Unfurnished,2.0,Unknown,4,Patna,1000.0,3,2,8475000
Multistorey Apartment,Semi-Furnished,2.0,Unknown,4,Patna,1000.0,3,2,7360000
Multistorey Apartment,Unfurnished,1.0,West,4,Patna,1042.0,3,3,12200000
Multistorey Apartment,Unfurnished,2.0,South - East,4,Patna,950.0,2,2,6220000
Multistorey Apartment,Unfurnished,2.0,West,4,Patna,694.0,2,2,5472000
Multistorey Apartment,Semi-Furnished,2.0,Unknown,4,Patna,1000.0,2,2,4160000
Multistorey Apartment,Unfurnished,4.0,West,4,Patna,1000.0,2,2,7125000
Multistorey Apartment,Semi-Furnished,2.0,East,4,Patna,1100.0,3,2,6500000
Multistorey Apartment,Semi-Furnished,2.0,Unknown,5,Patna,1000.0,3,2,7766000
Multistorey Apartment,Unfurnished,2.0,Unknown,7,Patna,1000.0,3,3,12328000
Multistorey Apartment,Unfurnished,2.0,Unknown,4,Patna,1000.0,3,2,9860000
Multistorey Apartment,Unfurnished,2.0,Unknown,7,Patna,1000.0,3,2,8200500
Multistorey Apartment,Semi-Furnished,2.0,Unknown,4,Patna,1000.0,2,2,4800000
Multistorey Apartment,Unfurnished,19.0,South -West,20,Patna,2000.0,4,4,16900000
Multistorey Apartment,Semi-Furnished,2.0,West,4,Patna,1133.0,3,2,9578100
Multistorey Apartment,Unfurnished,1.0,East,4,Patna,1000.0,3,2,7375000
Multistorey Apartment,Semi-Furnished,4.0,East,4,Patna,1100.0,2,2,6000000
Multistorey Apartment,Unfurnished,3.0,West,11,Patna,873.0,2,2,5621200
Multistorey Apartment,Unfurnished,3.0,West,6,Patna,825.0,2,2,8066800
Multistorey Apartment,Semi-Furnished,2.0,Unknown,4,Patna,1000.0,2,2,5420000
Multistorey Apartment,Unfurnished,2.0,Unknown,7,Patna,1000.0,2,2,5434000
Multistorey Apartment,Semi-Furnished,5.0,East,6,Patna,1027.0,3,2,6887500
Multistorey Apartment,Unfurnished,2.0,East,3,Patna,1000.0,3,2,7385000
Multistorey Apartment,Semi-Furnished,5.0,North - East,8,Patna,1230.0,3,3,7440000
Multistorey Apartment,Semi-Furnished,2.0,Unknown,4,Patna,1000.0,3,2,5600000
Multistorey Apartment,Unfurnished,2.0,Unknown,4,Patna,1000.0,2,2,6246800
Multistorey Apartment,Semi-Furnished,2.0,Unknown,4,Patna,1000.0,3,2,8950000
Multistorey Apartment,Unfurnished,2.0,Unknown,4,Patna,1000.0,2,2,6053000
Multistorey Apartment,Unfurnished,3.0,West,6,Patna,1000.0,3,2,7500000
Multistorey Apartment,Unfurnished,2.0,West,4,Patna,1002.0,3,2,7454520
Multistorey Apartment,Semi-Furnished,1.0,West,6,Patna,1030.0,3,2,7500000
Multistorey Apartment,Semi-Furnished,2.0,Unknown,4,Patna,1000.0,4,3,11500000
Multistorey Apartment,Semi-Furnished,1.0,North,4,Patna,785.0,2,2,6678000
Multistorey Apartment,Semi-Furnished,2.0,East,3,Patna,1000.0,3,2,7500000
Multistorey Apartment,Semi-Furnished,6.0,East,6,Patna,1000.0,3,2,15100000
Multistorey Apartment,Semi-Furnished,2.0,Unknown,5,Patna,1000.0,2,2,9993500
Multistorey Apartment,Semi-Furnished,2.0,East,5,Patna,1250.0,3,2,11000000
Multistorey Apartment,Unfurnished,2.0,Unknown,7,Patna,1000.0,3,2,8123500
Multistorey Apartment,Unfurnished,2.0,Unknown,7,Patna,1000.0,3,3,10760200
Multistorey Apartment,Semi-Furnished,4.0,West,7,Patna,599.0,2,2,4800000
Multistorey Apartment,Unfurnished,0.0,North,4,Patna,1000.0,3,2,8820000
Multistorey Apartment,Unfurnished,2.0,Unknown,4,Patna,1000.0,3,2,10410800
Multistorey Apartment,Semi-Furnished,1.0,East,4,Patna,948.0,3,2,8350000
Multistorey Apartment,Unfurnished,2.0,South - East,4,Patna,950.0,3,2,5490000
Multistorey Apartment,Semi-Furnished,2.0,Unknown,4,Patna,1000.0,3,2,7080000
Multistorey Apartment,Unfurnished,3.0,East,10,Patna,1100.0,3,2,9500000
Multistorey Apartment,Semi-Furnished,2.0,Unknown,4,Patna,1000.0,1,3,4090000
Multistorey Apartment,Unfurnished,2.0,East,3,Patna,750.0,2,2,6400000
Multistorey Apartment,Unfurnished,2.0,North,4,Patna,928.0,3,2,8100000
Multistorey Apartment,Unfurnished,2.0,East,3,Patna,1000.0,2,2,5931500
Multistorey Apartment,Semi-Furnished,4.0,North - East,6,Patna,625.0,2,2,4296000
Multistorey Apartment,Unfurnished,2.0,Unknown,7,Patna,1000.0,2,2,6188000
Multistorey Apartment,Unfurnished,2.0,North,7,Patna,832.0,2,2,6390300
Multistorey Apartment,Semi-Furnished,2.0,Unknown,4,Patna,1000.0,4,3,12375000
Residential House,Unfurnished,1.0,East,1,Patna,1000.0,5,3,120000000
Multistorey Apartment,Unfurnished,4.0,West,6,Patna,1000.0,3,2,8718000
Multistorey Apartment,Semi-Furnished,2.0,Unknown,4,Patna,1000.0,3,2,5000000
Multistorey Apartment,Unfurnished,2.0,Unknown,4,Patna,1000.0,2,2,5997600
Multistorey Apartment,Semi-Furnished,2.0,Unknown,4,Patna,1000.0,2,2,7300000
Multistorey Apartment,Unfurnished,3.0,North,4,Patna,800.0,3,2,6491225
Multistorey Apartment,Unfurnished,2.0,Unknown,7,Patna,895.0,3,2,7840000
Multistorey Apartment,Semi-Furnished,2.0,Unknown,4,Patna,1000.0,3,2,8275000
Multistorey Apartment,Furnished,4.0,North,4,Patna,1400.0,3,2,16500000
Multistorey Apartment,Unfurnished,2.0,West,6,Patna,1050.0,3,2,9000000
Multistorey Apartment,Unfurnished,2.0,Unknown,4,Patna,1000.0,3,2,5512320
Multistorey Apartment,Semi-Furnished,3.0,East,5,Patna,850.0,2,2,7300000
Multistorey Apartment,Semi-Furnished,2.0,East,4,Patna,970.0,3,2,6403200
Multistorey Apartment,Semi-Furnished,2.0,Unknown,10,Patna,1000.0,3,2,10296000
Multistorey Apartment,Unfurnished,3.0,West,6,Patna,1451.0,3,3,9522000
Multistorey Apartment,Unfurnished,2.0,Unknown,7,Patna,1000.0,3,3,12187300
Multistorey Apartment,Semi-Furnished,2.0,North,4,Patna,1000.0,3,2,5500000
Multistorey Apartment,Unfurnished,2.0,Unknown,4,Patna,1000.0,3,2,9703600
Multistorey Apartment,Unfurnished,5.0,East,6,Patna,800.0,2,2,7000000
Multistorey Apartment,Unfurnished,1.0,Unknown,7,Patna,1000.0,3,2,7958500
Multistorey Apartment,Semi-Furnished,2.0,Unknown,4,Patna,1000.0,3,2,5904000
Multistorey Apartment,Unfurnished,2.0,West,3,Patna,1250.0,3,2,8000000
Multistorey Apartment,Semi-Furnished,2.0,Unknown,4,Patna,1000.0,4,4,15834000
Multistorey Apartment,Unfurnished,4.0,North - West,4,Patna,1000.0,3,2,9800000
Multistorey Apartment,Semi-Furnished,2.0,Unknown,17,Patna,1000.0,3,3,8985960
Multistorey Apartment,Semi-Furnished,6.0,Unknown,6,Patna,1410.0,3,2,9300000
Multistorey Apartment,Semi-Furnished,3.0,Unknown,8,Patna,872.0,3,2,7056500
Multistorey Apartment,Semi-Furnished,2.0,North - East,7,Patna,1086.0,3,2,8012100
Multistorey Apartment,Unfurnished,3.0,South - East,6,Patna,1163.0,3,3,11376600
Multistorey Apartment,Unfurnished,4.0,West,5,Patna,1000.0,3,2,8718000
Multistorey Apartment,Unfurnished,2.0,Unknown,7,Patna,1000.0,3,2,8106800
Multistorey Apartment,Unfurnished,2.0,Unknown,4,Patna,1000.0,1,1,4697550
Multistorey Apartment,Semi-Furnished,2.0,Unknown,4,Patna,1000.0,3,2,7825000
Multistorey Apartment,Unfurnished,4.0,Unknown,5,Patna,1000.0,3,4,14000000
Residential House,Semi-Furnished,2.0,East,2,Patna,1000.0,2,2,8500000
Multistorey Apartment,Semi-Furnished,2.0,Unknown,4,Patna,1000.0,2,2,4220000
Multistorey Apartment,Unfurnished,2.0,Unknown,4,Patna,1000.0,2,2,5801600
Residential House,Unfurnished,0.0,South,1,Patna,1500.0,4,4,12500000
Multistorey Apartment,Semi-Furnished,2.0,Unknown,4,Patna,1000.0,3,2,8450000
Multistorey Apartment,Semi-Furnished,2.0,East,4,Patna,1000.0,3,2,9200000
Multistorey Apartment,Unfurnished,2.0,Unknown,7,Patna,882.0,2,2,7350000
Multistorey Apartment,Unfurnished,2.0,North,4,Patna,1000.0,3,2,8400000
Multistorey Apartment,Semi-Furnished,2.0,Unknown,4,Patna,1000.0,2,2,7259000
Multistorey Apartment,Unfurnished,0.0,South - East,4,Patna,916.0,3,2,6984620
Multistorey Apartment,Unfurnished,1.0,West,4,Patna,1320.0,3,3,10000000
Multistorey Apartment,Unfurnished,2.0,East,4,Patna,580.0,1,1,5467500
Multistorey Apartment,Semi-Furnished,1.0,East,4,Patna,1000.0,2,2,4896000
Multistorey Apartment,Unfurnished,2.0,Unknown,4,Patna,1000.0,2,2,4066920
Multistorey Apartment,Furnished,4.0,East,5,Patna,900.0,2,2,5300000
Multistorey Apartment,Unfurnished,1.0,East,5,Patna,1000.0,2,2,6400000
Multistorey Apartment,Semi-Furnished,2.0,East,7,Patna,1019.0,3,2,8200000
Residential House,Unfurnished,1.0,East,1,Patna,1000.0,4,3,21000000
Multistorey Apartment,Unfurnished,2.0,West,4,Patna,888.0,3,2,8748000
Multistorey Apartment,Semi-Furnished,2.0,East,5,Patna,1350.0,3,3,12000000
Multistorey Apartment,Unfurnished,2.0,Unknown,7,Patna,1000.0,3,3,11584300
Multistorey Apartment,Semi-Furnished,2.0,Unknown,10,Patna,1000.0,3,2,9360000
Multistorey Apartment,Unfurnished,1.0,Unknown,7,Patna,1000.0,3,2,7568000
Multistorey Apartment,Unfurnished,2.0,Unknown,4,Patna,1000.0,3,2,9438400
Multistorey Apartment,Semi-Furnished,2.0,Unknown,17,Patna,1000.0,3,3,9022600
Multistorey Apartment,Semi-Furnished,4.0,Unknown,8,Patna,1233.0,3,2,8398500
Multistorey Apartment,Semi-Furnished,2.0,Unknown,4,Patna,1000.0,3,2,6480000
Multistorey Apartment,Semi-Furnished,5.0,East,12,Patna,1000.0,3,2,9200000
Multistorey Apartment,Unfurnished,12.0,East,12,Patna,1140.0,3,3,8546800
Multistorey Apartment,Unfurnished,6.0,Unknown,6,Patna,1300.0,3,2,8200000
Multistorey Apartment,Unfurnished,4.0,Unknown,6,Patna,1000.0,2,2,5621000
Multistorey Apartment,Unfurnished,2.0,Unknown,4,Patna,1000.0,1,1,4270500
Multistorey Apartment,Unfurnished,2.0,Unknown,7,Patna,1000.0,3,2,8075600
Multistorey Apartment,Unfurnished,2.0,East,4,Patna,909.0,3,2,9570000
Multistorey Apartment,Semi-Furnished,2.0,Unknown,4,Patna,1000.0,3,3,9875000
Multistorey Apartment,Semi-Furnished,2.0,Unknown,4,Patna,1000.0,3,2,7775000
Multistorey Apartment,Unfurnished,1.0,East,5,Patna,1000.0,2,2,6180000
Multistorey Apartment,Unfurnished,7.0,East,7,Patna,850.0,2,2,7560000
Multistorey Apartment,Unfurnished,1.0,East,3,Patna,1000.0,2,2,5700000
Multistorey Apartment,Semi-Furnished,2.0,West,4,Patna,1250.0,3,2,6500000
Residential House,Semi-Furnished,2.0,East,2,Patna,1000.0,3,2,17000000
Multistorey Apartment,Furnished,5.0,East,5,Patna,2200.0,4,3,19000000
Multistorey Apartment,Unfurnished,2.0,Unknown,3,Patna,1000.0,2,2,5120500
Multistorey Apartment,Unfurnished,2.0,Unknown,7,Patna,736.0,2,2,6125000
Multistorey Apartment,Semi-Furnished,2.0,Unknown,4,Patna,1000.0,2,2,4280000
Villa,Semi-Furnished,2.0,North,2,Patna,2800.0,6,5,50000000
Multistorey Apartment,Unfurnished,3.0,North,4,Patna,998.0,3,2,7360540
Multistorey Apartment,Semi-Furnished,2.0,Unknown,4,Patna,1000.0,3,2,9700000
Multistorey Apartment,Semi-Furnished,2.0,East,5,Patna,1550.0,3,3,25000000
Multistorey Apartment,Unfurnished,4.0,West,6,Patna,1575.0,3,3,23500000
Multistorey Apartment,Unfurnished,1.0,East,7,Patna,1000.0,3,2,7250000
Multistorey Apartment,Semi-Furnished,1.0,East,4,Patna,962.0,3,2,7450000
Multistorey Apartment,Unfurnished,4.0,East,5,Patna,1000.0,3,2,7711000
Multistorey Apartment,Unfurnished,2.0,Unknown,4,Patna,1000.0,3,2,4888800
Multistorey Apartment,Unfurnished,4.0,West,5,Patna,1300.0,3,2,12500000
Multistorey Apartment,Unfurnished,2.0,West,4,Patna,882.0,3,2,8892000
Multistorey Apartment,Semi-Furnished,1.0,West,4,Patna,1000.0,2,2,4800000
Multistorey Apartment,Unfurnished,6.0,West,6,Patna,1000.0,3,2,7100000
Multistorey Apartment,Semi-Furnished,2.0,Unknown,4,Patna,1000.0,3,3,11661000
Multistorey Apartment,Semi-Furnished,2.0,Unknown,10,Patna,1000.0,3,2,7608000
Multistorey Apartment,Semi-Furnished,2.0,Unknown,7,Patna,1000.0,1,2,2450000
Multistorey Apartment,Unfurnished,2.0,Unknown,7,Patna,1000.0,3,3,11302900
Multistorey Apartment,Unfurnished,4.0,East,7,Patna,1000.0,3,2,6300000
Multistorey Apartment,Unfurnished,2.0,Unknown,4,Patna,1000.0,3,2,12920000
Multistorey Apartment,Semi-Furnished,2.0,Unknown,17,Patna,1000.0,3,3,8976800
Multistorey Apartment,Unfurnished,2.0,East,4,Patna,1000.0,2,2,4900000
Builder Floor Apartment,Furnished,0.0,Unknown,4,Patna,1083.0,3,2,7582400
Multistorey Apartment,Semi-Furnished,4.0,North - East,10,Patna,1650.0,3,2,12479350
Multistorey Apartment,Semi-Furnished,3.0,North,4,Patna,640.0,3,2,4800000
Multistorey Apartment,Unfurnished,2.0,East,4,Patna,1050.0,2,2,7000000
Multistorey Apartment,Unfurnished,2.0,North - East,4,Patna,1000.0,2,2,5400000
Multistorey Apartment,Unfurnished,2.0,Unknown,4,Patna,1000.0,3,3,8196500
Multistorey Apartment,Unfurnished,2.0,Unknown,7,Patna,1000.0,3,2,7480000
Multistorey Apartment,Unfurnished,1.0,West,6,Patna,1000.0,2,2,5901500
Multistorey Apartment,Semi-Furnished,3.0,East,13,Patna,971.0,3,2,10430000
Multistorey Apartment,Semi-Furnished,2.0,Unknown,4,Patna,1000.0,3,2,7950000
Multistorey Apartment,Unfurnished,5.0,North,6,Patna,1500.0,3,3,16800000
Multistorey Apartment,Semi-Furnished,2.0,Unknown,4,Patna,1000.0,2,2,7375000
Multistorey Apartment,Unfurnished,2.0,East,12,Patna,1140.0,3,3,8468600
Multistorey Apartment,Unfurnished,2.0,Unknown,7,Patna,1000.0,2,2,5517200
Multistorey Apartment,Semi-Furnished,4.0,East,5,Patna,1000.0,2,2,5000000
Multistorey Apartment,Semi-Furnished,3.0,East,3,Patna,1400.0,3,3,13500000
Multistorey Apartment,Semi-Furnished,4.0,East,5,Patna,1000.0,3,3,12500000
Multistorey Apartment,Unfurnished,2.0,Unknown,3,Patna,1000.0,2,2,5126000
Multistorey Apartment,Semi-Furnished,1.0,East,3,Patna,988.0,3,2,5200000
Multistorey Apartment,Semi-Furnished,3.0,South,4,Patna,1200.0,3,2,7500000
Multistorey Apartment,Semi-Furnished,1.0,North,5,Patna,1200.0,3,2,11000000
Multistorey Apartment,Unfurnished,2.0,Unknown,7,Patna,636.0,2,2,6247500
Multistorey Apartment,Unfurnished,2.0,East,4,Patna,937.0,3,2,6995400
Multistorey Apartment,Semi-Furnished,2.0,Unknown,4,Patna,1000.0,3,2,9699000
Multistorey Apartment,Semi-Furnished,4.0,North,6,Patna,1400.0,3,2,13000000
Multistorey Apartment,Unfurnished,3.0,West,5,Patna,980.0,3,2,6500000
Multistorey Apartment,Unfurnished,3.0,South - East,6,Patna,1050.0,3,2,6750000
Multistorey Apartment,Semi-Furnished,1.0,East,4,Patna,1000.0,3,2,6403200
Multistorey Apartment,Semi-Furnished,3.0,East,14,Patna,1327.0,3,3,11500000
Multistorey Apartment,Unfurnished,0.0,East,5,Patna,1000.0,3,3,12000000
Multistorey Apartment,Unfurnished,4.0,East,6,Patna,1000.0,3,2,6500000
Multistorey Apartment,Unfurnished,3.0,West,3,Patna,1000.0,3,2,6800000
Multistorey Apartment,Unfurnished,2.0,East,4,Patna,867.0,3,2,8772000
Multistorey Apartment,Unfurnished,2.0,Unknown,4,Patna,1000.0,3,2,4478400
Multistorey Apartment,Semi-Furnished,4.0,East,7,Patna,719.0,2,2,5800000
Multistorey Apartment,Semi-Furnished,2.0,Unknown,10,Patna,1000.0,2,2,6450000
Multistorey Apartment,Semi-Furnished,3.0,East,5,Patna,1150.0,3,2,12500000
Multistorey Apartment,Semi-Furnished,2.0,Unknown,4,Patna,1000.0,3,3,11657100
Multistorey Apartment,Unfurnished,2.0,Unknown,7,Patna,1000.0,2,2,6369000
Multistorey Apartment,Unfurnished,2.0,Unknown,4,Patna,1000.0,3,2,10499200
Multistorey Apartment,Semi-Furnished,2.0,Unknown,7,Patna,1000.0,2,2,3500000
Multistorey Apartment,Unfurnished,2.0,Unknown,7,Patna,1000.0,3,3,11517300
Multistorey Apartment,Semi-Furnished,2.0,Unknown,17,Patna,1000.0,3,2,9725400
Multistorey Apartment,Unfurnished,2.0,North - East,4,Patna,1000.0,3,2,6823200
Multistorey Apartment,Unfurnished,4.0,West,7,Patna,1000.0,2,2,8932000
Multistorey Apartment,Semi-Furnished,2.0,West,4,Patna,640.0,2,2,4000000
Multistorey Apartment,Unfurnished,2.0,North,3,Patna,1200.0,3,2,7000000
Multistorey Apartment,Semi-Furnished,2.0,Unknown,17,Patna,1000.0,3,3,9212000
Multistorey Apartment,Unfurnished,2.0,North,4,Patna,1000.0,3,2,8700000
Multistorey Apartment,Unfurnished,2.0,Unknown,4,Patna,1000.0,3,2,9009000
Multistorey Apartment,Semi-Furnished,15.0,South - East,15,Patna,1860.0,5,4,14775000
Multistorey Apartment,Unfurnished,4.0,North - East,11,Patna,1000.0,2,2,5100000
Multistorey Apartment,Semi-Furnished,3.0,East,5,Patna,1275.0,4,3,9960500
Multistorey Apartment,Unfurnished,3.0,East,12,Patna,957.0,3,2,7318600
Multistorey Apartment,Unfurnished,2.0,Unknown,7,Patna,1000.0,2,2,5174000
Multistorey Apartment,Unfurnished,4.0,East,6,Patna,1000.0,3,2,7656000
Multistorey Apartment,Semi-Furnished,2.0,Unknown,4,Patna,1000.0,2,2,7225000
Multistorey Apartment,Semi-Furnished,2.0,South - East,7,Patna,1089.0,3,2,8027400
Multistorey Apartment,Unfurnished,2.0,South - East,3,Patna,1000.0,2,2,5100000
Multistorey Apartment,Semi-Furnished,2.0,Unknown,4,Patna,1000.0,2,2,5650000
Multistorey Apartment,Unfurnished,1.0,North,6,Patna,875.0,2,2,6200000
Multistorey Apartment,Furnished,2.0,East,4,Patna,1000.0,3,2,8500000
Residential House,Semi-Furnished,0.0,North - West,2,Patna,1200.0,5,4,13000000
Multistorey Apartment,Semi-Furnished,1.0,East,3,Patna,778.0,2,2,4280000
Multistorey Apartment,Unfurnished,2.0,Unknown,3,Patna,1000.0,2,2,5117750
Multistorey Apartment,Unfurnished,2.0,Unknown,6,Patna,1000.0,3,2,6630500
Multistorey Apartment,Unfurnished,1.0,South,6,Patna,644.0,2,2,2978500
Multistorey Apartment,Semi-Furnished,2.0,North - West,4,Patna,968.0,3,2,7360540
Residential House,Unfurnished,1.0,West,1,Patna,1000.0,6,4,42500000
Multistorey Apartment,Unfurnished,2.0,Unknown,7,Patna,882.0,2,2,8085000
Multistorey Apartment,Unfurnished,3.0,West,4,Patna,1200.0,3,2,8500000
Multistorey Apartment,Semi-Furnished,4.0,West,4,Patna,1020.0,3,2,6000000
Multistorey Apartment,Unfurnished,6.0,South - East,8,Patna,1150.0,3,3,7520000
Multistorey Apartment,Semi-Furnished,1.0,East,4,Patna,1000.0,3,2,6400000
Multistorey Apartment,Semi-Furnished,4.0,North,4,Patna,1250.0,3,2,21000000
Multistorey Apartment,Unfurnished,6.0,East,6,Patna,1000.0,3,3,6800000
Multistorey Apartment,Furnished,2.0,Unknown,4,Patna,850.0,2,2,5100000
Multistorey Apartment,Unfurnished,2.0,Unknown,4,Patna,1000.0,3,2,4300000
Multistorey Apartment,Unfurnished,1.0,East,4,Patna,962.0,3,2,7748000
Multistorey Apartment,Unfurnished,2.0,East,4,Patna,639.0,2,2,6276000
Multistorey Apartment,Unfurnished,2.0,Unknown,4,Patna,1000.0,3,2,5032800
Multistorey Apartment,Unfurnished,1.0,East,5,Patna,900.0,2,2,8000000
Multistorey Apartment,Semi-Furnished,3.0,East,4,Patna,1154.0,3,2,9200000
Multistorey Apartment,Semi-Furnished,2.0,Unknown,10,Patna,1000.0,3,2,8368800
Multistorey Apartment,Semi-Furnished,2.0,Unknown,4,Patna,1000.0,3,3,12354500
Multistorey Apartment,Semi-Furnished,3.0,East,4,Patna,1200.0,3,2,12000000
Multistorey Apartment,Semi-Furnished,2.0,Unknown,7,Patna,1000.0,3,2,4550000
Multistorey Apartment,Unfurnished,2.0,Unknown,7,Patna,1000.0,3,3,12589300
Multistorey Apartment,Unfurnished,2.0,Unknown,4,Patna,1000.0,3,2,12838400
Multistorey Apartment,Semi-Furnished,2.0,Unknown,17,Patna,1000.0,3,3,9016000
Multistorey Apartment,Semi-Furnished,2.0,Unknown,17,Patna,1000.0,3,2,8591400
Multistorey Apartment,Unfurnished,2.0,Unknown,7,Patna,1000.0,2,2,5989500
Multistorey Apartment,Semi-Furnished,10.0,North - East,16,Patna,1355.0,3,3,11985000
Multistorey Apartment,Unfurnished,2.0,East,11,Patna,1000.0,3,2,7800000
Multistorey Apartment,Semi-Furnished,3.0,North - West,4,Patna,1000.0,3,2,6499200
Multistorey Apartment,Semi-Furnished,4.0,Unknown,5,Patna,658.0,2,2,5164500
Multistorey Apartment,Semi-Furnished,3.0,West,4,Patna,750.0,2,2,4000000
Multistorey Apartment,Semi-Furnished,2.0,Unknown,5,Patna,1000.0,3,2,9660000
Multistorey Apartment,Unfurnished,3.0,East,4,Patna,1000.0,3,2,7650000
Multistorey Apartment,Unfurnished,2.0,West,3,Patna,1000.0,2,2,4131000
Multistorey Apartment,Unfurnished,4.0,East,7,Patna,1000.0,3,2,6380000
Residential House,Semi-Furnished,2.0,North,2,Patna,680.0,4,3,12500000
Multistorey Apartment,Unfurnished,4.0,East,12,Patna,951.0,3,2,7277200
Multistorey Apartment,Unfurnished,2.0,Unknown,7,Patna,1000.0,3,2,8522800
Multistorey Apartment,Unfurnished,3.0,West,6,Patna,1000.0,3,3,7903500
Multistorey Apartment,Semi-Furnished,2.0,Unknown,4,Patna,1000.0,2,2,6600000
Multistorey Apartment,Semi-Furnished,1.0,North - West,3,Patna,900.0,3,2,7012500
Multistorey Apartment,Semi-Furnished,2.0,Unknown,4,Patna,1000.0,1,1,2455000
Multistorey Apartment,Unfurnished,2.0,East,7,Patna,1250.0,3,2,6500000
Multistorey Apartment,Unfurnished,2.0,Unknown,4,Patna,1000.0,3,2,9030450
Multistorey Apartment,Unfurnished,0.0,North,4,Patna,880.0,2,2,5190000
Multistorey Apartment,Semi-Furnished,-1.0,East,7,Patna,1835.0,3,3,9958000
Residential House,Unfurnished,0.0,North,1,Patna,1200.0,4,3,19500000
Residential House,Semi-Furnished,2.0,Unknown,3,Patna,650.0,7,3,8000000
Multistorey Apartment,Semi-Furnished,3.0,Unknown,7,Patna,711.0,2,2,3000000
Multistorey Apartment,Unfurnished,2.0,Unknown,4,Patna,1000.0,3,3,6000000
Multistorey Apartment,Semi-Furnished,3.0,South - East,4,Patna,1321.0,3,3,12100000
Multistorey Apartment,Semi-Furnished,3.0,East,5,Patna,1200.0,3,3,7500000
Multistorey Apartment,Semi-Furnished,3.0,North - West,3,Patna,1000.0,3,2,6000000
Multistorey Apartment,Unfurnished,1.0,Unknown,4,Patna,1150.0,3,2,6500000
Multistorey Apartment,Semi-Furnished,3.0,East,4,Patna,1000.0,4,4,14000000
Multistorey Apartment,Furnished,0.0,Unknown,5,Patna,725.0,2,2,3500000
Multistorey Apartment,Unfurnished,2.0,East,4,Patna,1000.0,3,2,7200000
Multistorey Apartment,Unfurnished,4.0,Unknown,4,Patna,950.0,3,2,7500000
Multistorey Apartment,Unfurnished,2.0,Unknown,3,Patna,1000.0,2,2,5115000
Residential House,Unfurnished,1.0,East,3,Patna,1000.0,6,3,15500000
Multistorey Apartment,Unfurnished,6.0,North - East,6,Patna,768.0,2,2,3552000
Multistorey Apartment,Unfurnished,5.0,East,7,Patna,1000.0,3,3,8000000
Multistorey Apartment,Semi-Furnished,1.0,East,3,Patna,739.0,2,2,4160000
Multistorey Apartment,Unfurnished,1.0,Unknown,4,Patna,1400.0,3,2,10320000
Residential House,Semi-Furnished,0.0,North - East,1,Patna,2000.0,4,3,52500000
Multistorey Apartment,Unfurnished,3.0,Unknown,4,Patna,1118.0,3,2,6700000
Multistorey Apartment,Unfurnished,2.0,East,5,Patna,1125.0,3,2,7500000
Multistorey Apartment,Unfurnished,2.0,East,4,Patna,900.0,2,2,7500000
Multistorey Apartment,Unfurnished,2.0,Unknown,6,Patna,1000.0,3,2,6633120
Multistorey Apartment,Unfurnished,2.0,Unknown,7,Patna,736.0,2,2,6743000
Multistorey Apartment,Semi-Furnished,2.0,East,4,Patna,974.0,3,2,7145555
Multistorey Apartment,Semi-Furnished,2.0,East,7,Patna,1600.0,3,3,15025000
Multistorey Apartment,Semi-Furnished,6.0,East,6,Patna,1200.0,3,2,13000000
Multistorey Apartment,Semi-Furnished,2.0,Unknown,2,Patna,1160.0,3,2,5500000
Multistorey Apartment,Unfurnished,3.0,West,6,Patna,1250.0,3,3,14000000
Residential House,Semi-Furnished,2.0,East,3,Patna,1600.0,5,4,21000000
Multistorey Apartment,Semi-Furnished,7.0,East,10,Patna,1625.0,3,2,16000000
Multistorey Apartment,Semi-Furnished,4.0,East,4,Patna,1000.0,3,2,6330000
Multistorey Apartment,Semi-Furnished,3.0,East,6,Patna,1600.0,3,2,11000000
Multistorey Apartment,Unfurnished,4.0,East,7,Patna,1000.0,3,2,8600000
Multistorey Apartment,Unfurnished,7.0,West,7,Patna,1000.0,5,4,8800000
Multistorey Apartment,Unfurnished,1.0,East,4,Patna,888.0,3,2,10000000
Multistorey Apartment,Furnished,0.0,Unknown,3,Patna,900.0,3,2,6500000
Multistorey Apartment,Unfurnished,4.0,North,4,Patna,1000.0,2,2,7100000
Multistorey Apartment,Unfurnished,1.0,East,4,Patna,737.0,2,2,5200000
Multistorey Apartment,Unfurnished,2.0,Unknown,4,Patna,1000.0,3,2,5011200
Multistorey Apartment,Unfurnished,3.0,South,5,Patna,1350.0,3,2,15000000
Multistorey Apartment,Semi-Furnished,2.0,Unknown,10,Patna,1000.0,2,2,7095000
Multistorey Apartment,Unfurnished,4.0,East,4,Patna,1066.0,3,2,7400000
Multistorey Apartment,Semi-Furnished,2.0,Unknown,4,Patna,1000.0,4,4,16534000
Multistorey Apartment,Semi-Furnished,2.0,Unknown,4,Patna,1000.0,4,2,9500000
Multistorey Apartment,Semi-Furnished,2.0,Unknown,7,Patna,1000.0,2,2,3675000
Multistorey Apartment,Unfurnished,2.0,Unknown,7,Patna,1000.0,3,3,12709900
Multistorey Apartment,Semi-Furnished,2.0,Unknown,6,Patna,1000.0,3,2,9900000
Multistorey Apartment,Semi-Furnished,2.0,Unknown,17,Patna,1000.0,3,3,8820000
Multistorey Apartment,Unfurnished,2.0,Unknown,4,Patna,1000.0,3,2,11356000
Multistorey Apartment,Semi-Furnished,2.0,Unknown,17,Patna,1000.0,3,2,8375400
Multistorey Apartment,Semi-Furnished,14.0,South - East,15,Patna,1413.0,4,3,12935000
Multistorey Apartment,Unfurnished,4.0,East,11,Patna,1000.0,2,2,5250000
Multistorey Apartment,Unfurnished,1.0,East,7,Patna,850.0,2,2,7560000
Multistorey Apartment,Unfurnished,3.0,North - East,3,Patna,1000.0,3,2,6900000
Multistorey Apartment,Furnished,5.0,Unknown,6,Patna,800.0,2,2,6400000
Multistorey Apartment,Unfurnished,4.0,Unknown,4,Patna,1100.0,3,2,7560000
Multistorey Apartment,Furnished,2.0,South - East,4,Patna,1050.0,2,2,7000000
Multistorey Apartment,Semi-Furnished,0.0,South - East,5,Patna,1119.0,3,3,11500000
Multistorey Apartment,Unfurnished,2.0,East,12,Patna,957.0,3,2,7530200
Multistorey Apartment,Furnished,5.0,Unknown,5,Patna,1200.0,3,2,6000000
Multistorey Apartment,Unfurnished,3.0,North - East,4,Patna,1000.0,2,2,5606400
Multistorey Apartment,Unfurnished,2.0,Unknown,4,Patna,1000.0,3,3,8209500
Multistorey Apartment,Semi-Furnished,5.0,North - East,5,Patna,829.0,2,2,6506500
Multistorey Apartment,Unfurnished,2.0,Unknown,7,Patna,1000.0,3,2,8101600
Multistorey Apartment,Unfurnished,2.0,East,6,Patna,1000.0,3,3,7557000
Multistorey Apartment,Unknown,2.0,Unknown,4,Patna,1000.0,2,2,350000
Multistorey Apartment,Unfurnished,2.0,Unknown,7,Patna,1000.0,3,2,800000
Multistorey Apartment,Unfurnished,2.0,East,3,Patna,1000.0,3,2,5525000
Multistorey Apartment,Unfurnished,2.0,North,6,Patna,790.0,2,2,6500000
Residential House,Unfurnished,1.0,North,1,Patna,1000.0,3,2,20000000
Multistorey Apartment,Semi-Furnished,2.0,Unknown,4,Patna,1000.0,3,2,3500000
Multistorey Apartment,Furnished,2.0,Unknown,4,Patna,1172.0,3,2,3500000
Multistorey Apartment,Semi-Furnished,1.0,East,3,Patna,1376.0,3,3,11800000
Multistorey Apartment,Semi-Furnished,2.0,Unknown,4,Patna,1000.0,2,2,6325000
Multistorey Apartment,Semi-Furnished,2.0,Unknown,4,Patna,1000.0,1,1,2290000
Multistorey Apartment,Furnished,4.0,North - East,4,Patna,1000.0,3,2,9500000
Multistorey Apartment,Furnished,4.0,Unknown,5,Patna,1000.0,3,2,8000000
Multistorey Apartment,Semi-Furnished,6.0,Unknown,7,Patna,1000.0,3,3,7500000
Multistorey Apartment,Unfurnished,1.0,Unknown,3,Patna,1000.0,3,2,8500000
Builder Floor Apartment,Unfurnished,2.0,Unknown,4,Patna,1000.0,2,2,5100000
Builder Floor Apartment,Unfurnished,1.0,Unknown,3,Patna,1000.0,2,2,5000000
Builder Floor Apartment,Semi-Furnished,2.0,Unknown,3,Patna,1000.0,1,1,1800000
Multistorey Apartment,Semi-Furnished,5.0,Unknown,6,Patna,1100.0,3,2,6500000
Multistorey Apartment,Unfurnished,1.0,Unknown,5,Patna,1027.0,2,2,8000000
Multistorey Apartment,Unfurnished,4.0,Unknown,6,Patna,1000.0,2,2,4000000
Multistorey Apartment,Furnished,4.0,Unknown,4,Patna,1000.0,3,2,4000000
Builder Floor Apartment,Furnished,3.0,Unknown,4,Patna,1000.0,2,2,7200000
Villa,Furnished,2.0,Unknown,2,Patna,1000.0,4,2,8000000
Multistorey Apartment,Semi-Furnished,2.0,East,3,Patna,1000.0,2,1,3000000
Multistorey Apartment,Unfurnished,0.0,East,4,Patna,1100.0,3,2,9200000
Multistorey Apartment,Unfurnished,6.0,Unknown,6,Patna,1294.0,3,2,8000000
Builder Floor Apartment,Unfurnished,1.0,Unknown,3,Patna,1000.0,3,2,4300000
Multistorey Apartment,Unfurnished,8.0,Unknown,10,Patna,1000.0,2,2,8000000
Residential House,Furnished,0.0,North - East,1,Patna,1000.0,2,3,20000000
Multistorey Apartment,Unfurnished,0.0,Unknown,3,Patna,955.0,2,2,5000000
Multistorey Apartment,Unfurnished,2.0,Unknown,7,Patna,1500.0,3,2,6000000
Builder Floor Apartment,Semi-Furnished,1.0,Unknown,5,Patna,1000.0,1,1,2000000
Multistorey Apartment,Furnished,3.0,Unknown,4,Patna,1000.0,2,2,5100000
Residential House,Unfurnished,2.0,East,2,Patna,7000.0,10,5,70000000
Multistorey Apartment,Semi-Furnished,4.0,East,5,Patna,1000.0,2,2,3500000
Multistorey Apartment,Unfurnished,2.0,Unknown,4,Patna,1190.0,3,3,7500000
Multistorey Apartment,Semi-Furnished,2.0,North - East,4,Patna,1050.0,3,3,7500000
Multistorey Apartment,Unfurnished,4.0,West,4,Patna,1150.0,3,2,8000000
Multistorey Apartment,Furnished,2.0,Unknown,4,Patna,1000.0,3,3,6500000
Multistorey Apartment,Unfurnished,4.0,East,7,Patna,1200.0,3,2,6750000
Multistorey Apartment,Unfurnished,8.0,East,10,Patna,1160.0,3,2,8100000
Multistorey Apartment,Unfurnished,4.0,Unknown,4,Patna,1450.0,3,2,4800000
Multistorey Apartment,Semi-Furnished,2.0,Unknown,2,Patna,1000.0,2,1,2900000
Multistorey Apartment,Semi-Furnished,4.0,Unknown,5,Patna,1000.0,4,2,15000000
Multistorey Apartment,Semi-Furnished,1.0,West,5,Patna,1000.0,2,2,7100000
Multistorey Apartment,Unfurnished,3.0,North,6,Patna,1550.0,3,2,11500000
Multistorey Apartment,Semi-Furnished,6.0,Unknown,7,Patna,1600.0,3,2,11000000
Multistorey Apartment,Unfurnished,1.0,West,5,Patna,1000.0,2,2,6000000
Builder Floor Apartment,Furnished,4.0,Unknown,6,Patna,1000.0,2,1,2900000
Multistorey Apartment,Unfurnished,2.0,Unknown,5,Patna,1000.0,2,2,4500000
Residential House,Furnished,0.0,Unknown,3,Patna,1000.0,4,3,17500000
Residential House,Unfurnished,1.0,East,2,Patna,900.0,3,3,15000000
Residential House,Unfurnished,2.0,East,2,Patna,1000.0,7,4,12500000
Multistorey Apartment,Unfurnished,3.0,Unknown,4,Patna,1000.0,2,2,5700000
Multistorey Apartment,Semi-Furnished,4.0,North - East,4,Patna,1000.0,2,2,5000000
Multistorey Apartment,Unfurnished,1.0,West,6,Patna,1000.0,2,2,3500000
Multistorey Apartment,Unfurnished,1.0,North - West,4,Patna,1200.0,3,2,7600000
Multistorey Apartment,Unfurnished,2.0,Unknown,3,Patna,961.0,2,2,7000000
Multistorey Apartment,Unfurnished,2.0,Unknown,6,Patna,1300.0,3,2,6500000
Multistorey Apartment,Semi-Furnished,2.0,East,3,Patna,1200.0,3,2,8500000
Multistorey Apartment,Semi-Furnished,3.0,East,5,Patna,850.0,2,2,6000000
Multistorey Apartment,Unfurnished,3.0,Unknown,7,Patna,1000.0,3,2,2700000
Multistorey Apartment,Semi-Furnished,3.0,South - East,6,Patna,1130.0,3,3,4500000
Residential House,Unfurnished,1.0,South,1,Patna,1000.0,2,2,8500000
Residential House,Unfurnished,0.0,South,1,Patna,1500.0,4,4,18000000
Residential House,Furnished,0.0,South - East,1,Patna,2600.0,6,4,60000000
Residential House,Unfurnished,1.0,Unknown,2,Patna,1000.0,3,3,5400000
Multistorey Apartment,Semi-Furnished,3.0,South -West,4,Patna,1000.0,3,2,6000000
Multistorey Apartment,Unfurnished,1.0,East,6,Patna,1000.0,3,2,10000000
Residential House,Furnished,4.0,East,4,Patna,2200.0,6,5,40000000
Multistorey Apartment,Unfurnished,3.0,Unknown,4,Patna,1037.0,3,2,8000000
Multistorey Apartment,Semi-Furnished,4.0,North,4,Patna,1000.0,2,2,8500000
Multistorey Apartment,Unfurnished,2.0,East,4,Patna,1000.0,3,2,6500000
Multistorey Apartment,Semi-Furnished,7.0,Unknown,8,Patna,1000.0,2,2,9000000
Multistorey Apartment,Unfurnished,4.0,East,5,Patna,1000.0,3,2,7684600
Multistorey Apartment,Unfurnished,3.0,Unknown,7,Patna,1000.0,2,2,4000000
Multistorey Apartment,Semi-Furnished,3.0,Unknown,5,Patna,661.0,2,1,3000000
Multistorey Apartment,Furnished,2.0,West,5,Patna,1074.0,3,2,3600000
Multistorey Apartment,Unknown,2.0,Unknown,4,Patna,1000.0,3,2,7500000
Villa,Unfurnished,2.0,Unknown,1,Patna,1000.0,3,3,8000000
Multistorey Apartment,Unfurnished,3.0,North,6,Patna,750.0,2,2,5500000
Multistorey Apartment,Unfurnished,1.0,East,4,Patna,1000.0,3,2,4800000
Multistorey Apartment,Unfurnished,1.0,Unknown,4,Patna,1000.0,3,2,8500000
Residential House,Unfurnished,1.0,East,2,Patna,1000.0,3,2,11100000
Residential House,Semi-Furnished,2.0,Unknown,2,Patna,450.0,2,2,7500000
Multistorey Apartment,Semi-Furnished,5.0,Unknown,6,Patna,1000.0,2,2,6000000
Residential House,Semi-Furnished,0.0,Unknown,4,Patna,1000.0,6,6,33350000
Multistorey Apartment,Unfurnished,1.0,Unknown,4,Patna,850.0,3,2,6500000
Multistorey Apartment,Unfurnished,1.0,East,5,Patna,1000.0,3,3,6000000
Multistorey Apartment,Semi-Furnished,1.0,East,3,Patna,1100.0,3,2,7500000
Multistorey Apartment,Furnished,2.0,Unknown,4,Patna,1100.0,3,2,5800000
Multistorey Apartment,Unfurnished,6.0,Unknown,7,Patna,770.0,2,2,5600000
Multistorey Apartment,Unfurnished,3.0,East,3,Patna,960.0,2,2,4000000
Multistorey Apartment,Semi-Furnished,5.0,East,5,Patna,250.0,2,2,4700000
Residential House,Unfurnished,0.0,Unknown,2,Patna,1000.0,5,2,8500000
Residential House,Furnished,0.0,Unknown,3,Patna,1000.0,3,2,13000000
Residential House,Unfurnished,0.0,Unknown,4,Patna,1000.0,8,4,75000000
Builder Floor Apartment,Unfurnished,4.0,Unknown,5,Patna,1000.0,3,2,5000000
Builder Floor Apartment,Unfurnished,3.0,Unknown,3,Patna,1000.0,2,2,5000000
Residential House,Furnished,0.0,Unknown,2,Patna,1000.0,7,2,110000000
Multistorey Apartment,Unfurnished,8.0,Unknown,10,Patna,1110.0,2,2,10000000
Multistorey Apartment,Unfurnished,6.0,West,6,Patna,1000.0,2,2,7000000
Multistorey Apartment,Unfurnished,4.0,East,4,Patna,1100.0,2,2,6000000
Multistorey Apartment,Furnished,1.0,North,3,Patna,1000.0,3,2,8200000
Villa,Furnished,2.0,Unknown,2,Patna,1000.0,2,2,4500000
Residential House,Unfurnished,0.0,Unknown,3,Patna,1000.0,5,3,6000000
Multistorey Apartment,Unfurnished,1.0,South - East,6,Patna,900.0,3,2,5000000
Multistorey Apartment,Semi-Furnished,1.0,East,6,Patna,1585.0,3,2,8100000
Multistorey Apartment,Semi-Furnished,3.0,Unknown,7,Patna,1000.0,2,2,5472500
Multistorey Apartment,Semi-Furnished,0.0,Unknown,4,Patna,600.0,2,2,3500000
Multistorey Apartment,Semi-Furnished,4.0,North - East,4,Patna,650.0,1,1,5000000
Residential House,Unfurnished,3.0,Unknown,3,Patna,1000.0,3,2,25000000
Multistorey Apartment,Unfurnished,2.0,North - East,6,Patna,945.0,3,2,7990000
Residential House,Unfurnished,1.0,Unknown,4,Patna,1000.0,6,6,12500000
Multistorey Apartment,Unknown,2.0,West,4,Patna,1000.0,2,2,4920000
Multistorey Apartment,Unfurnished,4.0,Unknown,5,Patna,1000.0,1,2,4000000
Multistorey Apartment,Semi-Furnished,1.0,East,6,Patna,1000.0,3,2,15000000
Residential House,Semi-Furnished,2.0,East,2,Patna,1440.0,5,2,7500000
Multistorey Apartment,Semi-Furnished,1.0,South - East,4,Patna,1000.0,2,2,4500000
Multistorey Apartment,Unfurnished,2.0,East,2,Patna,960.0,3,2,7200000
Multistorey Apartment,Semi-Furnished,1.0,Unknown,6,Patna,930.0,2,2,8000000
Multistorey Apartment,Semi-Furnished,5.0,East,8,Patna,1094.0,3,2,4800000
Multistorey Apartment,Semi-Furnished,3.0,Unknown,5,Patna,1080.0,3,2,8000000
Multistorey Apartment,Semi-Furnished,1.0,East,5,Patna,1000.0,2,2,7800000
Residential House,Semi-Furnished,2.0,Unknown,2,Patna,450.0,2,1,2500000
Residential House,Unfurnished,2.0,Unknown,4,Patna,1000.0,3,2,25000000
Multistorey Apartment,Furnished,5.0,Unknown,6,Patna,726.0,2,2,4500000
Multistorey Apartment,Unfurnished,1.0,Unknown,4,Patna,1100.0,3,3,8000000
Multistorey Apartment,Unfurnished,1.0,Unknown,4,Patna,1516.0,3,2,10096000
Multistorey Apartment,Semi-Furnished,0.0,Unknown,5,Patna,808.0,2,2,5385000
Multistorey Apartment,Furnished,4.0,Unknown,5,Patna,1000.0,1,2,5000000
Residential House,Semi-Furnished,0.0,Unknown,1,Patna,1000.0,5,2,5000000
Multistorey Apartment,Semi-Furnished,1.0,East,4,Patna,893.0,3,2,6500000
Multistorey Apartment,Unfurnished,3.0,North,7,Patna,1000.0,3,2,9500000
Residential House,Unfurnished,0.0,Unknown,3,Patna,1000.0,3,3,10000000
Multistorey Apartment,Semi-Furnished,4.0,North,15,Patna,1000.0,4,4,13000000
Multistorey Apartment,Unfurnished,2.0,Unknown,4,Patna,1000.0,3,2,6300000
Builder Floor Apartment,Furnished,2.0,North,4,Patna,1250.0,3,3,12500000
Multistorey Apartment,Unknown,2.0,Unknown,4,Patna,1000.0,3,2,7100000
Multistorey Apartment,Semi-Furnished,5.0,Unknown,10,Patna,1000.0,2,2,7000000
Multistorey Apartment,Unfurnished,1.0,Unknown,4,Patna,1000.0,3,2,6400000
Residential House,Unfurnished,2.0,Unknown,2,Patna,900.0,3,3,15100000
Multistorey Apartment,Semi-Furnished,2.0,North,36,Patna,1120.0,3,2,8600000
Multistorey Apartment,Unfurnished,1.0,West,5,Patna,1615.0,3,3,9500000
Multistorey Apartment,Semi-Furnished,1.0,East,3,Patna,1200.0,3,3,6000000
Multistorey Apartment,Unfurnished,1.0,Unknown,10,Patna,1000.0,2,2,5100000
Multistorey Apartment,Semi-Furnished,4.0,Unknown,5,Patna,1100.0,2,2,8200000
Multistorey Apartment,Unfurnished,1.0,Unknown,6,Patna,900.0,2,2,6000000
Multistorey Apartment,Semi-Furnished,6.0,Unknown,6,Patna,1000.0,3,3,7500000
Multistorey Apartment,Unfurnished,2.0,Unknown,4,Patna,1000.0,2,2,5500000
Multistorey Apartment,Unfurnished,1.0,Unknown,6,Patna,1000.0,2,2,6000000
Multistorey Apartment,Furnished,3.0,Unknown,3,Patna,1000.0,4,3,8000000
Multistorey Apartment,Unfurnished,3.0,East,3,Patna,750.0,2,2,5280000
Multistorey Apartment,Unfurnished,4.0,Unknown,5,Patna,1000.0,3,2,8600000
Multistorey Apartment,Unfurnished,2.0,Unknown,3,Patna,1000.0,3,2,5700000
Multistorey Apartment,Semi-Furnished,2.0,North - East,5,Patna,1450.0,3,2,7500000
Multistorey Apartment,Unfurnished,1.0,Unknown,4,Patna,950.0,2,2,5000000
Residential House,Furnished,2.0,North - East,5,Patna,2000.0,5,3,1900000
Residential House,Semi-Furnished,2.0,Unknown,2,Patna,1000.0,8,5,110000000
Residential House,Furnished,2.0,Unknown,2,Patna,3953.0,7,6,57500000
Villa,Furnished,2.0,Unknown,1,Patna,2040.0,2,2,24000000
Multistorey Apartment,Unfurnished,2.0,East,4,Patna,1320.0,3,2,6451000
Multistorey Apartment,Semi-Furnished,3.0,Unknown,5,Patna,1000.0,2,2,5000000
Multistorey Apartment,Unfurnished,1.0,Unknown,5,Patna,1000.0,3,2,7200000
Multistorey Apartment,Unfurnished,4.0,Unknown,8,Patna,1100.0,3,3,8100000
Multistorey Apartment,Semi-Furnished,5.0,North - East,5,Patna,1000.0,3,2,5400000
Residential House,Semi-Furnished,2.0,East,2,Patna,1000.0,4,4,13000000
Multistorey Apartment,Unfurnished,6.0,South,6,Patna,1000.0,3,2,12500000
Multistorey Apartment,Semi-Furnished,2.0,North - East,4,Patna,864.0,3,2,6251000
Multistorey Apartment,Unfurnished,3.0,North - East,5,Patna,1150.0,2,2,6500000
Builder Floor Apartment,Unfurnished,2.0,Unknown,5,Patna,1000.0,2,1,4500000
Multistorey Apartment,Semi-Furnished,2.0,Unknown,4,Patna,750.0,2,2,6500000
Residential House,Furnished,2.0,Unknown,1,Patna,990.0,3,2,5500000
Multistorey Apartment,Semi-Furnished,1.0,South - East,8,Patna,1000.0,3,2,13700000
Multistorey Apartment,Unfurnished,0.0,North - East,3,Patna,1000.0,3,2,7000000
Multistorey Apartment,Unfurnished,4.0,North,6,Patna,1000.0,3,2,10000000
Multistorey Apartment,Semi-Furnished,1.0,Unknown,4,Patna,780.0,2,2,5500000
Residential House,Unknown,2.0,Unknown,4,Patna,4000.0,3,2,35000000
Multistorey Apartment,Unfurnished,5.0,Unknown,7,Patna,1123.0,3,3,9000000
Multistorey Apartment,Unfurnished,3.0,Unknown,5,Patna,1000.0,3,2,7800000
Multistorey Apartment,Unfurnished,6.0,Unknown,7,Patna,1000.0,3,3,7800000
Multistorey Apartment,Furnished,4.0,West,4,Patna,1080.0,2,2,12500000
Multistorey Apartment,Semi-Furnished,3.0,Unknown,6,Patna,1045.0,3,2,7400000
Multistorey Apartment,Unfurnished,3.0,North - East,5,Patna,1080.0,2,2,6721000
Multistorey Apartment,Semi-Furnished,4.0,North - East,6,Patna,1145.0,2,2,5800000
Multistorey Apartment,Unfurnished,3.0,North - East,3,Patna,1100.0,3,2,8200000
Multistorey Apartment,Unfurnished,8.0,East,10,Patna,1000.0,3,2,5100000
Residential House,Unfurnished,0.0,Unknown,1,Patna,1000.0,4,3,8600000
Multistorey Apartment,Furnished,2.0,Unknown,3,Patna,900.0,3,2,3900000
Residential House,Furnished,0.0,Unknown,1,Patna,1000.0,4,2,7000051
Multistorey Apartment,Semi-Furnished,4.0,North - West,5,Patna,1000.0,3,2,9700000
Multistorey Apartment,Semi-Furnished,2.0,Unknown,4,Patna,986.0,3,2,5500000
Multistorey Apartment,Unfurnished,6.0,South,7,Patna,1000.0,3,3,11700000
Multistorey Apartment,Unfurnished,2.0,East,5,Patna,1300.0,3,2,8300000
Multistorey Apartment,Unfurnished,3.0,North - East,5,Patna,1000.0,3,2,6400000
Multistorey Apartment,Unfurnished,3.0,Unknown,7,Patna,1000.0,3,2,6500000
Multistorey Apartment,Unfurnished,3.0,East,4,Patna,1000.0,2,2,6500000
Multistorey Apartment,Semi-Furnished,4.0,East,8,Patna,1177.0,3,3,9700000
Residential House,Furnished,3.0,Unknown,3,Patna,1000.0,8,3,7800000
Builder Floor Apartment,Semi-Furnished,3.0,Unknown,6,Patna,1000.0,2,2,6000000
Multistorey Apartment,Semi-Furnished,3.0,Unknown,4,Patna,1180.0,3,2,8000000
Builder Floor Apartment,Semi-Furnished,4.0,Unknown,5,Patna,1000.0,3,2,7500000
Multistorey Apartment,Semi-Furnished,1.0,East,3,Patna,1500.0,3,2,9500000
Residential House,Furnished,0.0,Unknown,1,Patna,1000.0,2,2,9000000
Builder Floor Apartment,Unfurnished,1.0,Unknown,5,Patna,1000.0,2,2,4200000
Multistorey Apartment,Furnished,3.0,Unknown,5,Patna,1500.0,3,3,15000000
Multistorey Apartment,Semi-Furnished,2.0,Unknown,6,Patna,1000.0,2,2,6600000
Residential House,Semi-Furnished,0.0,Unknown,3,Patna,1000.0,7,5,15000000
Multistorey Apartment,Semi-Furnished,3.0,South - East,3,Patna,950.0,2,2,5600000
Builder Floor Apartment,Furnished,3.0,South,5,Patna,955.0,3,3,10500000
Residential House,Furnished,2.0,Unknown,4,Patna,1300.0,3,2,31500000
Multistorey Apartment,Unfurnished,1.0,Unknown,3,Patna,1800.0,3,3,12000000
Multistorey Apartment,Unfurnished,4.0,Unknown,8,Patna,1000.0,3,2,8500000
Multistorey Apartment,Unfurnished,4.0,East,7,Patna,1206.0,3,2,8371300
Multistorey Apartment,Unfurnished,0.0,Unknown,5,Patna,733.0,2,2,5535000
Residential House,Furnished,0.0,Unknown,1,Patna,1000.0,4,2,25000000
Multistorey Apartment,Unfurnished,5.0,North - East,6,Patna,1000.0,3,3,6200000
Builder Floor Apartment,Furnished,3.0,Unknown,4,Patna,1000.0,3,3,6500000
Multistorey Apartment,Unfurnished,1.0,Unknown,4,Patna,1000.0,2,2,6597500
Multistorey Apartment,Unfurnished,6.0,East,6,Patna,1200.0,3,2,9200000
Multistorey Apartment,Semi-Furnished,2.0,Unknown,5,Patna,1000.0,2,2,6600000
Multistorey Apartment,Semi-Furnished,0.0,South - East,7,Patna,1600.0,3,3,6000000
Multistorey Apartment,Unfurnished,3.0,Unknown,7,Patna,1000.0,2,2,2800000
Multistorey Apartment,Semi-Furnished,2.0,East,7,Patna,1680.0,3,3,10000000
Multistorey Apartment,Unfurnished,7.0,East,10,Patna,1000.0,3,2,9800000
Multistorey Apartment,Semi-Furnished,1.0,Unknown,4,Patna,1100.0,3,2,7000000
Builder Floor Apartment,Semi-Furnished,2.0,Unknown,4,Patna,1000.0,3,3,6600000
Multistorey Apartment,Unfurnished,8.0,East,10,Patna,1000.0,3,2,8500000
Multistorey Apartment,Furnished,1.0,North - East,6,Patna,850.0,2,1,3800000
Multistorey Apartment,Unfurnished,3.0,North,4,Patna,800.0,2,2,4650000
Builder Floor Apartment,Unfurnished,1.0,Unknown,5,Patna,1000.0,2,2,5500000
Multistorey Apartment,Semi-Furnished,2.0,North - East,5,Patna,950.0,3,2,8500000
Multistorey Apartment,Furnished,6.0,Unknown,7,Patna,1000.0,2,2,4280000
Multistorey Apartment,Unfurnished,5.0,Unknown,4,Patna,1000.0,2,2,3700000
Multistorey Apartment,Furnished,2.0,East,3,Patna,980.0,3,2,7300000
Multistorey Apartment,Semi-Furnished,1.0,Unknown,6,Patna,1657.0,3,2,30000000
Multistorey Apartment,Semi-Furnished,0.0,Unknown,5,Patna,1000.0,3,3,5775000
Multistorey Apartment,Semi-Furnished,8.0,Unknown,14,Patna,1120.0,3,2,11000000
Multistorey Apartment,Unfurnished,1.0,West,4,Patna,800.0,2,2,6000000
Multistorey Apartment,Unfurnished,3.0,South,6,Patna,650.0,2,2,7200000
Multistorey Apartment,Furnished,2.0,Unknown,5,Patna,1000.0,3,2,4600000
Multistorey Apartment,Unknown,2.0,Unknown,4,Patna,1000.0,2,2,6500000
Builder Floor Apartment,Unfurnished,3.0,Unknown,6,Patna,1000.0,3,2,6000000
Multistorey Apartment,Furnished,1.0,Unknown,5,Patna,1000.0,3,2,9000000
Multistorey Apartment,Semi-Furnished,2.0,Unknown,5,Patna,1250.0,3,3,5500000
Multistorey Apartment,Unfurnished,2.0,Unknown,5,Patna,1000.0,2,2,5500000
Multistorey Apartment,Furnished,3.0,Unknown,6,Patna,780.0,3,2,7000000
Residential House,Furnished,1.0,Unknown,2,Patna,1000.0,2,2,4000000
Multistorey Apartment,Unfurnished,1.0,Unknown,3,Patna,1000.0,3,2,4860000
Multistorey Apartment,Unfurnished,1.0,South - East,5,Patna,1090.0,2,2,9000000
Multistorey Apartment,Furnished,6.0,Unknown,6,Patna,1000.0,3,2,8700000
Multistorey Apartment,Semi-Furnished,3.0,Unknown,4,Patna,1000.0,3,3,7500000
Villa,Semi-Furnished,2.0,Unknown,2,Patna,536.0,2,1,10000000
Multistorey Apartment,Semi-Furnished,1.0,East,4,Patna,992.0,2,2,5500000
Builder Floor Apartment,Unfurnished,3.0,East,4,Patna,1000.0,3,2,7000000
Multistorey Apartment,Semi-Furnished,3.0,Unknown,4,Patna,1000.0,3,2,6000000
Builder Floor Apartment,Semi-Furnished,3.0,Unknown,4,Patna,1000.0,2,2,5500000
Multistorey Apartment,Unfurnished,2.0,North - West,2,Patna,1400.0,3,2,10000000
Multistorey Apartment,Semi-Furnished,1.0,Unknown,6,Patna,1561.0,3,3,10000000
Multistorey Apartment,Unfurnished,3.0,Unknown,5,Patna,1000.0,2,2,5200000
Residential House,Furnished,2.0,Unknown,2,Patna,1200.0,4,2,9000000
Multistorey Apartment,Unfurnished,3.0,Unknown,4,Patna,1500.0,3,3,8500000
Multistorey Apartment,Unfurnished,2.0,East,5,Patna,1000.0,3,2,8000000
Builder Floor Apartment,Semi-Furnished,2.0,East,5,Patna,1400.0,3,3,11000000
Residential House,Semi-Furnished,2.0,Unknown,3,Patna,1000.0,3,8,90000000
Multistorey Apartment,Furnished,1.0,Unknown,4,Patna,1150.0,2,2,7500000
Multistorey Apartment,Unfurnished,6.0,South - East,4,Patna,950.0,2,2,5000000
Multistorey Apartment,Semi-Furnished,6.0,Unknown,6,Patna,1000.0,3,2,6500000
Multistorey Apartment,Semi-Furnished,5.0,Unknown,6,Patna,1000.0,3,2,7500000
Multistorey Apartment,Semi-Furnished,4.0,North - East,7,Patna,831.0,2,2,4600000
Multistorey Apartment,Semi-Furnished,6.0,Unknown,8,Patna,1000.0,3,2,6400000
Multistorey Apartment,Unfurnished,2.0,Unknown,4,Patna,1000.0,3,2,8500000
Multistorey Apartment,Semi-Furnished,3.0,Unknown,5,Patna,1000.0,3,3,4000000
Multistorey Apartment,Unfurnished,2.0,Unknown,4,Patna,1000.0,2,2,4500000
Multistorey Apartment,Semi-Furnished,2.0,East,4,Patna,1542.0,3,2,8904000
Builder Floor Apartment,Unfurnished,3.0,Unknown,4,Patna,1000.0,2,2,6000000
Builder Floor Apartment,Unfurnished,1.0,North - East,6,Patna,945.0,3,2,46680000
Multistorey Apartment,Unfurnished,5.0,Unknown,5,Patna,1000.0,2,2,4800000
Residential House,Furnished,3.0,Unknown,3,Patna,1000.0,6,7,25000000
Multistorey Apartment,Furnished,3.0,Unknown,3,Patna,960.0,2,2,8500000
Multistorey Apartment,Semi-Furnished,3.0,West,4,Patna,1000.0,3,2,7000000
Multistorey Apartment,Furnished,3.0,Unknown,5,Patna,1000.0,2,2,5500000
Multistorey Apartment,Unfurnished,2.0,South -West,5,Patna,1060.0,3,2,14500000
Multistorey Apartment,Unfurnished,4.0,North - East,5,Patna,1000.0,3,2,8200000
Multistorey Apartment,Unfurnished,1.0,Unknown,3,Patna,820.0,3,2,6100000
Villa,Unfurnished,2.0,East,1,Patna,750.0,3,2,2500000
Residential House,Unfurnished,0.0,Unknown,1,Patna,2000.0,2,1,30000000
Builder Floor Apartment,Semi-Furnished,4.0,Unknown,6,Patna,1000.0,2,2,100000
Multistorey Apartment,Unfurnished,1.0,East,4,Patna,1100.0,3,2,7500000
Multistorey Apartment,Unfurnished,1.0,Unknown,4,Patna,1200.0,3,2,5000000
Multistorey Apartment,Unfurnished,1.0,North - West,4,Patna,1100.0,2,3,10500000
Residential House,Unfurnished,0.0,Unknown,3,Patna,1000.0,8,5,6000000
Multistorey Apartment,Semi-Furnished,2.0,Unknown,4,Patna,1314.0,3,3,12200000
Residential House,Semi-Furnished,2.0,South,1,Patna,1000.0,2,2,17500000
Multistorey Apartment,Furnished,2.0,Unknown,4,Patna,1000.0,3,3,9000000
Builder Floor Apartment,Semi-Furnished,2.0,Unknown,4,Patna,1000.0,2,1,5000000
Multistorey Apartment,Furnished,1.0,North,4,Patna,1150.0,3,2,6500000
Multistorey Apartment,Unfurnished,1.0,East,5,Patna,1250.0,3,2,8200000
Multistorey Apartment,Unfurnished,2.0,Unknown,5,Patna,1000.0,3,2,8400000
Residential House,Semi-Furnished,1.0,Unknown,1,Patna,900.0,4,1,5000000
Builder Floor Apartment,Unfurnished,2.0,Unknown,5,Patna,1000.0,3,2,5330000
Villa,Unfurnished,2.0,West,2,Patna,5800.0,6,5,42500000
Multistorey Apartment,Unfurnished,2.0,Unknown,7,Patna,1000.0,3,2,9500000
Multistorey Apartment,Semi-Furnished,3.0,Unknown,3,Patna,1000.0,4,3,10000000
Multistorey Apartment,Semi-Furnished,4.0,East,4,Patna,1400.0,3,2,7500000
Multistorey Apartment,Semi-Furnished,3.0,Unknown,6,Patna,1000.0,2,2,11000000
Multistorey Apartment,Unfurnished,3.0,South - East,7,Patna,1155.0,3,2,6385000
Multistorey Apartment,Unfurnished,2.0,Unknown,3,Patna,1500.0,3,3,7900000
Multistorey Apartment,Unfurnished,4.0,Unknown,5,Patna,1000.0,2,2,8000000
Residential House,Unknown,2.0,Unknown,4,Patna,1000.0,2,2,500000
Multistorey Apartment,Unfurnished,1.0,Unknown,4,Patna,1000.0,3,2,7500000
Multistorey Apartment,Unfurnished,4.0,East,4,Patna,1000.0,2,2,4500000
Multistorey Apartment,Unfurnished,5.0,Unknown,5,Patna,1591.0,3,2,7500000
Multistorey Apartment,Unfurnished,3.0,South - East,4,Patna,1505.0,3,3,12500796
Builder Floor Apartment,Unknown,2.0,Unknown,4,Patna,1000.0,2,2,6597500
Multistorey Apartment,Semi-Furnished,4.0,Unknown,4,Patna,1100.0,3,2,7500000
Multistorey Apartment,Semi-Furnished,4.0,Unknown,4,Patna,1326.0,3,2,9500000
Multistorey Apartment,Semi-Furnished,1.0,East,4,Patna,965.0,2,2,5900000
Penthouse,Unfurnished,5.0,North,5,Patna,3500.0,4,3,25000000
Multistorey Apartment,Semi-Furnished,2.0,East,3,Patna,875.0,2,2,5000000
Multistorey Apartment,Unfurnished,1.0,North - East,4,Patna,1000.0,3,2,4250000
Builder Floor Apartment,Unfurnished,4.0,North,6,Patna,1000.0,3,2,10600000
Multistorey Apartment,Unfurnished,2.0,Unknown,3,Patna,1000.0,3,2,7500000
Multistorey Apartment,Semi-Furnished,3.0,North - West,8,Patna,1000.0,2,2,7500000
Multistorey Apartment,Semi-Furnished,2.0,Unknown,6,Patna,1400.0,3,2,6000000
Multistorey Apartment,Unfurnished,5.0,East,5,Patna,661.0,2,1,3700000
Multistorey Apartment,Semi-Furnished,4.0,East,5,Patna,1000.0,3,2,7500000
Multistorey Apartment,Semi-Furnished,1.0,Unknown,1,Patna,1000.0,3,2,5000000
Multistorey Apartment,Unknown,2.0,Unknown,4,Patna,1000.0,3,2,10000000
Multistorey Apartment,Semi-Furnished,4.0,Unknown,4,Patna,1000.0,2,2,5500000
Multistorey Apartment,Semi-Furnished,2.0,Unknown,4,Patna,1365.0,3,2,12200000
Multistorey Apartment,Semi-Furnished,1.0,Unknown,4,Patna,1000.0,2,2,4200000
Multistorey Apartment,Furnished,2.0,Unknown,4,Patna,1261.0,3,2,8021000
Builder Floor Apartment,Unfurnished,3.0,Unknown,6,Patna,1000.0,2,2,4785000
Residential House,Unfurnished,2.0,East,2,Patna,1700.0,6,5,27000000
Multistorey Apartment,Unfurnished,1.0,Unknown,4,Patna,1000.0,3,2,7000000
Multistorey Apartment,Semi-Furnished,2.0,North,3,Patna,1000.0,3,2,8322000
Multistorey Apartment,Unfurnished,6.0,Unknown,6,Patna,1000.0,3,2,7500000
Multistorey Apartment,Unfurnished,1.0,Unknown,4,Patna,630.0,2,2,4500000
Multistorey Apartment,Semi-Furnished,3.0,Unknown,4,Patna,1000.0,3,2,10000000
Multistorey Apartment,Unfurnished,2.0,East,5,Patna,1000.0,3,2,9800000
Multistorey Apartment,Unfurnished,3.0,North,6,Patna,673.0,3,2,3000009
Residential House,Semi-Furnished,2.0,Unknown,3,Patna,3600.0,7,5,20000000
Multistorey Apartment,Furnished,2.0,East,5,Patna,1000.0,3,2,7900000
Builder Floor Apartment,Semi-Furnished,4.0,Unknown,4,Patna,1000.0,3,2,6500000
Builder Floor Apartment,Unknown,2.0,Unknown,4,Patna,1000.0,2,2,6500000
Multistorey Apartment,Semi-Furnished,5.0,Unknown,6,Patna,1000.0,3,3,15000000
Multistorey Apartment,Unfurnished,3.0,East,4,Patna,890.0,2,2,6000000
Multistorey Apartment,Semi-Furnished,4.0,Unknown,6,Patna,1000.0,3,2,11000000
Multistorey Apartment,Semi-Furnished,1.0,East,3,Patna,1281.0,3,2,7000000
Multistorey Apartment,Unknown,2.0,Unknown,4,Patna,1000.0,2,2,4000000
Builder Floor Apartment,Unfurnished,4.0,Unknown,4,Patna,1000.0,3,2,4600000
Penthouse,Furnished,5.0,Unknown,5,Patna,1000.0,3,3,17000000
Multistorey Apartment,Semi-Furnished,4.0,Unknown,6,Patna,1100.0,2,2,6100000
Multistorey Apartment,Furnished,6.0,East,8,Patna,1350.0,3,2,20000000
Builder Floor Apartment,Semi-Furnished,1.0,Unknown,5,Patna,1000.0,2,2,6000000
Multistorey Apartment,Semi-Furnished,1.0,East,5,Patna,900.0,3,2,6682000
Multistorey Apartment,Unfurnished,4.0,East,8,Patna,1300.0,3,2,7500000
Multistorey Apartment,Unfurnished,2.0,Unknown,7,Patna,1000.0,2,2,5500000
Multistorey Apartment,Unfurnished,1.0,Unknown,4,Patna,950.0,2,2,5285000
Builder Floor Apartment,Unfurnished,3.0,Unknown,4,Patna,1000.0,3,2,5600000
Builder Floor Apartment,Unknown,2.0,Unknown,4,Patna,1000.0,2,2,3400000
Multistorey Apartment,Unknown,2.0,Unknown,4,Patna,1000.0,3,2,17000000
Multistorey Apartment,Unfurnished,2.0,West,4,Patna,1400.0,3,2,6800000
Builder Floor Apartment,Unfurnished,2.0,Unknown,4,Patna,1000.0,3,3,9200000
Multistorey Apartment,Semi-Furnished,3.0,North,7,Patna,1775.0,3,2,27335000
Multistorey Apartment,Unfurnished,3.0,Unknown,4,Patna,1000.0,2,1,3000000
Multistorey Apartment,Unfurnished,2.0,Unknown,3,Patna,1000.0,2,2,4500000
Multistorey Apartment,Unfurnished,4.0,South,5,Patna,1400.0,3,3,16500000
Multistorey Apartment,Unfurnished,3.0,East,4,Patna,937.0,3,2,6995400
Multistorey Apartment,Semi-Furnished,5.0,Unknown,14,Patna,1000.0,3,2,6750000
Multistorey Apartment,Furnished,6.0,South -West,11,Patna,1000.0,3,2,6200000
Multistorey Apartment,Unfurnished,6.0,Unknown,7,Patna,1000.0,2,2,5000000
Residential House,Unfurnished,1.0,Unknown,3,Patna,1000.0,6,4,20000000
Multistorey Apartment,Furnished,1.0,East,4,Patna,1000.0,2,2,5300000
Multistorey Apartment,Unfurnished,4.0,East,4,Patna,1250.0,3,2,9000000
Multistorey Apartment,Semi-Furnished,1.0,East,3,Patna,895.0,3,2,5000000
Multistorey Apartment,Unfurnished,2.0,Unknown,4,Patna,1000.0,2,2,5605600
Multistorey Apartment,Unfurnished,1.0,South,6,Patna,444.0,1,1,2053500
Multistorey Apartment,Semi-Furnished,-1.0,Unknown,6,Patna,1050.0,3,3,8000000
Multistorey Apartment,Unfurnished,2.0,North,4,Patna,1000.0,2,2,7000000
Multistorey Apartment,Unfurnished,4.0,North,4,Patna,1200.0,3,2,7000000
Multistorey Apartment,Unfurnished,3.0,Unknown,5,Patna,1000.0,3,2,10000000
Multistorey Apartment,Unfurnished,5.0,South,5,Patna,1116.0,2,2,7100000
Multistorey Apartment,Unfurnished,2.0,Unknown,4,Patna,1000.0,2,2,6500000
Builder Floor Apartment,Furnished,2.0,Unknown,5,Patna,1000.0,3,2,6500000
Multistorey Apartment,Furnished,4.0,Unknown,5,Patna,820.0,2,2,6100000
Multistorey Apartment,Furnished,2.0,Unknown,6,Patna,1000.0,3,2,8600000
Multistorey Apartment,Unfurnished,1.0,East,6,Patna,850.0,2,2,6000000
Multistorey Apartment,Semi-Furnished,2.0,East,4,Patna,1000.0,1,1,17500000
Multistorey Apartment,Semi-Furnished,2.0,Unknown,4,Patna,1000.0,2,2,4100000
Multistorey Apartment,Unfurnished,4.0,Unknown,6,Patna,975.0,3,2,8266000
Multistorey Apartment,Semi-Furnished,3.0,Unknown,3,Patna,1000.0,3,2,10000000
Multistorey Apartment,Semi-Furnished,4.0,Unknown,6,Patna,1100.0,3,2,7000000
Builder Floor Apartment,Semi-Furnished,2.0,Unknown,3,Patna,2000.0,1,2,2000000
Multistorey Apartment,Semi-Furnished,4.0,East,4,Patna,1000.0,3,2,7500000
Multistorey Apartment,Unfurnished,5.0,Unknown,8,Patna,1000.0,3,2,4200000
Builder Floor Apartment,Unknown,2.0,Unknown,4,Patna,1000.0,4,2,9500000
Multistorey Apartment,Unfurnished,4.0,Unknown,5,Patna,1000.0,3,3,6000000
Multistorey Apartment,Unfurnished,4.0,East,4,Patna,1380.0,3,2,9500000
Multistorey Apartment,Unfurnished,1.0,Unknown,4,Patna,930.0,3,2,7100000
Multistorey Apartment,Furnished,3.0,Unknown,4,Patna,1000.0,3,2,6300000
Multistorey Apartment,Semi-Furnished,3.0,East,5,Patna,1000.0,2,2,6000000
Residential House,Semi-Furnished,0.0,Unknown,3,Patna,1000.0,4,2,6000000
Villa,Semi-Furnished,2.0,East,4,Patna,1750.0,10,2,15000000
Multistorey Apartment,Furnished,4.0,East,4,Patna,900.0,3,2,9500000
Multistorey Apartment,Furnished,0.0,Unknown,5,Patna,1000.0,3,2,10000000
Multistorey Apartment,Unfurnished,4.0,South,4,Patna,1200.0,3,2,7900000
Multistorey Apartment,Unfurnished,1.0,Unknown,4,Patna,1150.0,3,2,8500000
Residential House,Unfurnished,2.0,South,2,Patna,1000.0,5,2,9999000
Multistorey Apartment,Unfurnished,4.0,East,5,Patna,1000.0,3,2,7500000
Multistorey Apartment,Semi-Furnished,2.0,Unknown,7,Patna,1000.0,2,2,4500000
Multistorey Apartment,Semi-Furnished,4.0,North - East,4,Patna,1160.0,3,2,5260000
Builder Floor Apartment,Unfurnished,4.0,Unknown,5,Patna,1000.0,3,2,7000000
Multistorey Apartment,Unfurnished,2.0,Unknown,5,Patna,550.0,1,2,3500000
Multistorey Apartment,Furnished,4.0,Unknown,4,Patna,1000.0,3,2,10000000
Multistorey Apartment,Semi-Furnished,3.0,Unknown,4,Patna,940.0,2,2,5600000
Multistorey Apartment,Furnished,4.0,Unknown,5,Patna,810.0,2,2,6200000
Multistorey Apartment,Semi-Furnished,-0.5,Unknown,3,Patna,1200.0,3,2,10000000
Builder Floor Apartment,Semi-Furnished,2.0,Unknown,3,Patna,1000.0,3,2,6120000
Multistorey Apartment,Unfurnished,0.0,Unknown,5,Patna,1000.0,1,1,4000000
Residential House,Unfurnished,0.0,Unknown,2,Patna,1000.0,4,4,17500000
Residential House,Unfurnished,2.0,Unknown,3,Patna,3000.0,3,2,50000000
Multistorey Apartment,Semi-Furnished,6.0,Unknown,8,Patna,1000.0,3,2,8800000
Multistorey Apartment,Semi-Furnished,2.0,Unknown,8,Patna,1000.0,3,2,12500000
Multistorey Apartment,Unfurnished,4.0,Unknown,5,Patna,850.0,2,2,4800000
Multistorey Apartment,Unknown,2.0,Unknown,4,Patna,980.0,3,2,7800000
Multistorey Apartment,Semi-Furnished,2.0,North,6,Patna,1109.0,3,3,10000000
Multistorey Apartment,Semi-Furnished,5.0,Unknown,6,Patna,900.0,2,2,6200000
Multistorey Apartment,Unfurnished,4.0,Unknown,5,Patna,1000.0,2,2,5500000
Residential House,Semi-Furnished,0.0,East,2,Patna,4000.0,10,7,61000000
Builder Floor Apartment,Furnished,2.0,Unknown,4,Patna,1000.0,3,2,9500000
Multistorey Apartment,Furnished,3.0,Unknown,4,Patna,1100.0,3,2,7800000
Multistorey Apartment,Furnished,4.0,Unknown,4,Patna,665.0,1,1,5000000
Multistorey Apartment,Semi-Furnished,1.0,West,3,Patna,1020.0,3,2,6300000
Multistorey Apartment,Unfurnished,2.0,East,4,Patna,1033.0,3,3,6075000
Builder Floor Apartment,Unfurnished,1.0,Unknown,4,Patna,1000.0,2,2,6500000
Builder Floor Apartment,Unfurnished,1.0,Unknown,4,Patna,847.0,2,2,6354000
Multistorey Apartment,Semi-Furnished,4.0,Unknown,4,Patna,1000.0,3,2,9500000
Multistorey Apartment,Semi-Furnished,3.0,Unknown,5,Patna,1150.0,3,2,8000000
Multistorey Apartment,Unfurnished,1.0,Unknown,3,Patna,840.0,3,2,7000000
Multistorey Apartment,Furnished,3.0,Unknown,4,Patna,1051.0,3,2,9000000
Multistorey Apartment,Semi-Furnished,3.0,East,4,Patna,950.0,2,2,5200000
Multistorey Apartment,Unfurnished,3.0,Unknown,4,Patna,1000.0,3,2,6800000
Multistorey Apartment,Unknown,2.0,Unknown,4,Patna,1000.0,2,2,5600000
Residential House,Furnished,2.0,North,3,Patna,370.0,1,3,4000000
Multistorey Apartment,Unfurnished,6.0,North,6,Patna,1000.0,3,3,7500000
Villa,Furnished,2.0,Unknown,15,Patna,600.0,4,2,6000000
Multistorey Apartment,Unfurnished,3.0,Unknown,11,Patna,1000.0,3,2,9360000
Multistorey Apartment,Unfurnished,2.0,East,6,Patna,1800.0,3,3,8000000
Multistorey Apartment,Unfurnished,2.0,Unknown,6,Patna,1000.0,2,2,5600000
Multistorey Apartment,Unfurnished,1.0,Unknown,8,Patna,1000.0,3,2,9500000
Builder Floor Apartment,Semi-Furnished,5.0,West,6,Patna,925.0,2,2,5000000
Multistorey Apartment,Semi-Furnished,4.0,Unknown,4,Patna,1431.0,3,2,10500000
Multistorey Apartment,Unfurnished,2.0,Unknown,7,Patna,1000.0,3,2,7700000
Multistorey Apartment,Unfurnished,1.0,East,6,Patna,1000.0,3,2,8990000
Multistorey Apartment,Semi-Furnished,3.0,Unknown,5,Patna,1050.0,2,2,8500000
Multistorey Apartment,Furnished,1.0,Unknown,5,Patna,1080.0,2,3,12500000
Multistorey Apartment,Semi-Furnished,3.0,East,4,Patna,1000.0,3,2,6800000
Multistorey Apartment,Unfurnished,2.0,Unknown,4,Patna,900.0,2,2,7000000
Residential House,Furnished,2.0,South,1,Patna,1000.0,2,1,6500000
Multistorey Apartment,Furnished,1.0,Unknown,4,Patna,990.0,2,2,7000000
Multistorey Apartment,Semi-Furnished,2.0,East,4,Patna,1200.0,3,2,6800000
Residential House,Unfurnished,2.0,North,2,Patna,680.0,4,4,15000000
Residential House,Unfurnished,2.0,Unknown,2,Patna,1450.0,5,2,15000000
Multistorey Apartment,Semi-Furnished,1.0,South - East,4,Patna,930.0,3,3,7100000
Multistorey Apartment,Semi-Furnished,6.0,Unknown,6,Patna,1000.0,2,1,4500000
Multistorey Apartment,Semi-Furnished,4.0,Unknown,4,Patna,1000.0,2,2,8500000
Multistorey Apartment,Furnished,1.0,Unknown,4,Patna,1000.0,2,2,4000000
Residential House,Unfurnished,0.0,Unknown,3,Patna,1000.0,8,8,22500000
Multistorey Apartment,Unfurnished,5.0,East,6,Patna,1200.0,3,3,11000000
Multistorey Apartment,Unfurnished,3.0,Unknown,5,Patna,1216.0,3,3,16500000
Multistorey Apartment,Unfurnished,3.0,Unknown,3,Patna,1000.0,3,3,7500000
Multistorey Apartment,Semi-Furnished,3.0,North - West,5,Patna,1100.0,2,2,6500000
Multistorey Apartment,Unknown,2.0,Unknown,4,Patna,1000.0,3,2,6800000
Residential House,Unfurnished,0.0,Unknown,3,Patna,1000.0,4,5,12000000
Multistorey Apartment,Semi-Furnished,4.0,East,6,Patna,1000.0,3,2,12500000
Residential House,Semi-Furnished,1.0,West,2,Patna,1117.0,2,4,10000000
Multistorey Apartment,Unfurnished,2.0,Unknown,5,Patna,750.0,2,2,4300000
Multistorey Apartment,Semi-Furnished,4.0,North - East,6,Patna,1000.0,3,2,7000000
Multistorey Apartment,Semi-Furnished,3.0,Unknown,6,Patna,1000.0,3,2,7200000
Multistorey Apartment,Unfurnished,2.0,North,5,Patna,1000.0,3,2,8000000
Multistorey Apartment,Unfurnished,3.0,North - East,7,Patna,1185.0,3,2,7500000
Multistorey Apartment,Semi-Furnished,3.0,North,4,Patna,1185.0,3,3,11865000
Multistorey Apartment,Unfurnished,1.0,North - East,4,Patna,1280.0,3,3,7000000
Multistorey Apartment,Furnished,2.0,North,7,Patna,1100.0,3,2,9200000
Multistorey Apartment,Furnished,3.0,Unknown,4,Patna,1000.0,3,3,15000000
Multistorey Apartment,Unfurnished,1.0,Unknown,3,Patna,1150.0,2,2,7200000
Multistorey Apartment,Furnished,4.0,Unknown,5,Patna,850.0,2,2,5700000
Multistorey Apartment,Unfurnished,3.0,Unknown,5,Patna,810.0,2,2,4500000
Multistorey Apartment,Unfurnished,1.0,South -West,4,Patna,800.0,3,2,6491225
Multistorey Apartment,Semi-Furnished,3.0,East,14,Patna,1327.0,3,3,11600000
Multistorey Apartment,Unfurnished,2.0,Unknown,4,Patna,1000.0,2,2,3697200
Multistorey Apartment,Unfurnished,3.0,East,5,Patna,1320.0,3,2,6500000
Multistorey Apartment,Semi-Furnished,1.0,East,4,Patna,1000.0,3,2,6828000
Multistorey Apartment,Semi-Furnished,1.0,East,4,Patna,1000.0,3,2,8000000
Multistorey Apartment,Semi-Furnished,3.0,East,4,Patna,1100.0,3,2,7000000
Multistorey Apartment,Unfurnished,2.0,Unknown,5,Patna,1275.0,3,2,9000000
Multistorey Apartment,Furnished,2.0,Unknown,3,Patna,985.0,2,2,7000000
Villa,Furnished,2.0,South,2,Patna,1000.0,7,7,45000000
Multistorey Apartment,Semi-Furnished,1.0,East,7,Patna,880.0,3,2,8000000
Multistorey Apartment,Unfurnished,1.0,East,4,Patna,867.0,3,2,9499999
Multistorey Apartment,Unfurnished,4.0,East,4,Patna,1020.0,2,2,5500000
Multistorey Apartment,Unfurnished,3.0,East,4,Patna,800.0,2,2,6000000
Multistorey Apartment,Semi-Furnished,3.0,East,7,Patna,1029.0,3,3,7100000
Multistorey Apartment,Unfurnished,6.0,East,6,Patna,986.0,3,2,7000000
Multistorey Apartment,Semi-Furnished,2.0,Unknown,4,Patna,1000.0,3,3,11654500
Multistorey Apartment,Semi-Furnished,2.0,Unknown,10,Patna,1000.0,2,2,7182500
Multistorey Apartment,Semi-Furnished,2.0,Unknown,6,Patna,1000.0,3,2,10740000
Multistorey Apartment,Semi-Furnished,2.0,Unknown,7,Patna,1000.0,2,2,3850000
Multistorey Apartment,Unfurnished,2.0,Unknown,7,Patna,1000.0,3,3,12830500
Multistorey Apartment,Unfurnished,2.0,Unknown,4,Patna,1000.0,3,2,11594000
Multistorey Apartment,Semi-Furnished,2.0,Unknown,17,Patna,1000.0,3,3,8918000
Multistorey Apartment,Unfurnished,7.0,South - East,8,Patna,960.0,3,2,9125000
Multistorey Apartment,Unfurnished,2.0,West,3,Patna,1000.0,2,2,5000000
Multistorey Apartment,Unfurnished,4.0,East,7,Patna,1000.0,3,2,6250000
Multistorey Apartment,Unfurnished,2.0,West,4,Patna,1100.0,3,2,7751000
Multistorey Apartment,Unfurnished,2.0,East,4,Patna,1000.0,3,2,6000000
Multistorey Apartment,Semi-Furnished,4.0,South,5,Patna,1350.0,3,2,7500000
Multistorey Apartment,Semi-Furnished,2.0,North - West,4,Patna,518.0,2,2,4480000
Multistorey Apartment,Unfurnished,3.0,North - West,4,Patna,1000.0,2,2,5836800
Villa,Furnished,2.0,Unknown,5,Patna,1500.0,4,3,500000
Multistorey Apartment,Semi-Furnished,6.0,South - East,6,Patna,1590.0,3,2,10000000
Multistorey Apartment,Semi-Furnished,3.0,North - East,5,Patna,684.0,2,2,5368000
Multistorey Apartment,Unfurnished,1.0,South,4,Patna,1000.0,2,2,4800000
Multistorey Apartment,Furnished,2.0,East,11,Patna,1000.0,3,2,11000000
Multistorey Apartment,Unfurnished,2.0,West,12,Patna,1173.0,3,2,7493400
Multistorey Apartment,Unfurnished,2.0,Unknown,4,Patna,1000.0,3,2,8190000
Multistorey Apartment,Unfurnished,2.0,East,3,Patna,850.0,3,2,5351250
Multistorey Apartment,Unfurnished,2.0,East,6,Patna,1000.0,3,2,7557000
Multistorey Apartment,Unfurnished,2.0,Unknown,7,Patna,1000.0,3,2,8450000
Multistorey Apartment,Unfurnished,5.0,South - East,5,Patna,1119.0,3,3,13000000
Multistorey Apartment,Semi-Furnished,4.0,North,4,Patna,950.0,2,2,7000000
Multistorey Apartment,Semi-Furnished,2.0,East,5,Patna,1200.0,3,2,10500000
Multistorey Apartment,Unfurnished,2.0,East,6,Patna,1000.0,2,2,5045000
Multistorey Apartment,Semi-Furnished,1.0,East,2,Patna,1000.0,2,2,4100000
Multistorey Apartment,Unfurnished,2.0,Unknown,7,Patna,636.0,2,2,6875000
Multistorey Apartment,Furnished,2.0,East,5,Patna,800.0,2,2,6200000
Multistorey Apartment,Semi-Furnished,2.0,West,4,Patna,1311.0,3,3,8500000
Villa,Furnished,2.0,Unknown,3,Goa,1000.0,5,5,120300000
Villa,Semi-Furnished,2.0,North - East,2,Goa,160.0,3,4,29300000
Multistorey Apartment,Unfurnished,2.0,East,3,Goa,175.0,4,4,20000000
Penthouse,Unfurnished,3.0,North - East,3,Goa,1060.0,2,2,11500000
Multistorey Apartment,Unfurnished,5.0,North - East,8,Goa,1000.0,2,2,7000000
Multistorey Apartment,Furnished,1.0,Unknown,4,Goa,1000.0,2,2,10000000
Multistorey Apartment,Semi-Furnished,1.0,Unknown,7,Goa,1000.0,2,2,8500000
Multistorey Apartment,Unknown,2.0,Unknown,4,Goa,1000.0,2,2,5800000
Villa,Unfurnished,2.0,North - East,2,Goa,228.0,4,4,55000000
Multistorey Apartment,Semi-Furnished,3.0,North,8,Goa,135.0,3,2,9310000
Villa,Unfurnished,2.0,Unknown,2,Goa,1936.0,4,4,26000000
Multistorey Apartment,Furnished,4.0,Unknown,4,Goa,1000.0,2,2,17500000
Multistorey Apartment,Furnished,3.0,Unknown,4,Goa,1450.0,3,3,16500000
Multistorey Apartment,Unfurnished,1.0,Unknown,5,Goa,84.0,2,2,6433220
Multistorey Apartment,Unfurnished,3.0,West,4,Goa,1000.0,2,2,4500000
Multistorey Apartment,Furnished,0.0,Unknown,4,Goa,1000.0,1,1,9500000
Multistorey Apartment,Unfurnished,4.0,East,7,Goa,1000.0,3,3,14000000
Multistorey Apartment,Unfurnished,2.0,Unknown,4,Goa,1000.0,1,1,5100000
Multistorey Apartment,Furnished,2.0,North - East,4,Goa,1000.0,2,2,14800000
Villa,Semi-Furnished,2.0,East,2,Goa,1000.0,5,5,52500000
Multistorey Apartment,Furnished,4.0,Unknown,8,Goa,1000.0,2,2,5950726
Studio Apartment,Furnished,2.0,Unknown,4,Goa,1000.0,3,2,6300000
Villa,Unfurnished,2.0,Unknown,4,Goa,1000.0,4,5,20000000
Multistorey Apartment,Unfurnished,2.0,Unknown,4,Goa,1000.0,3,2,8500000
Villa,Unfurnished,2.0,Unknown,4,Goa,1000.0,3,3,25000000
Villa,Semi-Furnished,2.0,North,2,Goa,3707.0,4,5,53000000
Multistorey Apartment,Unfurnished,2.0,Unknown,4,Goa,85.0,3,3,10000000
Multistorey Apartment,Furnished,4.0,Unknown,4,Goa,1000.0,1,1,8000000
Multistorey Apartment,Semi-Furnished,2.0,Unknown,3,Goa,844.0,2,2,6500000
Multistorey Apartment,Unfurnished,1.0,North,6,Goa,90.0,2,2,7675500
Villa,Unfurnished,2.0,East,2,Goa,1000.0,3,4,55000000
Multistorey Apartment,Unfurnished,4.0,East,4,Goa,173.0,3,3,16000000
Multistorey Apartment,Unfurnished,-0.5,East,4,Goa,42.0,1,1,5288000
Multistorey Apartment,Unfurnished,4.0,Unknown,4,Goa,85.0,2,2,6500000
Villa,Semi-Furnished,2.0,Unknown,2,Goa,1928.0,4,5,34500000
Villa,Semi-Furnished,2.0,North,1,Goa,1000.0,3,3,30000000
Multistorey Apartment,Semi-Furnished,1.0,North - East,5,Goa,1000.0,3,3,9000000
Multistorey Apartment,Unfurnished,5.0,North - East,6,Goa,151.0,3,2,15000000
Multistorey Apartment,Furnished,1.0,Unknown,3,Goa,111.0,2,2,10000000
Multistorey Apartment,Semi-Furnished,2.0,East,4,Goa,1200.0,3,2,8800000
Multistorey Apartment,Semi-Furnished,2.0,Unknown,4,Goa,1000.0,1,1,4500000
Multistorey Apartment,Unfurnished,1.0,Unknown,3,Goa,92.0,2,2,8000000
Villa,Unfurnished,2.0,North,2,Goa,325.0,4,5,80000000
Villa,Semi-Furnished,2.0,Unknown,3,Goa,4000.0,5,5,65000000
Multistorey Apartment,Unfurnished,5.0,Unknown,5,Goa,84.0,2,2,5791500
Villa,Furnished,2.0,South,1,Goa,1000.0,4,3,155000000
Multistorey Apartment,Furnished,5.0,North,8,Goa,100.0,2,2,9500000
Villa,Semi-Furnished,2.0,East,2,Goa,4552.0,4,4,80000000
Villa,Semi-Furnished,2.0,East,2,Goa,1000.0,4,4,36000000
Multistorey Apartment,Unfurnished,2.0,North - East,5,Goa,1000.0,2,2,9000000
Multistorey Apartment,Unfurnished,5.0,Unknown,5,Goa,68.0,2,2,5995550
Multistorey Apartment,Unfurnished,4.0,Unknown,4,Goa,1000.0,1,1,4200000
Multistorey Apartment,Unfurnished,2.0,Unknown,4,Goa,1000.0,2,2,9400000
Multistorey Apartment,Unfurnished,2.0,Unknown,4,Goa,65.0,2,2,7330000
Villa,Furnished,2.0,North,2,Goa,450.0,5,5,80000000
Multistorey Apartment,Unfurnished,2.0,Unknown,8,Goa,118.0,3,2,14000000
Villa,Unfurnished,2.0,East,2,Goa,1000.0,3,4,68000000
Residential House,Furnished,0.0,Unknown,1,Goa,2926.0,4,4,35000000
Villa,Unfurnished,2.0,South -West,2,Goa,166.0,3,3,23500000
Multistorey Apartment,Unfurnished,2.0,South,3,Goa,1000.0,2,2,7500000
Multistorey Apartment,Unfurnished,2.0,East,5,Goa,813.0,2,2,10400000
Multistorey Apartment,Unfurnished,1.0,North - East,4,Goa,28.0,1,1,4400000
Multistorey Apartment,Semi-Furnished,1.0,North - East,5,Goa,1000.0,3,3,12000000
Residential House,Furnished,2.0,North,1,Goa,1000.0,3,3,35000000
Residential House,Semi-Furnished,1.0,North,1,Goa,215.0,2,2,39500000
Multistorey Apartment,Semi-Furnished,1.0,Unknown,8,Goa,133.0,3,2,13000000
Multistorey Apartment,Semi-Furnished,3.0,Unknown,4,Goa,96.0,2,2,6500000
Multistorey Apartment,Unfurnished,5.0,Unknown,5,Goa,115.0,2,2,6550000
Multistorey Apartment,Semi-Furnished,2.0,East,5,Goa,1500.0,3,2,13500000
Builder Floor Apartment,Unfurnished,2.0,Unknown,4,Goa,1000.0,2,2,6800000
Multistorey Apartment,Semi-Furnished,2.0,Unknown,5,Goa,2200.0,3,4,28000000
Multistorey Apartment,Semi-Furnished,2.0,Unknown,2,Goa,1000.0,1,1,4200000
Multistorey Apartment,Unfurnished,3.0,Unknown,4,Goa,1000.0,3,3,10000000
Multistorey Apartment,Unfurnished,1.0,East,2,Goa,1400.0,3,3,9820000
Multistorey Apartment,Unfurnished,2.0,Unknown,5,Goa,80.0,2,2,6034240
Multistorey Apartment,Unfurnished,2.0,East,5,Goa,1000.0,2,2,6800000
Multistorey Apartment,Furnished,1.0,South -West,3,Goa,1000.0,3,3,15000000
Villa,Semi-Furnished,2.0,North,2,Goa,1000.0,4,4,42500000
Multistorey Apartment,Furnished,4.0,North - East,5,Goa,96.0,2,2,12000000
Multistorey Apartment,Furnished,2.0,Unknown,4,Goa,1000.0,1,1,30000000
Villa,Unfurnished,2.0,Unknown,1,Goa,308.0,4,3,75000000
Multistorey Apartment,Unfurnished,2.0,Unknown,4,Goa,1000.0,2,2,5730000
Penthouse,Semi-Furnished,4.0,Unknown,4,Goa,2200.0,3,3,22000000
Villa,Furnished,2.0,North,2,Goa,3502.0,4,4,105000000
Villa,Unfurnished,2.0,Unknown,4,Goa,1000.0,3,3,28000000
Villa,Furnished,2.0,Unknown,3,Goa,1000.0,3,3,25500000
Villa,Unfurnished,2.0,North,2,Goa,1000.0,3,3,60000000
Multistorey Apartment,Unfurnished,2.0,Unknown,4,Goa,70.0,2,2,7310000
Villa,Furnished,2.0,East,3,Goa,1000.0,3,3,52500000
Villa,Unfurnished,2.0,Unknown,3,Goa,3443.0,5,5,70000000
Villa,Semi-Furnished,2.0,North,2,Goa,2337.0,4,4,35000000
Multistorey Apartment,Unfurnished,1.0,East,5,Goa,586.0,1,1,7500000
Multistorey Apartment,Unfurnished,2.0,North,8,Goa,732.0,2,2,6500000
Multistorey Apartment,Furnished,2.0,Unknown,3,Goa,69.0,1,1,5500000
Multistorey Apartment,Unfurnished,2.0,East,6,Goa,105.0,2,2,7000000
Multistorey Apartment,Unfurnished,3.0,North,5,Goa,106.0,2,2,6500000
Villa,Semi-Furnished,2.0,Unknown,3,Goa,740.0,5,5,120000000
Multistorey Apartment,Semi-Furnished,1.0,Unknown,4,Goa,1000.0,1,1,4500000
Multistorey Apartment,Unfurnished,1.0,North - East,4,Goa,145.0,2,2,20000000
Multistorey Apartment,Unfurnished,2.0,East,4,Goa,1000.0,2,2,6722951
Multistorey Apartment,Semi-Furnished,4.0,Unknown,5,Goa,108.0,2,2,8500000
Multistorey Apartment,Unfurnished,3.0,North,8,Goa,1000.0,3,4,11500000
Villa,Unfurnished,2.0,Unknown,3,Goa,1000.0,4,4,30000000
Multistorey Apartment,Furnished,1.0,Unknown,4,Goa,1000.0,3,3,14500000
Multistorey Apartment,Unfurnished,2.0,Unknown,2,Goa,55.0,1,1,4200000
Multistorey Apartment,Furnished,1.0,East,3,Goa,103.0,2,2,12000000
Multistorey Apartment,Unfurnished,2.0,North - West,3,Goa,1000.0,2,2,5500000
Villa,Furnished,2.0,East,3,Goa,1000.0,4,5,140000000
Villa,Semi-Furnished,2.0,Unknown,2,Goa,2000.0,3,3,30000000
Multistorey Apartment,Furnished,0.0,North - East,3,Goa,56.0,1,1,10000000
Multistorey Apartment,Unfurnished,1.0,Unknown,5,Goa,80.0,2,2,6144320
Villa,Unfurnished,2.0,Unknown,2,Goa,371.0,6,7,70000000
Multistorey Apartment,Furnished,2.0,Unknown,4,Goa,1000.0,1,1,10000000
Multistorey Apartment,Semi-Furnished,6.0,East,8,Goa,1000.0,3,3,14500000
Villa,Unfurnished,2.0,Unknown,4,Goa,1000.0,3,3,26000000
Multistorey Apartment,Unfurnished,2.0,East,8,Goa,118.0,3,2,14000000
Multistorey Apartment,Furnished,2.0,North,4,Goa,1017.0,2,2,20400000
Villa,Unfurnished,2.0,Unknown,3,Goa,3357.0,5,5,50000000
Villa,Furnished,2.0,East,2,Goa,1000.0,3,3,43500000
Multistorey Apartment,Furnished,3.0,North - East,4,Goa,1400.0,3,2,11000000
Multistorey Apartment,Unfurnished,2.0,Unknown,4,Goa,1000.0,2,2,6630000
Multistorey Apartment,Unfurnished,2.0,Unknown,4,Goa,41.0,1,1,4930000
Penthouse,Unfurnished,5.0,North - East,5,Goa,144.0,3,3,17700000
Multistorey Apartment,Semi-Furnished,3.0,East,4,Goa,900.0,2,2,6583500
Villa,Furnished,2.0,East,1,Goa,350.0,3,3,35000000
Multistorey Apartment,Furnished,3.0,South,8,Goa,130.0,3,2,25000000
Multistorey Apartment,Furnished,3.0,Unknown,4,Goa,122.0,2,2,12000000
Villa,Unfurnished,2.0,North - East,3,Goa,266.0,4,3,21000000
Multistorey Apartment,Unfurnished,3.0,North - East,4,Goa,128.0,2,2,10000000
Villa,Furnished,2.0,North - East,1,Goa,135.0,3,3,45000000
Multistorey Apartment,Semi-Furnished,2.0,Unknown,5,Goa,87.0,2,2,6720000
Multistorey Apartment,Unfurnished,1.0,Unknown,4,Goa,1000.0,2,2,8379136
Multistorey Apartment,Unfurnished,5.0,East,7,Goa,1100.0,3,2,9000000
Multistorey Apartment,Semi-Furnished,1.0,Unknown,4,Goa,1000.0,2,2,6200000
Multistorey Apartment,Unfurnished,1.0,Unknown,2,Goa,95.0,2,2,5500000
Builder Floor Apartment,Unfurnished,3.0,Unknown,3,Goa,1000.0,1,1,3200000
Multistorey Apartment,Unfurnished,2.0,Unknown,6,Raipur,1000.0,2,2,3553000
Villa,Unfurnished,2.0,North - East,2,Raipur,1700.0,4,4,7100000
Multistorey Apartment,Semi-Furnished,2.0,East,8,Raipur,750.0,2,2,3146500
Multistorey Apartment,Unfurnished,1.0,East,6,Raipur,1000.0,1,1,1473000
Multistorey Apartment,Unfurnished,0.0,East,10,Raipur,1175.0,3,3,4350000
Villa,Unfurnished,2.0,East,2,Raipur,2800.0,4,4,8200000
Multistorey Apartment,Semi-Furnished,2.0,East,2,Raipur,1300.0,3,3,4650000
Multistorey Apartment,Unfurnished,1.0,East,8,Raipur,1000.0,2,2,2277000
Multistorey Apartment,Unfurnished,0.0,East,10,Raipur,735.0,2,2,3335000
Villa,Unfurnished,2.0,East,2,Raipur,1000.0,3,3,4000000
Multistorey Apartment,Unfurnished,2.0,East,8,Raipur,761.0,2,2,3146500
Multistorey Apartment,Unfurnished,1.0,East,8,Raipur,1000.0,3,2,2904000
Multistorey Apartment,Unfurnished,2.0,East,10,Raipur,808.0,2,2,3450000
Multistorey Apartment,Semi-Furnished,2.0,East,2,Raipur,780.0,2,2,3146500
Multistorey Apartment,Unfurnished,2.0,Unknown,6,Raipur,1000.0,3,2,3891000
Residential House,Unfurnished,0.0,East,1,Raipur,900.0,2,2,4000000
Residential House,Semi-Furnished,2.0,East,2,Raipur,1000.0,2,2,3560000
Multistorey Apartment,Semi-Furnished,2.0,East,2,Raipur,950.0,2,2,3450000
Residential House,Unfurnished,0.0,East,1,Raipur,800.0,2,2,2700000
Residential House,Unfurnished,0.0,East,1,Raipur,800.0,2,2,2750000
Multistorey Apartment,Unfurnished,1.0,North,8,Raipur,801.0,2,2,2912250
Residential House,Semi-Furnished,2.0,East,2,Raipur,1600.0,2,2,4450000
Multistorey Apartment,Unfurnished,2.0,Unknown,6,Raipur,1000.0,3,2,3711000
Multistorey Apartment,Unfurnished,0.0,East,10,Raipur,1000.0,2,2,3333850
Multistorey Apartment,Unfurnished,2.0,Unknown,6,Raipur,1000.0,2,2,3300000
Villa,Furnished,2.0,North,2,Goa,150.0,3,3,50000000
Multistorey Apartment,Unfurnished,1.0,East,8,Raipur,750.0,2,2,2887500
Residential House,Semi-Furnished,0.0,East,2,Raipur,1200.0,3,3,4300000
Multistorey Apartment,Semi-Furnished,3.0,East,8,Raipur,850.0,2,2,3348000
Multistorey Apartment,Semi-Furnished,-1.0,Unknown,4,Goa,148.0,4,4,32000000
Multistorey Apartment,Unfurnished,2.0,East,8,Goa,150.0,3,4,11279440
Multistorey Apartment,Semi-Furnished,6.0,East,8,Goa,1000.0,3,2,9300000
Multistorey Apartment,Semi-Furnished,2.0,Unknown,4,Goa,1150.0,2,2,13500000
Multistorey Apartment,Unfurnished,5.0,Unknown,5,Goa,84.0,2,2,6050720
Multistorey Apartment,Furnished,1.0,North,2,Goa,116.0,2,2,28500000
Multistorey Apartment,Unfurnished,2.0,North - East,7,Goa,1000.0,2,2,8000000
Multistorey Apartment,Furnished,0.0,North - East,4,Goa,153.0,2,2,19000000
Multistorey Apartment,Furnished,1.0,Unknown,4,Goa,104.0,3,2,10000000
Multistorey Apartment,Unfurnished,2.0,Unknown,4,Goa,1000.0,1,2,7540000
Villa,Unfurnished,2.0,East,3,Goa,1000.0,3,5,32500000
Villa,Semi-Furnished,2.0,East,2,Goa,1000.0,4,4,75000000
Villa,Unfurnished,2.0,Unknown,4,Goa,1000.0,3,3,23500000
Multistorey Apartment,Unfurnished,2.0,Unknown,4,Goa,42.0,1,1,4890000
Villa,Unfurnished,2.0,North,2,Goa,2095.0,3,3,45000000
Multistorey Apartment,Unfurnished,3.0,Unknown,5,Goa,74.0,2,2,8240000
Studio Apartment,Furnished,2.0,North - East,4,Goa,516.0,3,1,6900000
Villa,Furnished,2.0,East,2,Goa,1000.0,4,4,85000000
Multistorey Apartment,Furnished,1.0,East,2,Goa,1000.0,3,3,15000000
Villa,Unfurnished,2.0,Unknown,2,Goa,1394.0,3,3,24500000
Villa,Unfurnished,2.0,Unknown,3,Goa,4131.0,5,4,60000000
Multistorey Apartment,Semi-Furnished,3.0,East,5,Goa,160.0,3,3,39500000
Multistorey Apartment,Unfurnished,2.0,North,8,Goa,1350.0,3,3,9310000
Multistorey Apartment,Unfurnished,0.0,North,2,Goa,1000.0,1,1,2300000
Villa,Furnished,2.0,Unknown,1,Goa,1000.0,3,3,35000000
Villa,Unfurnished,2.0,North - East,2,Goa,1928.0,4,3,35000000
Villa,Semi-Furnished,2.0,Unknown,2,Goa,183.0,3,3,15000000
Multistorey Apartment,Unfurnished,3.0,East,7,Goa,1100.0,2,2,13500000
Multistorey Apartment,Unfurnished,2.0,Unknown,3,Goa,179.0,2,2,8200000
Multistorey Apartment,Unfurnished,3.0,South - East,5,Goa,1000.0,2,2,7000000
Villa,Semi-Furnished,2.0,North,2,Goa,1000.0,5,6,64000000
Villa,Furnished,2.0,North,2,Goa,450.0,4,5,75000000
Multistorey Apartment,Unfurnished,3.0,East,4,Goa,87.0,2,2,6280000
Villa,Furnished,2.0,Unknown,2,Goa,185.0,3,4,65000000
Multistorey Apartment,Unfurnished,5.0,Unknown,5,Goa,80.0,2,2,5814080
Multistorey Apartment,Furnished,3.0,Unknown,7,Goa,1000.0,3,3,12000000
Multistorey Apartment,Semi-Furnished,4.0,East,7,Goa,1000.0,3,3,17500000
Multistorey Apartment,Furnished,1.0,Unknown,4,Goa,1350.0,2,2,22500000
Villa,Furnished,2.0,Unknown,2,Goa,422.0,4,4,80000000
Multistorey Apartment,Unfurnished,5.0,North - East,7,Goa,1000.0,2,2,9000000
Villa,Furnished,2.0,Unknown,2,Goa,185.0,3,3,36000000
Multistorey Apartment,Furnished,2.0,North - East,2,Goa,93.0,2,2,10000000
Villa,Furnished,2.0,East,2,Goa,1000.0,4,4,75300000
Multistorey Apartment,Unfurnished,1.0,Unknown,4,Goa,108.0,2,2,6700000
Multistorey Apartment,Unfurnished,2.0,Unknown,4,Goa,1000.0,1,2,4670000
Villa,Semi-Furnished,2.0,East,2,Goa,3400.0,3,4,55000000
Multistorey Apartment,Furnished,2.0,Unknown,4,Goa,1000.0,1,1,9900000
Multistorey Apartment,Unfurnished,2.0,Unknown,4,Goa,1000.0,2,2,6280000
Villa,Unfurnished,2.0,Unknown,4,Goa,1000.0,3,3,26500000
Multistorey Apartment,Unfurnished,2.0,Unknown,6,Raipur,1000.0,2,2,3039300
Multistorey Apartment,Unfurnished,1.0,East,8,Raipur,500.0,2,2,1699000
Multistorey Apartment,Semi-Furnished,2.0,East,2,Raipur,1300.0,3,3,4500000
Villa,Unfurnished,2.0,East,1,Raipur,1000.0,2,2,2436000
Multistorey Apartment,Unfurnished,0.0,East,4,Raipur,1000.0,2,3,3146000
Residential House,Semi-Furnished,2.0,East,2,Raipur,1400.0,3,4,4512500
Villa,Unfurnished,2.0,East,2,Raipur,1275.0,3,3,5000000
Multistorey Apartment,Unfurnished,0.0,East,10,Raipur,1000.0,2,2,3450000
Multistorey Apartment,Unfurnished,1.0,East,8,Raipur,800.0,2,2,3146500
Villa,Semi-Furnished,2.0,East,2,Raipur,1575.0,4,5,5090000
Residential House,Semi-Furnished,1.0,East,1,Raipur,750.0,2,3,2349000
Builder Floor Apartment,Unfurnished,3.0,East,6,Raipur,870.0,2,2,3146500
Multistorey Apartment,Semi-Furnished,5.0,North,10,Raipur,900.0,2,2,3220000
Multistorey Apartment,Unfurnished,2.0,Unknown,6,Raipur,1000.0,3,3,4340000
Multistorey Apartment,Unfurnished,2.0,Unknown,6,Raipur,1000.0,3,3,4038000
Residential House,Semi-Furnished,1.0,East,1,Raipur,1120.0,2,3,3298500
Multistorey Apartment,Unfurnished,0.0,East,8,Raipur,1000.0,3,3,3874500
Multistorey Apartment,Unfurnished,2.0,East,8,Raipur,870.0,2,2,2887500
Villa,Semi-Furnished,2.0,North,4,Raipur,1970.0,5,6,6090000
Multistorey Apartment,Unfurnished,2.0,Unknown,6,Raipur,1000.0,3,3,4175000
Residential House,Semi-Furnished,2.0,North,2,Raipur,1780.0,4,5,5090000
Residential House,Semi-Furnished,2.0,West,2,Raipur,1600.0,3,4,4999999
Multistorey Apartment,Unfurnished,3.0,East,8,Raipur,1900.0,4,4,5870000
Multistorey Apartment,Unfurnished,2.0,East,2,Raipur,1258.0,3,3,4500000
Multistorey Apartment,Unfurnished,0.0,East,8,Raipur,1000.0,2,2,2835000
Multistorey Apartment,Semi-Furnished,2.0,East,2,Raipur,850.0,2,2,3219000
Multistorey Apartment,Unfurnished,2.0,Unknown,6,Raipur,1000.0,3,3,4310000
Multistorey Apartment,Unfurnished,0.0,East,10,Raipur,923.0,2,2,3770000
Residential House,Unfurnished,2.0,East,2,Raipur,1600.0,3,4,4999999
Residential House,Unfurnished,1.0,East,2,Raipur,1400.0,3,3,4462000
Builder Floor Apartment,Unfurnished,2.0,Unknown,8,Raipur,1225.0,3,3,3755000
Multistorey Apartment,Semi-Furnished,3.0,East,10,Raipur,1150.0,2,2,5600000
Multistorey Apartment,Unfurnished,2.0,East,8,Raipur,805.0,2,2,3348000
Multistorey Apartment,Unfurnished,2.0,East,10,Raipur,970.0,2,2,3900000
Multistorey Apartment,Unfurnished,3.0,East,6,Raipur,800.0,2,2,2700000
Residential House,Unfurnished,1.0,East,2,Raipur,1300.0,3,3,3675000
Multistorey Apartment,Unfurnished,1.0,East,8,Raipur,808.0,2,2,2887500
Builder Floor Apartment,Unfurnished,2.0,Unknown,8,Raipur,1196.0,3,3,3670000
Villa,Unfurnished,2.0,East,2,Raipur,1430.0,3,4,3990000
Multistorey Apartment,Unfurnished,1.0,East,10,Raipur,1945.0,4,3,13518200
Multistorey Apartment,Unfurnished,1.0,East,10,Raipur,735.0,2,2,3220000
Residential House,Unfurnished,2.0,East,2,Raipur,1500.0,3,3,7200000
Multistorey Apartment,Unfurnished,1.0,East,8,Raipur,800.0,2,2,3346500
Multistorey Apartment,Unfurnished,4.0,East,8,Raipur,890.0,2,2,3371500
Residential House,Unfurnished,1.0,East,2,Raipur,1300.0,3,3,3700000
Residential House,Semi-Furnished,1.0,East,1,Raipur,1600.0,3,3,6000000
Villa,Unfurnished,2.0,Unknown,4,Goa,1000.0,4,4,59000000
Villa,Semi-Furnished,2.0,North - East,1,Goa,365.0,3,3,27500000
Residential House,Semi-Furnished,2.0,East,2,Raipur,1550.0,3,4,6300000
Villa,Semi-Furnished,2.0,North,2,Goa,229.0,4,4,70000000
Multistorey Apartment,Unfurnished,7.0,East,8,Raipur,1350.0,3,3,5000000
Penthouse,Semi-Furnished,4.0,East,4,Goa,1000.0,3,2,16500000
Multistorey Apartment,Semi-Furnished,2.0,Unknown,3,Goa,399.0,1,1,4965000
Villa,Unfurnished,2.0,East,2,Goa,1000.0,4,5,50000000
Villa,Furnished,2.0,Unknown,2,Goa,1609.0,3,3,32500000
Multistorey Apartment,Unfurnished,0.0,North,5,Goa,1000.0,3,3,11000000
Multistorey Apartment,Semi-Furnished,2.0,North,4,Goa,103.0,2,2,5500000
Villa,Unfurnished,2.0,Unknown,3,Goa,1000.0,5,7,65000000
Multistorey Apartment,Furnished,2.0,Unknown,7,Goa,142.0,3,3,42500000
Villa,Unfurnished,2.0,North,2,Goa,5339.0,5,6,55000000
Villa,Unfurnished,2.0,North,2,Goa,1000.0,3,3,13000000
Multistorey Apartment,Unfurnished,2.0,Unknown,3,Goa,1000.0,1,1,4600000
Villa,Unfurnished,2.0,North - East,2,Goa,146.0,3,3,35000000
Multistorey Apartment,Unfurnished,2.0,Unknown,4,Goa,1000.0,2,2,8300000
Multistorey Apartment,Unfurnished,3.0,North,6,Goa,155.0,3,3,10000000
Villa,Semi-Furnished,2.0,North - East,1,Goa,110.0,3,3,13500000
Multistorey Apartment,Unfurnished,2.0,Unknown,6,Goa,1000.0,2,2,12600000
Multistorey Apartment,Semi-Furnished,1.0,Unknown,4,Goa,1000.0,2,2,6100000
Villa,Furnished,2.0,North,2,Goa,600.0,5,6,160000000
Multistorey Apartment,Unfurnished,7.0,East,8,Goa,210.0,4,5,25000000
Villa,Unfurnished,2.0,Unknown,2,Goa,259.0,4,4,35000000
Multistorey Apartment,Unfurnished,3.0,Unknown,6,Goa,1001.0,3,2,7266290
Multistorey Apartment,Semi-Furnished,4.0,East,7,Goa,1000.0,4,3,39000000
Multistorey Apartment,Furnished,2.0,Unknown,3,Goa,109.0,3,3,13000000
Villa,Semi-Furnished,2.0,North,1,Goa,1000.0,3,3,37500000
Multistorey Apartment,Unfurnished,2.0,North - East,7,Goa,1000.0,2,2,9600000
Builder Floor Apartment,Unfurnished,2.0,Unknown,6,Goa,100.0,2,2,10800000
Multistorey Apartment,Unfurnished,2.0,Unknown,4,Goa,91.0,2,2,9000000
Multistorey Apartment,Semi-Furnished,0.0,Unknown,2,Goa,74.0,1,1,6200000
Villa,Furnished,2.0,East,2,Goa,1000.0,3,4,59200000
Multistorey Apartment,Unfurnished,2.0,South - East,3,Goa,1000.0,1,1,3600000
Penthouse,Furnished,0.0,East,5,Goa,2400.0,3,3,40000000
Penthouse,Furnished,5.0,Unknown,5,Goa,300.0,5,5,35000000
Multistorey Apartment,Unfurnished,2.0,Unknown,4,Goa,1000.0,1,2,4640000
Multistorey Apartment,Unfurnished,2.0,Unknown,4,Goa,1000.0,2,2,6316944
Multistorey Apartment,Unfurnished,2.0,East,4,Goa,1000.0,3,3,12900000
Villa,Unfurnished,2.0,Unknown,4,Goa,1000.0,3,3,27500000
Penthouse,Furnished,0.0,North,1,Goa,120.0,3,3,15000000
Multistorey Apartment,Unfurnished,2.0,Unknown,7,Goa,1000.0,2,2,11200000
Multistorey Apartment,Furnished,2.0,Unknown,3,Goa,1000.0,2,2,25000000
Villa,Furnished,2.0,East,1,Goa,145.0,3,4,45000000
Villa,Unfurnished,2.0,Unknown,4,Goa,1000.0,4,4,55000000
Villa,Furnished,2.0,North,2,Goa,2400.0,4,4,59000000
Multistorey Apartment,Unfurnished,3.0,Unknown,5,Goa,903.0,2,2,5500000
Multistorey Apartment,Unfurnished,3.0,North - East,5,Goa,138.0,2,2,9300000
Villa,Furnished,2.0,Unknown,1,Goa,300.0,3,3,80000000
Multistorey Apartment,Unfurnished,2.0,North - East,7,Goa,119.0,2,2,12700000
Multistorey Apartment,Unfurnished,2.0,Unknown,4,Goa,1000.0,2,2,8000000
Villa,Furnished,2.0,Unknown,2,Goa,227.0,3,3,44000000
Multistorey Apartment,Semi-Furnished,3.0,North - East,5,Goa,1000.0,3,2,13000000
Villa,Unfurnished,2.0,North,2,Goa,1395.0,4,4,24500000
Multistorey Apartment,Semi-Furnished,3.0,Unknown,4,Goa,60.0,1,2,4000000
Villa,Unfurnished,2.0,Unknown,2,Goa,710.0,5,5,35000000
Villa,Semi-Furnished,2.0,Unknown,1,Goa,110.0,3,3,13500000
Builder Floor Apartment,Furnished,1.0,Unknown,3,Goa,65.0,2,1,4800000
Multistorey Apartment,Unfurnished,3.0,North,4,Goa,120.0,2,2,9000000
Multistorey Apartment,Furnished,2.0,North - East,3,Goa,102.0,3,3,15000000
Villa,Unfurnished,2.0,North - East,2,Goa,2400.0,4,4,25500000
Builder Floor Apartment,Unfurnished,2.0,Unknown,8,Raipur,1001.0,2,2,3092000
Multistorey Apartment,Unfurnished,3.0,East,4,Raipur,1300.0,3,3,5500000
Multistorey Apartment,Unfurnished,0.0,East,8,Raipur,1575.0,4,5,5880000
Multistorey Apartment,Semi-Furnished,2.0,East,8,Raipur,950.0,2,2,2887500
Multistorey Apartment,Unfurnished,2.0,East,10,Raipur,1100.0,3,3,4501000
Residential House,Semi-Furnished,0.0,West,2,Raipur,1250.0,3,3,4200000
Multistorey Apartment,Unfurnished,2.0,North,10,Raipur,1052.0,3,3,4500000
Villa,Unfurnished,2.0,East,2,Raipur,2700.0,5,5,7700000
Builder Floor Apartment,Unfurnished,2.0,Unknown,8,Raipur,868.0,2,2,2540000
Residential House,Unfurnished,0.0,East,2,Raipur,1003.0,3,4,5000000
Multistorey Apartment,Semi-Furnished,3.0,East,8,Raipur,1600.0,3,3,5800000
Residential House,Semi-Furnished,2.0,East,2,Raipur,1480.0,3,3,5400000
Residential House,Unfurnished,1.0,West,2,Raipur,1250.0,3,4,5000000
Multistorey Apartment,Unfurnished,6.0,East,10,Raipur,1052.0,3,3,4500000
Residential House,Unfurnished,0.0,East,1,Raipur,800.0,2,2,3300000
Residential House,Unfurnished,0.0,East,2,Raipur,1800.0,3,3,4500000
Multistorey Apartment,Furnished,1.0,East,8,Raipur,808.0,2,2,2774500
Residential House,Unfurnished,1.0,East,2,Raipur,1600.0,4,4,4800000
Residential House,Semi-Furnished,0.0,East,1,Raipur,1000.0,3,3,3500000
Builder Floor Apartment,Unfurnished,2.0,Unknown,8,Raipur,614.0,1,1,1940000
Multistorey Apartment,Unfurnished,0.0,Unknown,8,Raipur,1000.0,2,2,3450000
Multistorey Apartment,Semi-Furnished,2.0,East,2,Raipur,850.0,2,2,3335000
Multistorey Apartment,Unfurnished,1.0,East,10,Raipur,2589.0,4,5,19110400
Villa,Unfurnished,2.0,North,1,Raipur,800.0,2,2,3550000
Multistorey Apartment,Semi-Furnished,4.0,East,8,Raipur,1400.0,3,3,3850000
Multistorey Apartment,Unfurnished,2.0,West,8,Raipur,1725.0,4,4,5880000
Multistorey Apartment,Unfurnished,0.0,East,8,Raipur,750.0,2,2,2757247
Multistorey Apartment,Semi-Furnished,3.0,East,12,Raipur,575.0,2,2,2800000
Multistorey Apartment,Semi-Furnished,3.0,East,8,Raipur,950.0,2,2,3100000
Multistorey Apartment,Semi-Furnished,3.0,East,8,Raipur,1300.0,3,3,4000000
Residential House,Semi-Furnished,2.0,East,2,Raipur,1600.0,3,4,4999999
Residential House,Semi-Furnished,2.0,East,2,Raipur,1175.0,3,4,3690000
Multistorey Apartment,Unfurnished,2.0,Unknown,6,Raipur,1000.0,3,2,3776000
Multistorey Apartment,Unfurnished,2.0,East,2,Raipur,822.0,2,2,3450000
Multistorey Apartment,Furnished,2.0,East,12,Raipur,1800.0,3,3,12000000
Residential House,Unfurnished,0.0,East,2,Raipur,1250.0,3,4,5000000
Multistorey Apartment,Unfurnished,4.0,East,10,Raipur,900.0,2,2,3450000
Multistorey Apartment,Unfurnished,2.0,Unknown,6,Raipur,1000.0,3,2,4050000
Villa,Unfurnished,2.0,East,2,Raipur,3200.0,5,5,8700000
Villa,Unfurnished,2.0,East,2,Raipur,1100.0,3,3,5000000
Residential House,Unfurnished,0.0,East,1,Raipur,1000.0,2,2,3450000
Residential House,Unfurnished,1.0,East,2,Raipur,1500.0,4,3,11100000
Multistorey Apartment,Unfurnished,0.0,East,8,Raipur,787.0,2,2,2887500
Residential House,Unfurnished,0.0,East,1,Raipur,1000.0,3,3,3500000
Residential House,Semi-Furnished,2.0,East,2,Raipur,1750.0,3,4,7425000
Multistorey Apartment,Semi-Furnished,2.0,East,8,Raipur,800.0,2,2,2650000
Residential House,Unfurnished,0.0,West,2,Raipur,1650.0,3,3,3950000
Villa,Unfurnished,2.0,East,2,Raipur,2200.0,4,4,6500000
Multistorey Apartment,Unfurnished,4.0,West,8,Raipur,900.0,2,2,3146500
Residential House,Unfurnished,0.0,West,1,Raipur,1250.0,3,4,5000000
Multistorey Apartment,Unfurnished,2.0,Unknown,6,Raipur,1000.0,3,2,4575000
Multistorey Apartment,Unfurnished,0.0,East,8,Raipur,805.0,2,2,3348000
Multistorey Apartment,Furnished,3.0,East,3,Raipur,1250.0,3,3,5100000
Multistorey Apartment,Unfurnished,2.0,Unknown,8,Raipur,910.0,2,2,3348000
Residential House,Semi-Furnished,2.0,East,2,Raipur,1450.0,3,4,5775000
Multistorey Apartment,Unfurnished,2.0,East,8,Raipur,800.0,2,2,3146500
Villa,Furnished,2.0,North,2,Goa,1000.0,3,5,32500000
Residential House,Unfurnished,1.0,West,2,Raipur,2000.0,4,3,11100000
Multistorey Apartment,Unfurnished,2.0,East,10,Raipur,950.0,2,2,3450000
Multistorey Apartment,Unfurnished,4.0,East,4,Goa,110.0,3,3,11000000
Multistorey Apartment,Furnished,2.0,Unknown,4,Goa,95.0,2,2,9500000
Multistorey Apartment,Furnished,1.0,Unknown,2,Goa,1000.0,2,2,16000000
Multistorey Apartment,Furnished,1.0,Unknown,3,Goa,1000.0,2,2,7600000
Multistorey Apartment,Unfurnished,1.0,Unknown,6,Goa,723.0,2,1,5474360
Villa,Furnished,2.0,East,2,Goa,1000.0,3,4,55000000
Multistorey Apartment,Unfurnished,4.0,North - West,7,Goa,1000.0,3,3,10000000
Villa,Furnished,2.0,North - East,2,Goa,210.0,3,2,26500000
Penthouse,Unfurnished,7.0,North,7,Goa,1000.0,5,6,90000000
Multistorey Apartment,Unfurnished,4.0,East,4,Goa,148.0,3,3,14000000
Villa,Furnished,2.0,East,3,Goa,3245.0,4,4,43500000
Residential House,Semi-Furnished,2.0,Unknown,2,Goa,220.0,4,4,25000000
Villa,Unfurnished,2.0,Unknown,4,Goa,1000.0,3,4,17000000
Multistorey Apartment,Semi-Furnished,6.0,East,8,Goa,1000.0,2,2,7000000
Multistorey Apartment,Unfurnished,3.0,East,3,Goa,1000.0,2,2,5600000
Multistorey Apartment,Unfurnished,2.0,Unknown,8,Goa,104.0,3,3,13300000
Villa,Unfurnished,2.0,Unknown,4,Goa,1000.0,3,3,27000000
Multistorey Apartment,Unfurnished,2.0,Unknown,7,Goa,1000.0,2,2,10000000
Villa,Unfurnished,2.0,Unknown,4,Goa,3711.0,4,4,62700000
Multistorey Apartment,Unfurnished,2.0,Unknown,4,Goa,1000.0,2,2,6311732
Villa,Unfurnished,2.0,Unknown,4,Goa,1000.0,4,4,63000000
Villa,Unfurnished,2.0,North,2,Goa,250.0,4,4,70000000
Multistorey Apartment,Unfurnished,1.0,Unknown,4,Goa,80.0,2,2,6300000
Multistorey Apartment,Furnished,0.0,Unknown,3,Goa,1230.0,2,2,14200000
Multistorey Apartment,Unfurnished,4.0,Unknown,5,Goa,2616.0,4,4,25000000
Villa,Furnished,2.0,Unknown,3,Goa,1000.0,4,4,37000000
Multistorey Apartment,Unfurnished,1.0,North,3,Goa,100.0,2,2,5900000
Multistorey Apartment,Furnished,1.0,East,3,Goa,1000.0,1,1,15000000
Multistorey Apartment,Furnished,1.0,Unknown,2,Goa,66.0,1,1,5548000
Multistorey Apartment,Semi-Furnished,2.0,Unknown,3,Goa,438.0,1,1,8210000
Multistorey Apartment,Furnished,2.0,East,3,Goa,81.0,1,1,6700000
Villa,Unfurnished,2.0,Unknown,2,Goa,5000.0,6,7,80000000
Multistorey Apartment,Unfurnished,3.0,Unknown,4,Goa,93.0,2,2,7700000
Multistorey Apartment,Unfurnished,2.0,Unknown,4,Goa,1000.0,2,2,7600000
Villa,Semi-Furnished,2.0,North,3,Goa,4680.0,4,6,48500000
Residential House,Unfurnished,1.0,North - East,1,Goa,788.0,4,2,120000000
Multistorey Apartment,Unfurnished,2.0,Unknown,3,Goa,1000.0,2,2,9590000
Multistorey Apartment,Furnished,1.0,North,2,Goa,1000.0,2,2,6200000
Villa,Unfurnished,2.0,Unknown,1,Goa,130.0,3,3,35000000
Multistorey Apartment,Unfurnished,6.0,Unknown,7,Goa,85.0,2,2,7000000
Builder Floor Apartment,Unfurnished,5.0,Unknown,5,Goa,1000.0,2,2,9500000
Villa,Unfurnished,2.0,East,2,Goa,1000.0,3,3,22200000
Multistorey Apartment,Unfurnished,2.0,North,6,Goa,103.0,2,2,9800000
Villa,Furnished,2.0,North,1,Goa,120.0,3,3,14000000
Multistorey Apartment,Semi-Furnished,1.0,Unknown,4,Goa,1000.0,2,2,6000000
Multistorey Apartment,Unfurnished,1.0,North - East,4,Goa,861.0,2,2,8000000
Multistorey Apartment,Unfurnished,3.0,Unknown,3,Goa,1000.0,3,3,12500000
Multistorey Apartment,Unfurnished,2.0,Unknown,8,Goa,125.0,3,3,8789000
Multistorey Apartment,Semi-Furnished,6.0,East,8,Goa,1000.0,1,1,4900000
Villa,Unfurnished,2.0,Unknown,2,Goa,1000.0,3,3,17000000
Multistorey Apartment,Unfurnished,1.0,Unknown,8,Goa,140.0,3,3,16000000
Multistorey Apartment,Semi-Furnished,1.0,East,3,Goa,47.0,1,1,9520000
Villa,Furnished,2.0,North,2,Goa,480.0,5,6,35000000
Multistorey Apartment,Unfurnished,3.0,North - West,4,Goa,95.0,2,2,6248000
Residential House,Unfurnished,0.0,East,1,Raipur,600.0,2,2,2750000
Residential House,Unfurnished,1.0,East,2,Raipur,2400.0,4,4,7400000
Residential House,Semi-Furnished,0.0,East,1,Raipur,1000.0,2,2,2700000
Residential House,Furnished,2.0,East,3,Raipur,3780.0,5,5,50000000
Multistorey Apartment,Unfurnished,1.0,East,8,Raipur,761.0,2,2,3145485
Multistorey Apartment,Unfurnished,2.0,Unknown,6,Raipur,1000.0,3,2,4069000
Multistorey Apartment,Semi-Furnished,3.0,East,3,Raipur,1300.0,3,3,3875500
Villa,Unfurnished,2.0,West,2,Raipur,1750.0,4,4,10000000
Multistorey Apartment,Unfurnished,7.0,North,10,Raipur,1052.0,3,3,4500000
Builder Floor Apartment,Unfurnished,2.0,Unknown,10,Raipur,1000.0,2,2,3031000
Residential House,Unfurnished,0.0,West,2,Raipur,1250.0,3,4,5000000
Residential House,Unfurnished,2.0,North - East,2,Raipur,1450.0,3,4,4500000
Residential House,Unfurnished,1.0,East,2,Raipur,1650.0,3,3,4200000
Multistorey Apartment,Unfurnished,2.0,Unknown,6,Raipur,1000.0,3,2,3627000
Multistorey Apartment,Semi-Furnished,1.0,East,12,Raipur,1850.0,4,4,8100000
Villa,Unfurnished,2.0,East,2,Raipur,1200.0,3,3,4150000
Multistorey Apartment,Unfurnished,4.0,Unknown,6,Raipur,1000.0,4,4,6000000
Multistorey Apartment,Unfurnished,1.0,East,8,Raipur,1000.0,2,2,3348000
Multistorey Apartment,Unfurnished,2.0,Unknown,4,Raipur,1000.0,2,2,3867500
Multistorey Apartment,Semi-Furnished,3.0,East,10,Raipur,2000.0,4,4,8695000
Residential House,Semi-Furnished,2.0,East,2,Raipur,1650.0,3,4,5175000
Residential House,Unfurnished,2.0,West,2,Raipur,1000.0,3,3,6500000
Residential House,Unfurnished,2.0,Unknown,3,Raipur,950.0,2,3,2500000
Builder Floor Apartment,Unfurnished,2.0,Unknown,10,Raipur,1000.0,2,2,3247200
Multistorey Apartment,Unfurnished,2.0,East,8,Raipur,900.0,2,2,3348000
Multistorey Apartment,Unfurnished,2.0,East,8,Raipur,750.0,2,2,3348000
Residential House,Unfurnished,1.0,East,1,Raipur,950.0,2,2,3100000
Residential House,Unfurnished,0.0,East,1,Raipur,1600.0,3,3,5600000
Multistorey Apartment,Unfurnished,1.0,North - East,4,Raipur,800.0,2,2,3600000
Residential House,Unfurnished,0.0,East,1,Raipur,900.0,2,2,2780000
Villa,Unfurnished,2.0,Unknown,2,Raipur,1000.0,3,3,9600000
Multistorey Apartment,Unfurnished,2.0,Unknown,4,Raipur,1000.0,3,3,4251000
Multistorey Apartment,Unfurnished,2.0,Unknown,4,Raipur,1000.0,4,4,7344500
Residential House,Unfurnished,2.0,Unknown,2,Raipur,1000.0,3,3,7500000
Residential House,Semi-Furnished,2.0,East,3,Raipur,1250.0,4,2,7500000
Residential House,Semi-Furnished,2.0,South,2,Raipur,1500.0,4,4,8500000
Residential House,Unfurnished,0.0,East,2,Raipur,1000.0,3,3,5000000
Multistorey Apartment,Semi-Furnished,2.0,East,10,Raipur,1300.0,3,3,4199999
Multistorey Apartment,Semi-Furnished,4.0,East,8,Raipur,1000.0,2,2,2850000
Builder Floor Apartment,Unfurnished,2.0,Unknown,10,Raipur,1000.0,2,2,2952000
Multistorey Apartment,Unfurnished,2.0,East,8,Raipur,700.0,2,2,3146500
Multistorey Apartment,Unfurnished,4.0,East,8,Raipur,810.0,2,2,3348000
Villa,Semi-Furnished,2.0,East,2,Raipur,1500.0,3,4,4699000
Villa,Semi-Furnished,2.0,East,1,Raipur,2900.0,4,5,15000000
Villa,Semi-Furnished,2.0,North - West,2,Raipur,3000.0,4,4,9900000
Multistorey Apartment,Unfurnished,1.0,East,10,Raipur,430.0,1,1,1940000
Multistorey Apartment,Unfurnished,10.0,Unknown,10,Raipur,630.0,2,2,3972500
Multistorey Apartment,Unfurnished,4.0,Unknown,10,Raipur,1000.0,4,4,8230000
Multistorey Apartment,Furnished,1.0,East,8,Raipur,1000.0,2,2,3146500
Multistorey Apartment,Unfurnished,2.0,Unknown,4,Raipur,1000.0,3,2,3836000
Villa,Unfurnished,2.0,North - East,2,Raipur,1400.0,3,3,4900000
Multistorey Apartment,Unfurnished,2.0,Unknown,4,Raipur,1000.0,3,3,5957000
Multistorey Apartment,Furnished,4.0,East,4,Raipur,1900.0,4,4,7000000
Multistorey Apartment,Unfurnished,4.0,West,8,Raipur,1000.0,3,3,3600000
Residential House,Semi-Furnished,2.0,East,2,Raipur,1300.0,3,4,3803600
Villa,Unfurnished,2.0,North,2,Raipur,2000.0,5,4,17500000
Villa,Unfurnished,2.0,East,3,Goa,1000.0,3,4,35000000
Multistorey Apartment,Unfurnished,1.0,North - West,6,Goa,1000.0,3,3,15000000
Villa,Furnished,2.0,North - East,2,Goa,227.0,3,3,45000000
Multistorey Apartment,Unfurnished,3.0,Unknown,5,Goa,127.0,3,2,9500000
Multistorey Apartment,Semi-Furnished,1.0,Unknown,3,Goa,55.0,1,1,3700000
Multistorey Apartment,Unfurnished,2.0,Unknown,5,Goa,1000.0,2,2,9700000
Multistorey Apartment,Unfurnished,2.0,East,3,Goa,1000.0,2,2,9300000
Multistorey Apartment,Unfurnished,2.0,Unknown,8,Goa,87.0,2,2,10900000
Villa,Unfurnished,2.0,Unknown,4,Goa,1000.0,4,5,23000000
Multistorey Apartment,Furnished,2.0,Unknown,2,Goa,1000.0,3,3,55000000
Multistorey Apartment,Unfurnished,2.0,Unknown,4,Goa,1000.0,2,2,6301308
Multistorey Apartment,Unfurnished,2.0,Unknown,7,Goa,1000.0,2,2,10500000
Villa,Unfurnished,2.0,Unknown,4,Goa,1000.0,3,3,28800000
Villa,Unfurnished,2.0,Unknown,4,Goa,3710.0,4,4,61000000
Multistorey Apartment,Unfurnished,3.0,Unknown,4,Goa,70.0,1,1,5550000
Multistorey Apartment,Furnished,1.0,North - East,2,Goa,1111.0,2,2,9500000
Villa,Unfurnished,2.0,Unknown,4,Goa,1000.0,4,4,62000000
Villa,Furnished,2.0,North - East,1,Goa,145.0,3,4,45500000
Multistorey Apartment,Furnished,1.0,Unknown,4,Goa,1000.0,2,2,17000000
Villa,Semi-Furnished,2.0,North,2,Goa,223.0,4,4,39000000
Villa,Furnished,2.0,East,2,Goa,1000.0,3,3,35000000
Multistorey Apartment,Unfurnished,1.0,North,3,Goa,96.0,2,2,7000000
Multistorey Apartment,Unfurnished,2.0,Unknown,4,Goa,98.0,2,2,7500000
Penthouse,Furnished,1.0,Unknown,2,Goa,1446.0,2,3,11000000
Multistorey Apartment,Furnished,2.0,Unknown,4,Goa,72.0,1,2,11500000
Multistorey Apartment,Semi-Furnished,3.0,Unknown,4,Goa,71.0,2,2,11200000
Villa,Furnished,2.0,Unknown,2,Goa,1000.0,3,2,26500000
Multistorey Apartment,Unfurnished,4.0,Unknown,4,Goa,1000.0,3,3,16500000
Villa,Semi-Furnished,2.0,North,2,Goa,1395.0,3,4,22800000
Multistorey Apartment,Unfurnished,2.0,Unknown,4,Goa,1000.0,1,1,5500000
Residential House,Furnished,-0.5,Unknown,1,Goa,1000.0,4,3,13000000
Villa,Furnished,2.0,North - East,3,Goa,350.0,4,5,90000000
Multistorey Apartment,Semi-Furnished,2.0,Unknown,3,Goa,107.0,3,2,7500000
Multistorey Apartment,Semi-Furnished,2.0,East,4,Goa,1000.0,2,2,11600000
Multistorey Apartment,Unfurnished,2.0,North,5,Goa,95.0,2,2,7000000
Residential House,Unfurnished,0.0,Unknown,1,Goa,125.0,2,2,24000000
Multistorey Apartment,Semi-Furnished,1.0,North - East,3,Goa,95.0,2,2,6000000
Villa,Unfurnished,2.0,North - East,1,Goa,120.0,3,3,14402772
Penthouse,Unfurnished,1.0,Unknown,4,Goa,175.0,3,3,20000000
Multistorey Apartment,Unfurnished,1.0,East,4,Goa,1000.0,3,3,12500000
Residential House,Unfurnished,2.0,East,2,Goa,100.0,2,2,8000000
Builder Floor Apartment,Unfurnished,2.0,Unknown,10,Raipur,1000.0,2,2,3126200
Residential House,Unfurnished,2.0,East,2,Raipur,1258.0,3,4,5000000
Multistorey Apartment,Unfurnished,3.0,East,8,Raipur,875.0,2,2,3146500
Residential House,Unfurnished,0.0,West,2,Raipur,1100.0,3,4,5000000
Multistorey Apartment,Unfurnished,3.0,West,8,Raipur,548.0,2,2,2914821
Residential House,Semi-Furnished,0.0,East,1,Raipur,2200.0,3,4,8000000
Multistorey Apartment,Unfurnished,3.0,East,8,Raipur,800.0,2,2,3146500
Villa,Semi-Furnished,2.0,West,2,Raipur,2100.0,4,4,9000000
Multistorey Apartment,Unfurnished,1.0,East,8,Raipur,1015.0,2,2,3146000
Residential House,Unfurnished,2.0,North - East,2,Raipur,1200.0,3,3,5400000
Multistorey Apartment,Unfurnished,6.0,Unknown,8,Raipur,1000.0,3,3,5217600
Multistorey Apartment,Unfurnished,2.0,Unknown,4,Raipur,1000.0,3,2,3800000
Villa,Unfurnished,2.0,Unknown,3,Raipur,3310.0,4,5,16550000
Multistorey Apartment,Unfurnished,0.0,East,8,Raipur,1000.0,2,2,2758250
Residential House,Unfurnished,2.0,Unknown,2,Raipur,2400.0,4,4,27000000
Residential House,Unfurnished,2.0,East,1,Raipur,750.0,2,2,2727000
Multistorey Apartment,Unfurnished,2.0,Unknown,4,Raipur,1000.0,3,3,5901500
Multistorey Apartment,Semi-Furnished,2.0,East,2,Raipur,800.0,2,2,3348000
Builder Floor Apartment,Unfurnished,2.0,Unknown,10,Raipur,1000.0,2,2,2842000
Multistorey Apartment,Semi-Furnished,3.0,East,10,Raipur,1300.0,3,3,5800000
Multistorey Apartment,Unfurnished,5.0,East,10,Raipur,1000.0,3,3,7000000
Multistorey Apartment,Furnished,0.0,South,12,Raipur,2300.0,4,3,12000000
Multistorey Apartment,Unfurnished,5.0,East,8,Raipur,800.0,2,2,2887500
Multistorey Apartment,Unfurnished,8.0,East,8,Raipur,950.0,2,2,3348000
Multistorey Apartment,Unfurnished,1.0,West,8,Raipur,548.0,2,2,3074537
Residential House,Unfurnished,0.0,East,2,Raipur,1838.0,3,4,6500000
Multistorey Apartment,Unfurnished,1.0,East,8,Raipur,1300.0,3,3,4436100
Villa,Semi-Furnished,2.0,West,2,Raipur,3800.0,4,5,9900000
Residential House,Semi-Furnished,1.0,East,1,Raipur,1400.0,3,3,4500000
Multistorey Apartment,Unfurnished,2.0,Unknown,4,Raipur,1000.0,2,2,3152000
Multistorey Apartment,Unfurnished,3.0,North - East,10,Raipur,1100.0,3,2,3640000
Multistorey Apartment,Unfurnished,5.0,Unknown,8,Raipur,1000.0,4,3,5794800
Villa,Unfurnished,2.0,Unknown,2,Raipur,2695.0,4,5,13500000
Multistorey Apartment,Unfurnished,2.0,Unknown,4,Raipur,1000.0,2,2,3899000
Residential House,Unfurnished,1.0,Unknown,2,Raipur,1750.0,3,3,7000000
Residential House,Unfurnished,2.0,Unknown,2,Raipur,1800.0,3,3,7000000
Multistorey Apartment,Unfurnished,4.0,East,4,Raipur,650.0,2,2,2600000
Residential House,Unfurnished,2.0,East,1,Raipur,900.0,2,2,2200000
Villa,Furnished,2.0,East,2,Raipur,1250.0,4,4,8000000
Residential House,Unfurnished,0.0,East,1,Raipur,1000.0,3,3,3700000
Residential House,Furnished,0.0,West,2,Raipur,2500.0,5,4,13000000
Multistorey Apartment,Unfurnished,1.0,East,10,Raipur,1130.0,3,3,4350000
Builder Floor Apartment,Unfurnished,2.0,Unknown,10,Raipur,1000.0,2,2,3092100
Multistorey Apartment,Unfurnished,8.0,North - East,10,Raipur,1200.0,3,3,6500000
Multistorey Apartment,Semi-Furnished,2.0,East,2,Raipur,775.0,2,2,3146500
Multistorey Apartment,Furnished,3.0,East,8,Raipur,1350.0,3,3,5500000
Multistorey Apartment,Unfurnished,2.0,West,5,Raipur,1000.0,4,4,11256000
Residential House,Semi-Furnished,1.0,East,2,Raipur,1475.0,4,5,4190000
Villa,Furnished,2.0,North,2,Goa,380.0,4,5,85000000
Multistorey Apartment,Unfurnished,7.0,Unknown,8,Goa,1248.0,3,3,9294410
Residential House,Furnished,-1.0,Unknown,2,Goa,160.0,3,3,25000000
Villa,Semi-Furnished,2.0,East,2,Goa,1000.0,3,3,25000000
Multistorey Apartment,Furnished,5.0,Unknown,8,Goa,120.0,2,2,9500000
Multistorey Apartment,Unfurnished,2.0,North - East,8,Goa,1350.0,3,3,9700000
Villa,Furnished,2.0,East,3,Goa,3000.0,4,4,50000000
Villa,Semi-Furnished,2.0,Unknown,1,Goa,160.0,3,3,25000000
Multistorey Apartment,Unfurnished,2.0,Unknown,3,Goa,86.0,2,2,4300000
Villa,Furnished,2.0,North - East,2,Goa,300.0,7,7,100000000
Multistorey Apartment,Unfurnished,5.0,North - East,7,Goa,1000.0,2,2,11500000
Residential House,Unfurnished,0.0,Unknown,1,Goa,1000.0,2,2,35000000
Villa,Semi-Furnished,2.0,East,2,Goa,1000.0,3,4,66000000
Multistorey Apartment,Unfurnished,2.0,East,3,Goa,1000.0,3,3,11600000
Multistorey Apartment,Unfurnished,2.0,Unknown,4,Goa,1000.0,2,2,7000000
Multistorey Apartment,Unfurnished,2.0,Unknown,5,Goa,1000.0,1,1,6950000
Multistorey Apartment,Unfurnished,2.0,Unknown,4,Goa,1000.0,2,2,6296096
Villa,Unfurnished,2.0,South - East,2,Goa,141.0,3,4,42800000
Multistorey Apartment,Unfurnished,2.0,Unknown,7,Goa,1000.0,2,2,10200000
Villa,Unfurnished,2.0,Unknown,4,Goa,3709.0,4,4,60000000
Villa,Unfurnished,2.0,Unknown,4,Goa,1000.0,4,4,61000000
Multistorey Apartment,Unfurnished,-0.5,Unknown,4,Goa,85.0,2,2,5450000
Villa,Furnished,2.0,North,2,Goa,317.0,4,4,75000000
Multistorey Apartment,Unfurnished,4.0,Unknown,5,Goa,567.0,1,1,7300000
Villa,Unfurnished,2.0,East,2,Goa,250.0,3,3,26500000
Villa,Furnished,2.0,Unknown,2,Goa,270.0,5,3,33000000
Penthouse,Unfurnished,3.0,North - East,3,Goa,1055.0,2,2,11500000
Multistorey Apartment,Unfurnished,4.0,Unknown,4,Goa,48.0,1,1,8400000
Multistorey Apartment,Unfurnished,1.0,East,3,Goa,181.0,3,3,11500000
Penthouse,Unfurnished,4.0,Unknown,4,Goa,2677.0,4,4,18000000
Villa,Furnished,2.0,Unknown,2,Goa,1000.0,3,3,57500000
Multistorey Apartment,Unfurnished,4.0,Unknown,8,Goa,119.0,2,2,14000000
Multistorey Apartment,Furnished,2.0,Unknown,2,Goa,54.0,1,1,5800000
Multistorey Apartment,Furnished,1.0,Unknown,4,Goa,290.0,1,1,6243600
Multistorey Apartment,Unfurnished,2.0,North,8,Goa,732.0,2,2,6300000
Villa,Unfurnished,2.0,North - East,2,Goa,2061.0,4,4,37555555
Multistorey Apartment,Unfurnished,2.0,Unknown,4,Goa,1000.0,1,1,5400000
Villa,Unfurnished,2.0,Unknown,2,Goa,1000.0,3,4,29500000
Multistorey Apartment,Furnished,1.0,North,3,Goa,1000.0,2,1,6200000
Villa,Semi-Furnished,2.0,Unknown,3,Goa,165.0,4,4,15500000
Multistorey Apartment,Semi-Furnished,2.0,Unknown,3,Goa,137.0,3,2,14200000
Villa,Unfurnished,2.0,North - West,2,Goa,1380.0,4,3,13000000
Multistorey Apartment,Unfurnished,3.0,East,10,Raipur,830.0,2,2,3450000
Multistorey Apartment,Unfurnished,8.0,North,8,Raipur,1216.0,3,3,3774600
Villa,Unfurnished,2.0,South - East,2,Raipur,1300.0,3,3,5000000
Multistorey Apartment,Unfurnished,6.0,North - East,8,Raipur,5000.0,2,2,1700000
Multistorey Apartment,Unfurnished,4.0,Unknown,8,Raipur,1000.0,2,2,2941040
Villa,Unfurnished,2.0,Unknown,2,Raipur,1840.0,3,3,8832000
Multistorey Apartment,Unfurnished,2.0,Unknown,4,Raipur,1000.0,2,2,3430000
Multistorey Apartment,Unfurnished,2.0,North,8,Raipur,650.0,2,2,3348000
Residential House,Semi-Furnished,0.0,East,1,Raipur,1300.0,3,3,6100000
Residential House,Unfurnished,0.0,West,1,Raipur,900.0,1,1,1750000
Multistorey Apartment,Unfurnished,1.0,Unknown,10,Raipur,597.0,2,2,2715000
Multistorey Apartment,Unfurnished,2.0,East,10,Raipur,980.0,3,2,3770000
Residential House,Unfurnished,2.0,East,2,Raipur,1100.0,3,3,3333000
Multistorey Apartment,Unfurnished,3.0,East,10,Raipur,1200.0,3,3,6950000
Residential House,Unfurnished,2.0,Unknown,1,Raipur,880.0,2,2,3500000
Residential House,Unfurnished,1.0,Unknown,1,Raipur,1000.0,3,3,5000000
Residential House,Unfurnished,2.0,West,2,Raipur,1000.0,3,3,5500000
Multistorey Apartment,Furnished,3.0,East,10,Raipur,1780.0,3,3,9000000
Multistorey Apartment,Semi-Furnished,2.0,East,8,Raipur,800.0,2,2,3146500
Multistorey Apartment,Unfurnished,2.0,Unknown,4,Raipur,1000.0,2,2,3902500
Villa,Furnished,2.0,East,2,Raipur,3000.0,3,4,35000000
Residential House,Unfurnished,0.0,East,1,Raipur,968.0,3,3,4000000
Builder Floor Apartment,Unfurnished,2.0,Unknown,10,Raipur,1000.0,2,2,2811000
Multistorey Apartment,Semi-Furnished,3.0,East,4,Raipur,1000.0,2,2,4000000
Residential House,Unfurnished,1.0,North - East,3,Raipur,2045.0,4,4,9500000
Builder Floor Apartment,Unfurnished,2.0,Unknown,10,Raipur,1113.0,3,3,5341347
Villa,Unfurnished,2.0,East,1,Raipur,1375.0,3,4,5290000
Multistorey Apartment,Unfurnished,2.0,East,10,Raipur,865.0,2,2,4401900
Multistorey Apartment,Semi-Furnished,2.0,East,6,Raipur,932.0,2,2,3018500
Multistorey Apartment,Unfurnished,5.0,North,8,Raipur,735.0,2,2,2887500
Multistorey Apartment,Unfurnished,4.0,East,10,Raipur,1100.0,3,3,4500000
Multistorey Apartment,Unfurnished,3.0,East,6,Raipur,800.0,2,2,2987600
Multistorey Apartment,Unfurnished,4.0,East,8,Raipur,1200.0,3,3,3874000
Villa,Unfurnished,2.0,West,3,Raipur,2930.0,4,5,14650000
Multistorey Apartment,Unfurnished,2.0,Unknown,4,Raipur,1000.0,2,2,3380000
Multistorey Apartment,Unfurnished,1.0,East,10,Raipur,933.0,3,3,3825000
Multistorey Apartment,Unfurnished,3.0,Unknown,8,Raipur,1000.0,3,3,3286000
Villa,Semi-Furnished,2.0,East,1,Goa,115.0,2,2,20000000
Builder Floor Apartment,Furnished,1.0,East,3,Goa,106.0,2,2,7600000
Multistorey Apartment,Unfurnished,2.0,North - East,2,Goa,90.0,2,2,5000000
Multistorey Apartment,Furnished,1.0,East,3,Goa,78.0,2,2,5000000
Villa,Unfurnished,2.0,East,2,Goa,190.0,4,4,20360797
Villa,Semi-Furnished,2.0,North,3,Goa,1000.0,4,6,48000000
Multistorey Apartment,Unfurnished,7.0,East,7,Goa,1000.0,2,2,8600000
Villa,Unfurnished,2.0,North,3,Goa,2500.0,4,4,50000000
Multistorey Apartment,Furnished,3.0,Unknown,4,Goa,100.0,2,2,11000000
Multistorey Apartment,Semi-Furnished,4.0,Unknown,4,Goa,1000.0,2,2,8000000
Multistorey Apartment,Furnished,4.0,East,4,Goa,1000.0,1,1,8000000
Villa,Furnished,2.0,North,2,Goa,200.0,3,4,60000000
Villa,Furnished,2.0,East,2,Goa,191.0,4,4,49900000
Villa,Furnished,2.0,North - West,1,Goa,150.0,3,3,18000000
Villa,Semi-Furnished,2.0,East,2,Goa,1000.0,4,4,35000000
Multistorey Apartment,Furnished,2.0,North - East,5,Goa,914.0,2,1,12000000
Villa,Furnished,2.0,East,2,Goa,1000.0,5,6,140000000
Residential House,Unfurnished,2.0,North - East,2,Goa,1000.0,6,4,30000000
Villa,Furnished,2.0,Unknown,4,Goa,256.0,4,4,90000000
Multistorey Apartment,Unfurnished,2.0,Unknown,4,Goa,1000.0,4,4,30000000
Villa,Unfurnished,2.0,East,1,Goa,350.0,4,3,37500000
Multistorey Apartment,Unfurnished,2.0,Unknown,5,Goa,1000.0,1,1,6770000
Multistorey Apartment,Unfurnished,1.0,North - West,5,Goa,84.0,2,2,6509600
Multistorey Apartment,Unfurnished,2.0,Unknown,4,Goa,1000.0,2,2,6332580
Villa,Unfurnished,2.0,Unknown,2,Goa,1000.0,4,5,55000000
Villa,Unfurnished,2.0,Unknown,4,Goa,3708.0,4,4,56000000
Villa,Unfurnished,2.0,Unknown,4,Goa,1000.0,4,4,60000000
Multistorey Apartment,Unfurnished,2.0,Unknown,7,Goa,1000.0,2,2,9950000
Villa,Furnished,2.0,North,1,Goa,375.0,4,5,165000000
Multistorey Apartment,Unfurnished,-0.5,Unknown,3,Goa,85.0,2,2,5350000
Multistorey Apartment,Furnished,1.0,East,3,Goa,1000.0,2,2,14500000
Villa,Furnished,2.0,North - East,1,Goa,285.0,4,4,40000000
Villa,Furnished,2.0,Unknown,2,Goa,1000.0,3,3,72500000
Builder Floor Apartment,Semi-Furnished,1.0,East,3,Raipur,7500.0,10,10,20000000
Multistorey Apartment,Unfurnished,2.0,East,8,Raipur,810.0,2,2,3348000
Villa,Furnished,2.0,East,3,Raipur,1800.0,6,5,21000000
Residential House,Unfurnished,2.0,Unknown,1,Raipur,799.0,2,2,2699000
Multistorey Apartment,Semi-Furnished,3.0,East,6,Raipur,1300.0,3,3,3500000
Multistorey Apartment,Furnished,2.0,East,6,Raipur,1000.0,3,3,7800000
Multistorey Apartment,Unfurnished,2.0,Unknown,4,Raipur,1000.0,2,2,3878000
Residential House,Unfurnished,0.0,East,1,Raipur,1000.0,2,2,3850000
Multistorey Apartment,Semi-Furnished,2.0,East,8,Raipur,750.0,2,2,3348000
Multistorey Apartment,Unfurnished,1.0,East,11,Raipur,705.0,2,2,3680000
Residential House,Unfurnished,1.0,East,2,Raipur,1350.0,3,3,4500000
Penthouse,Unfurnished,8.0,East,4,Raipur,4100.0,5,7,35000000
Multistorey Apartment,Unfurnished,1.0,East,4,Raipur,573.0,2,2,3132500
Multistorey Apartment,Unfurnished,1.0,East,6,Raipur,952.0,2,2,3500000
Multistorey Apartment,Unfurnished,3.0,East,4,Raipur,1050.0,2,2,4000000
Multistorey Apartment,Unfurnished,5.0,East,10,Raipur,1100.0,3,3,4500000
Residential House,Semi-Furnished,1.0,East,2,Raipur,790.0,2,3,3290000
Residential House,Semi-Furnished,0.0,East,1,Raipur,700.0,2,2,2500000
Residential House,Unfurnished,0.0,West,2,Raipur,1200.0,3,2,5200000
Multistorey Apartment,Unfurnished,4.0,East,8,Raipur,1770.0,4,4,5880000
Villa,Semi-Furnished,2.0,West,2,Raipur,1800.0,4,4,6400000
Builder Floor Apartment,Unfurnished,2.0,Unknown,10,Raipur,871.0,2,2,4113999
Multistorey Apartment,Unfurnished,2.0,Unknown,6,Raipur,1000.0,3,3,4535000
Multistorey Apartment,Unfurnished,2.0,Unknown,8,Raipur,1000.0,3,3,4070000
Multistorey Apartment,Unfurnished,3.0,East,8,Raipur,1850.0,4,4,5670000
Multistorey Apartment,Unfurnished,1.0,East,10,Raipur,850.0,2,2,3092000
Multistorey Apartment,Unfurnished,3.0,North - West,5,Goa,115.0,3,2,8000000
Residential House,Unfurnished,2.0,Unknown,2,Goa,1884.0,3,4,12000000
Multistorey Apartment,Unfurnished,5.0,South - East,5,Goa,108.0,2,3,5750000
Multistorey Apartment,Unfurnished,6.0,North,7,Goa,99.0,3,3,11500000
Multistorey Apartment,Semi-Furnished,2.0,Unknown,4,Goa,1000.0,2,2,5900000
Multistorey Apartment,Unknown,2.0,Unknown,4,Goa,1000.0,2,2,6500000
Multistorey Apartment,Unfurnished,1.0,North,4,Goa,1000.0,3,3,47500000
Multistorey Apartment,Unfurnished,1.0,Unknown,7,Goa,44.0,1,1,4900000
Villa,Furnished,2.0,Unknown,2,Goa,1000.0,3,2,100000
Multistorey Apartment,Unknown,2.0,Unknown,4,Goa,1000.0,2,2,4900000
Multistorey Apartment,Furnished,0.0,Unknown,2,Goa,780.0,2,2,7050000
Multistorey Apartment,Furnished,0.0,Unknown,3,Goa,1000.0,2,2,18500000
Multistorey Apartment,Furnished,2.0,Unknown,2,Goa,1000.0,1,1,5900000
Residential House,Furnished,0.0,Unknown,3,Goa,1000.0,8,4,40000000
Multistorey Apartment,Unfurnished,2.0,East,2,Goa,85.0,2,2,6500000
Multistorey Apartment,Unknown,0.0,North - East,2,Goa,865.0,2,2,8550000
Residential House,Unfurnished,3.0,Unknown,3,Goa,1000.0,3,4,12000000
Multistorey Apartment,Unfurnished,0.0,East,2,Goa,95.0,2,2,5200000
Multistorey Apartment,Semi-Furnished,1.0,North - East,3,Goa,1000.0,2,1,4800000
Multistorey Apartment,Unfurnished,1.0,Unknown,3,Goa,85.0,2,2,5000000
Multistorey Apartment,Unfurnished,2.0,Unknown,3,Goa,107.0,2,2,6500000
Builder Floor Apartment,Semi-Furnished,1.0,Unknown,3,Goa,1000.0,2,2,25600000
Multistorey Apartment,Unfurnished,2.0,North,3,Goa,114.0,2,2,8000000
Multistorey Apartment,Unfurnished,2.0,North - East,4,Goa,540.0,2,2,8500000
Villa,Furnished,2.0,Unknown,2,Goa,270.0,6,5,38000000
Penthouse,Semi-Furnished,2.0,Unknown,2,Goa,1000.0,3,3,12500000
Villa,Unfurnished,2.0,West,3,Raipur,3310.0,4,5,16550000
Residential House,Unfurnished,1.0,East,1,Raipur,693.0,2,2,2400000
Residential House,Unfurnished,0.0,East,2,Raipur,1000.0,3,3,3800000
Multistorey Apartment,Unfurnished,4.0,Unknown,4,Raipur,1000.0,2,2,3000000
Residential House,Unfurnished,0.0,Unknown,1,Raipur,1000.0,2,1,2300000
Multistorey Apartment,Semi-Furnished,3.0,Unknown,6,Raipur,1000.0,2,2,2550000
Residential House,Semi-Furnished,0.0,East,2,Raipur,1642.0,3,3,7900000
Multistorey Apartment,Unfurnished,5.0,Unknown,6,Raipur,784.0,2,2,3200000
Multistorey Apartment,Unknown,2.0,Unknown,4,Raipur,1000.0,2,2,3000000
Residential House,Unknown,2.0,Unknown,4,Raipur,1000.0,4,2,8500000
Villa,Unfurnished,2.0,East,2,Raipur,1220.0,3,3,4999000
Multistorey Apartment,Unfurnished,4.0,East,6,Raipur,910.0,2,2,2500000
Residential House,Unfurnished,0.0,West,2,Raipur,3200.0,3,3,12500000
Residential House,Unfurnished,1.0,Unknown,1,Raipur,1000.0,3,3,3200000
Residential House,Unfurnished,0.0,Unknown,1,Raipur,1000.0,2,2,4500000
Multistorey Apartment,Semi-Furnished,2.0,Unknown,6,Raipur,1500.0,3,3,6200000
Multistorey Apartment,Unfurnished,2.0,Unknown,6,Raipur,1000.0,2,2,2926000
Residential House,Furnished,0.0,Unknown,3,Raipur,1000.0,3,4,7500000
Residential House,Unfurnished,0.0,East,1,Raipur,1000.0,2,1,1700000
Multistorey Apartment,Unfurnished,3.0,Unknown,6,Raipur,1000.0,2,2,2471000
Villa,Semi-Furnished,2.0,Unknown,2,Raipur,1000.0,3,3,11000000
Residential House,Unfurnished,2.0,East,2,Raipur,1600.0,3,3,5500000
Multistorey Apartment,Unfurnished,2.0,East,8,Raipur,1012.0,3,3,6220500
Residential House,Unfurnished,2.0,West,2,Raipur,8400.0,5,6,56000000
Residential House,Unfurnished,0.0,Unknown,2,Raipur,1100.0,3,3,5600000
Multistorey Apartment,Unfurnished,1.0,East,10,Raipur,1750.0,3,3,6541200
Multistorey Apartment,Unfurnished,1.0,East,10,Raipur,600.0,1,1,1940000
Multistorey Apartment,Furnished,1.0,Unknown,4,Goa,1000.0,2,1,8000000
Penthouse,Unfurnished,3.0,West,3,Goa,1000.0,2,2,8500000
Villa,Furnished,2.0,North,2,Goa,250.0,3,3,95000000
Multistorey Apartment,Semi-Furnished,1.0,East,8,Goa,1000.0,3,3,15000000
Multistorey Apartment,Semi-Furnished,5.0,East,7,Goa,1000.0,3,3,17400000
Villa,Unfurnished,2.0,Unknown,2,Goa,1000.0,3,3,29000000
Studio Apartment,Furnished,1.0,Unknown,4,Goa,600.0,3,1,7500000
Multistorey Apartment,Unfurnished,3.0,North,4,Goa,140.0,3,3,16000000
Villa,Furnished,2.0,North,2,Goa,230.0,4,4,75000000
Multistorey Apartment,Unfurnished,1.0,North,5,Goa,1440.0,2,2,19000000
Multistorey Apartment,Unfurnished,3.0,Unknown,3,Goa,1000.0,2,2,7500000
Multistorey Apartment,Unfurnished,4.0,North - East,5,Goa,80.0,2,2,5924160
Multistorey Apartment,Semi-Furnished,2.0,North,8,Goa,153.0,3,3,12000000
Multistorey Apartment,Furnished,2.0,Unknown,8,Goa,1450.0,3,2,25000000
Villa,Semi-Furnished,2.0,East,2,Goa,1000.0,4,4,80000000
Residential House,Furnished,0.0,West,1,Goa,1000.0,3,3,58000000
Villa,Furnished,2.0,East,2,Goa,1000.0,3,3,33500000
Multistorey Apartment,Unfurnished,5.0,North - East,5,Goa,1000.0,2,2,8300000
Residential House,Unfurnished,2.0,East,1,Goa,308.0,3,2,36000000
Villa,Furnished,2.0,Unknown,2,Goa,195.0,5,5,38500000
Multistorey Apartment,Semi-Furnished,1.0,North - East,4,Goa,2193.0,3,3,26500000
Multistorey Apartment,Semi-Furnished,3.0,Unknown,4,Goa,1000.0,2,2,6500000
Multistorey Apartment,Unfurnished,2.0,Unknown,4,Goa,1000.0,2,2,13200000
Villa,Unfurnished,2.0,East,2,Goa,700.0,4,4,45000000
Villa,Unfurnished,2.0,East,2,Goa,1000.0,5,5,48000000
Multistorey Apartment,Unfurnished,2.0,Unknown,4,Goa,1000.0,2,2,6700000
Multistorey Apartment,Semi-Furnished,2.0,Unknown,3,Goa,1600.0,3,3,28000000
Multistorey Apartment,Unfurnished,2.0,Unknown,5,Goa,1000.0,1,1,6550000
Villa,Unfurnished,2.0,Unknown,4,Goa,3707.0,4,4,54000000
Multistorey Apartment,Unfurnished,2.0,Unknown,7,Goa,1000.0,2,2,11000000
Multistorey Apartment,Furnished,1.0,Unknown,5,Goa,907.0,1,1,9500000
Villa,Unfurnished,2.0,Unknown,4,Goa,1000.0,3,4,19000000
Villa,Unfurnished,2.0,Unknown,4,Goa,1000.0,4,4,57000000
Multistorey Apartment,Unfurnished,1.0,North,2,Goa,40.0,1,1,5200000
Villa,Unfurnished,2.0,North,4,Goa,1000.0,6,7,85000000
Multistorey Apartment,Unfurnished,2.0,Unknown,4,Goa,1000.0,2,2,6306520
Multistorey Apartment,Unfurnished,2.0,Unknown,4,Goa,85.0,2,2,5450000
Villa,Furnished,2.0,North,2,Goa,238.0,3,4,75000000
Villa,Semi-Furnished,2.0,East,1,Goa,1524.0,3,3,14500000
Multistorey Apartment,Unfurnished,2.0,Unknown,3,Goa,1000.0,2,2,9000000
Residential House,Furnished,0.0,Unknown,1,Goa,585.0,4,3,42500000
Villa,Semi-Furnished,2.0,Unknown,1,Goa,759.0,3,3,14500860
Multistorey Apartment,Semi-Furnished,2.0,East,10,Raipur,885.0,2,2,3333850
Villa,Semi-Furnished,2.0,East,2,Raipur,3500.0,5,5,14100000
Residential House,Unfurnished,2.0,South,2,Raipur,1000.0,3,2,3100000
Residential House,Unfurnished,2.0,North,2,Raipur,1200.0,2,2,3000000
Residential House,Unfurnished,1.0,South - East,2,Raipur,1452.0,4,4,6500000
Villa,Unfurnished,2.0,East,2,Raipur,3000.0,3,3,35000000
Multistorey Apartment,Unfurnished,6.0,East,8,Raipur,1618.0,3,3,6600000
Multistorey Apartment,Unfurnished,3.0,South,10,Raipur,573.0,2,2,3111000
Multistorey Apartment,Unfurnished,1.0,North,8,Raipur,582.0,2,2,3220000
Residential House,Furnished,0.0,East,4,Raipur,1550.0,4,4,25000000
Residential House,Semi-Furnished,1.0,North,1,Raipur,975.0,2,3,3450000
Multistorey Apartment,Unfurnished,2.0,West,10,Raipur,1000.0,3,3,8987000
Multistorey Apartment,Semi-Furnished,4.0,Unknown,6,Raipur,910.0,2,2,3050000
Multistorey Apartment,Furnished,1.0,East,8,Raipur,1015.0,2,2,3100000
Multistorey Apartment,Unfurnished,2.0,East,10,Raipur,850.0,2,2,3450000
Multistorey Apartment,Unfurnished,4.0,North,10,Raipur,808.0,2,2,3450000
Residential House,Unfurnished,2.0,Unknown,1,Raipur,600.0,2,1,2900000
Multistorey Apartment,Unfurnished,7.0,East,8,Raipur,1216.0,3,3,3874500
Residential House,Unfurnished,0.0,Unknown,2,Raipur,1000.0,5,5,7399999
Villa,Semi-Furnished,2.0,South - East,2,Raipur,2800.0,4,4,8000000
Multistorey Apartment,Unfurnished,1.0,East,10,Raipur,750.0,2,2,2715000
Residential House,Semi-Furnished,0.0,West,2,Raipur,1200.0,3,3,4200000
Multistorey Apartment,Unfurnished,4.0,Unknown,8,Raipur,1000.0,2,2,3234000
Builder Floor Apartment,Unfurnished,2.0,Unknown,8,Raipur,1250.0,3,3,3825000
Multistorey Apartment,Unfurnished,10.0,Unknown,10,Raipur,1256.0,3,3,7350000
Residential House,Semi-Furnished,0.0,East,2,Raipur,1300.0,3,3,4500000
Residential House,Unfurnished,0.0,Unknown,2,Goa,3800.0,4,4,65000000
Penthouse,Semi-Furnished,7.0,North - East,7,Goa,400.0,6,5,42500000
Villa,Furnished,2.0,East,3,Goa,1000.0,4,5,70000000
Residential House,Furnished,2.0,Unknown,2,Goa,460.0,6,7,140000000
Multistorey Apartment,Unfurnished,6.0,East,8,Goa,1000.0,3,3,43500000
Villa,Unfurnished,2.0,East,1,Goa,2900.0,4,4,32500000
Multistorey Apartment,Semi-Furnished,4.0,North - East,7,Goa,109.0,3,3,10000000
Multistorey Apartment,Semi-Furnished,6.0,Unknown,6,Goa,116.0,3,3,15000000
Multistorey Apartment,Unfurnished,3.0,West,8,Goa,910.0,2,2,6500000
Multistorey Apartment,Furnished,6.0,South -West,8,Goa,75.0,2,3,8500000
Builder Floor Apartment,Unfurnished,4.0,Unknown,4,Goa,1000.0,2,2,36000000
Multistorey Apartment,Semi-Furnished,3.0,Unknown,3,Goa,925.0,2,2,5500000
Villa,Furnished,2.0,Unknown,2,Goa,1000.0,4,5,70000000
Multistorey Apartment,Furnished,2.0,Unknown,2,Goa,510.0,1,1,5000000
Multistorey Apartment,Unfurnished,2.0,Unknown,4,Goa,1000.0,2,3,16000000
Villa,Semi-Furnished,2.0,East,3,Goa,1566.0,3,4,16785000
Multistorey Apartment,Furnished,2.0,Unknown,4,Goa,1000.0,2,2,7582366
Villa,Furnished,2.0,North - East,2,Goa,500.0,4,6,85000000
Builder Floor Apartment,Unfurnished,2.0,East,6,Raipur,1000.0,2,1,900000
Multistorey Apartment,Unfurnished,2.0,Unknown,12,Raipur,1000.0,2,2,2059000
Residential House,Unfurnished,1.0,East,2,Raipur,812.0,3,3,3800000
Multistorey Apartment,Unfurnished,3.0,Unknown,3,Raipur,1000.0,2,1,700000
Residential House,Semi-Furnished,2.0,Unknown,2,Raipur,1800.0,3,3,6000000
Residential House,Semi-Furnished,2.0,Unknown,1,Raipur,900.0,2,1,280000
Residential House,Semi-Furnished,2.0,Unknown,2,Raipur,1600.0,4,3,6200000
Villa,Unfurnished,2.0,Unknown,2,Raipur,1500.0,3,3,4490000
Residential House,Unfurnished,0.0,South -West,1,Raipur,800.0,2,1,1700000
Multistorey Apartment,Semi-Furnished,3.0,Unknown,4,Raipur,1000.0,2,2,1550000
Multistorey Apartment,Semi-Furnished,6.0,Unknown,7,Raipur,1000.0,3,2,3500000
Residential House,Unfurnished,0.0,Unknown,2,Raipur,1000.0,3,2,2000000
Residential House,Unknown,2.0,Unknown,4,Raipur,1000.0,3,2,3000000
Residential House,Unfurnished,2.0,East,2,Raipur,800.0,3,2,2590000
Residential House,Unfurnished,1.0,Unknown,2,Raipur,1000.0,2,2,3500000
Multistorey Apartment,Unfurnished,1.0,Unknown,3,Raipur,650.0,3,3,900000
Multistorey Apartment,Unfurnished,5.0,East,13,Raipur,1350.0,4,3,7600000
Multistorey Apartment,Semi-Furnished,2.0,West,4,Raipur,1000.0,3,2,4500000
Villa,Unfurnished,2.0,West,1,Raipur,3248.0,5,5,5500000
Residential House,Unfurnished,2.0,Unknown,2,Raipur,1240.0,3,4,4900000
Multistorey Apartment,Unfurnished,4.0,Unknown,4,Raipur,350.0,1,1,800000
Residential House,Unfurnished,1.0,Unknown,1,Raipur,1000.0,4,4,7500000
Villa,Furnished,2.0,North - East,3,Raipur,1000.0,5,5,18000000
Villa,Unfurnished,2.0,East,2,Raipur,800.0,2,2,2700000
Residential House,Unfurnished,0.0,East,2,Raipur,1458.0,4,3,4800000
Multistorey Apartment,Furnished,2.0,Unknown,4,Raipur,1670.0,2,2,530000
Multistorey Apartment,Unfurnished,4.0,Unknown,6,Raipur,1100.0,3,3,4500000
Villa,Unfurnished,2.0,East,2,Raipur,840.0,3,3,4351250
Builder Floor Apartment,Semi-Furnished,2.0,Unknown,5,Raipur,1000.0,2,2,2350000
Residential House,Unfurnished,1.0,Unknown,1,Raipur,700.0,2,1,1850000
Residential House,Unfurnished,0.0,North,2,Raipur,1624.0,3,3,5500000
Residential House,Semi-Furnished,2.0,East,2,Raipur,1200.0,4,4,5500000
Residential House,Unfurnished,1.0,East,2,Raipur,900.0,3,3,5500000
Builder Floor Apartment,Unfurnished,2.0,West,6,Raipur,505.0,1,1,1400000
Villa,Unfurnished,2.0,West,3,Raipur,1000.0,5,6,93000000
Residential House,Unfurnished,0.0,East,2,Raipur,1000.0,3,2,2590000
Builder Floor Apartment,Unfurnished,4.0,Unknown,5,Raipur,1000.0,2,2,2000000
Builder Floor Apartment,Semi-Furnished,1.0,Unknown,2,Raipur,1000.0,1,1,850000
Residential House,Semi-Furnished,3.0,South - East,3,Raipur,2400.0,4,3,5500000
Multistorey Apartment,Unfurnished,1.0,East,3,Raipur,980.0,3,2,2700000
Multistorey Apartment,Unfurnished,3.0,Unknown,3,Raipur,1000.0,1,1,800000
Residential House,Unfurnished,0.0,North,1,Raipur,1000.0,1,1,1100000
Villa,Semi-Furnished,2.0,East,2,Raipur,1250.0,3,3,7600000
Multistorey Apartment,Furnished,2.0,Unknown,2,Goa,58.0,1,1,4000000
Builder Floor Apartment,Furnished,2.0,Unknown,2,Goa,1000.0,2,1,3600000
Multistorey Apartment,Unfurnished,2.0,Unknown,2,Goa,1000.0,1,1,2400000
Multistorey Apartment,Unknown,2.0,Unknown,4,Raipur,1000.0,3,2,1000000
Multistorey Apartment,Unfurnished,8.0,East,10,Raipur,1750.0,3,3,7800000
Villa,Semi-Furnished,2.0,East,2,Raipur,1000.0,3,3,5800000
Residential House,Semi-Furnished,2.0,Unknown,2,Raipur,1000.0,3,3,2300000
Residential House,Unfurnished,0.0,Unknown,1,Raipur,1000.0,1,1,1800000
Multistorey Apartment,Unfurnished,1.0,Unknown,4,Raipur,611.0,2,1,2000000
Residential House,Unfurnished,0.0,East,2,Raipur,2800.0,4,3,7500000
Residential House,Semi-Furnished,2.0,Unknown,1,Raipur,693.0,2,2,2400000
Multistorey Apartment,Unfurnished,4.0,Unknown,5,Raipur,1000.0,2,2,2000000
Multistorey Apartment,Unfurnished,6.0,East,6,Raipur,50.0,2,2,1500000
Residential House,Unfurnished,0.0,Unknown,1,Raipur,1000.0,2,2,1500000
Residential House,Semi-Furnished,1.0,Unknown,2,Raipur,1000.0,3,2,3500000
Residential House,Semi-Furnished,1.0,Unknown,1,Raipur,1000.0,1,2,1000000
Residential House,Unfurnished,2.0,Unknown,1,Raipur,550.0,2,2,750000
Residential House,Unfurnished,1.0,Unknown,2,Raipur,1250.0,4,4,8000000
Residential House,Unfurnished,1.0,Unknown,2,Raipur,1000.0,4,4,10000000
Residential House,Unfurnished,0.0,Unknown,2,Raipur,1000.0,3,3,4000000
Multistorey Apartment,Semi-Furnished,2.0,Unknown,5,Raipur,1000.0,2,2,4600000
Residential House,Unfurnished,1.0,East,1,Raipur,1000.0,2,2,3000000
Residential House,Semi-Furnished,2.0,East,1,Raipur,1050.0,2,2,4500000
Residential House,Unfurnished,1.0,East,2,Raipur,800.0,3,4,3100000
Builder Floor Apartment,Unfurnished,2.0,Unknown,3,Raipur,1000.0,1,1,400000
Multistorey Apartment,Semi-Furnished,6.0,Unknown,7,Raipur,1000.0,3,3,5500000
Villa,Semi-Furnished,2.0,Unknown,3,Goa,1000.0,3,3,6300000
Builder Floor Apartment,Unfurnished,1.0,Unknown,3,Goa,1000.0,2,2,4500000
Multistorey Apartment,Unfurnished,3.0,Unknown,4,Goa,1000.0,3,3,750000
Builder Floor Apartment,Semi-Furnished,2.0,Unknown,3,Goa,1000.0,1,1,2500000
Villa,Semi-Furnished,2.0,Unknown,2,Goa,1000.0,3,2,12000000
Multistorey Apartment,Furnished,3.0,North,3,Goa,74.0,1,1,6000000
Multistorey Apartment,Semi-Furnished,1.0,Unknown,3,Goa,100.0,2,2,3500000
Villa,Unfurnished,2.0,South,2,Goa,135.0,4,3,10500000
Builder Floor Apartment,Unfurnished,2.0,Unknown,3,Goa,1000.0,2,2,3500000
Builder Floor Apartment,Unfurnished,0.0,West,2,Goa,1000.0,2,2,4000000
Builder Floor Apartment,Furnished,2.0,Unknown,3,Goa,1000.0,2,1,3000000
Villa,Furnished,2.0,Unknown,2,Goa,1000.0,10,7,30000000
Villa,Unfurnished,2.0,East,2,Goa,1900.0,3,4,33000000
Multistorey Apartment,Semi-Furnished,1.0,Unknown,2,Goa,1000.0,1,1,290000
Multistorey Apartment,Furnished,2.0,Unknown,2,Goa,440.0,1,1,330000
Builder Floor Apartment,Unfurnished,3.0,Unknown,3,Goa,1800.0,2,2,8000000
Builder Floor Apartment,Unfurnished,2.0,Unknown,3,Goa,1000.0,2,2,5190000
Builder Floor Apartment,Semi-Furnished,1.0,Unknown,3,Goa,1000.0,1,1,2000000
Builder Floor Apartment,Unfurnished,3.0,Unknown,3,Goa,1000.0,2,2,4000000
Builder Floor Apartment,Semi-Furnished,2.0,Unknown,3,Goa,1000.0,3,3,6000000
Builder Floor Apartment,Semi-Furnished,1.0,Unknown,3,Goa,1000.0,2,2,3500000
Builder Floor Apartment,Unfurnished,3.0,North - East,3,Goa,1000.0,2,2,2800000
Multistorey Apartment,Furnished,0.0,Unknown,1,Goa,1000.0,2,2,5500000
Multistorey Apartment,Unfurnished,3.0,Unknown,5,Goa,1000.0,2,2,7600000
Builder Floor Apartment,Furnished,1.0,Unknown,3,Goa,710.0,1,1,3600000
Multistorey Apartment,Unfurnished,3.0,Unknown,5,Goa,700.0,2,2,4500000
Multistorey Apartment,Furnished,0.0,Unknown,4,Goa,1000.0,1,2,4950000
Residential House,Semi-Furnished,2.0,Unknown,3,Goa,1000.0,2,2,3290000
Villa,Semi-Furnished,2.0,Unknown,2,Goa,1000.0,5,7,22500000
Multistorey Apartment,Unfurnished,1.0,Unknown,3,Goa,1000.0,1,1,2300000
Villa,Unfurnished,2.0,Unknown,2,Goa,1000.0,2,2,4000000
Multistorey Apartment,Unfurnished,2.0,Unknown,4,Goa,1000.0,1,1,5000000
Villa,Unknown,2.0,Unknown,4,Raipur,1000.0,4,2,7000000
Villa,Unfurnished,2.0,South -West,1,Raipur,1520.0,4,2,11500000
Residential House,Semi-Furnished,0.0,Unknown,2,Raipur,1000.0,6,3,5500000
Residential House,Unfurnished,1.0,East,1,Raipur,950.0,2,2,5500000
Residential House,Unfurnished,-1.0,North,1,Raipur,1000.0,2,2,4353000
Residential House,Furnished,2.0,East,1,Raipur,1000.0,2,2,4000000
Residential House,Semi-Furnished,1.0,Unknown,1,Raipur,1000.0,1,1,1550000
Multistorey Apartment,Unfurnished,6.0,Unknown,6,Raipur,800.0,3,3,3200000
Residential House,Semi-Furnished,2.0,Unknown,3,Raipur,3500.0,2,2,20000000
Multistorey Apartment,Semi-Furnished,5.0,Unknown,6,Raipur,745.0,2,2,2500000
Multistorey Apartment,Semi-Furnished,5.0,Unknown,6,Raipur,1000.0,3,3,5000000
Multistorey Apartment,Semi-Furnished,1.0,Unknown,4,Raipur,1000.0,2,2,2800000
Residential House,Semi-Furnished,1.0,North,1,Raipur,1000.0,3,3,10000000
Multistorey Apartment,Semi-Furnished,1.0,West,6,Raipur,1170.0,3,3,4396000
Multistorey Apartment,Furnished,4.0,Unknown,6,Raipur,1000.0,2,2,3000000
Residential House,Semi-Furnished,0.0,Unknown,1,Raipur,910.0,2,2,4000000
Multistorey Apartment,Semi-Furnished,3.0,East,6,Raipur,800.0,2,2,2290000
Residential House,Unfurnished,0.0,North,2,Raipur,1000.0,4,3,8500000
Multistorey Apartment,Furnished,4.0,Unknown,5,Raipur,1000.0,2,2,1800000
Multistorey Apartment,Unfurnished,0.0,Unknown,3,Goa,1000.0,2,2,5000000
Multistorey Apartment,Unknown,2.0,Unknown,4,Goa,1000.0,3,2,3500000
Villa,Unfurnished,2.0,Unknown,2,Goa,1000.0,3,3,19000000
Multistorey Apartment,Furnished,1.0,Unknown,3,Goa,1000.0,1,2,3500000
Multistorey Apartment,Semi-Furnished,0.0,North,4,Goa,38.0,1,1,2100000
Builder Floor Apartment,Furnished,3.0,Unknown,4,Goa,1000.0,2,2,8500000
Builder Floor Apartment,Semi-Furnished,2.0,Unknown,3,Goa,1000.0,2,2,4600000
Builder Floor Apartment,Semi-Furnished,2.0,Unknown,3,Goa,1000.0,2,1,4800000
Multistorey Apartment,Unfurnished,2.0,Unknown,6,Goa,1000.0,1,1,3500000
Villa,Unfurnished,2.0,Unknown,2,Goa,1000.0,3,3,30000000
Builder Floor Apartment,Unknown,3.0,Unknown,5,Goa,1000.0,2,2,4500000
Multistorey Apartment,Unfurnished,2.0,Unknown,2,Goa,1000.0,3,3,9000000
Residential House,Semi-Furnished,0.0,Unknown,2,Goa,1000.0,3,2,26500000
Multistorey Apartment,Furnished,1.0,Unknown,3,Goa,1000.0,2,1,4500000
Multistorey Apartment,Furnished,2.0,Unknown,5,Goa,1000.0,1,1,2500000
Multistorey Apartment,Semi-Furnished,2.0,West,2,Goa,87.0,2,2,6500000
Builder Floor Apartment,Unfurnished,2.0,Unknown,3,Goa,550.0,2,2,4000000
Residential House,Semi-Furnished,0.0,Unknown,1,Goa,1000.0,2,2,6700000
Multistorey Apartment,Unfurnished,1.0,Unknown,3,Goa,1000.0,2,1,6000000
Builder Floor Apartment,Semi-Furnished,0.0,Unknown,2,Goa,1000.0,2,2,5500000
Multistorey Apartment,Furnished,2.0,Unknown,4,Goa,1000.0,1,1,5500000
Builder Floor Apartment,Unfurnished,3.0,Unknown,4,Goa,1000.0,3,2,10000000
Multistorey Apartment,Unfurnished,2.0,West,2,Goa,86.0,2,2,6500000
Residential House,Unfurnished,2.0,Unknown,1,Goa,750.0,2,2,3800000
Villa,Furnished,2.0,Unknown,1,Goa,1000.0,3,3,15000000
Villa,Furnished,2.0,Unknown,1,Goa,1000.0,4,4,20000000
Multistorey Apartment,Unfurnished,1.0,Unknown,5,Goa,1000.0,1,1,3300000
Villa,Unfurnished,2.0,Unknown,2,Goa,440.0,6,6,32000000
Residential House,Unfurnished,1.0,South -West,2,Raipur,1450.0,3,3,50000000
Multistorey Apartment,Furnished,4.0,Unknown,8,Raipur,1000.0,2,2,3250000
Residential House,Furnished,0.0,Unknown,1,Raipur,1000.0,2,2,7500000
Multistorey Apartment,Furnished,1.0,East,4,Raipur,900.0,2,2,3500000
Residential House,Semi-Furnished,3.0,South,3,Raipur,1000.0,4,5,11000000
Residential House,Semi-Furnished,1.0,Unknown,2,Raipur,1000.0,3,3,8000000
Residential House,Semi-Furnished,2.0,Unknown,1,Raipur,1250.0,4,5,10000000
Residential House,Semi-Furnished,2.0,Unknown,2,Raipur,1000.0,3,4,6000000
Residential House,Semi-Furnished,2.0,Unknown,1,Raipur,800.0,2,2,2850000
Multistorey Apartment,Semi-Furnished,5.0,Unknown,6,Raipur,580.0,2,2,1800000
Multistorey Apartment,Unfurnished,5.0,Unknown,11,Raipur,1000.0,1,1,2100000
Residential House,Unfurnished,2.0,North,2,Raipur,1050.0,3,3,3500000
Multistorey Apartment,Semi-Furnished,3.0,Unknown,8,Raipur,1000.0,2,2,3550000
Residential House,Furnished,2.0,Unknown,2,Raipur,1000.0,3,2,5500000
Multistorey Apartment,Unfurnished,5.0,West,6,Raipur,880.0,2,2,2300000
Residential House,Furnished,0.0,Unknown,1,Raipur,1000.0,1,2,2800000
Multistorey Apartment,Semi-Furnished,1.0,Unknown,10,Raipur,1000.0,3,3,6500000
Multistorey Apartment,Semi-Furnished,2.0,Unknown,6,Raipur,850.0,2,2,3000000
Multistorey Apartment,Unfurnished,3.0,Unknown,4,Raipur,900.0,2,2,3400000
Multistorey Apartment,Semi-Furnished,3.0,Unknown,4,Raipur,1000.0,3,2,2500000
Multistorey Apartment,Unfurnished,4.0,Unknown,7,Raipur,1000.0,2,2,2950000
Residential House,Furnished,2.0,South,1,Raipur,1500.0,3,3,12500000
Multistorey Apartment,Unfurnished,1.0,West,5,Raipur,1025.0,2,2,1800000
Multistorey Apartment,Unfurnished,4.0,Unknown,7,Raipur,1000.0,3,3,13500000
Residential House,Unfurnished,2.0,Unknown,2,Raipur,1000.0,2,2,3500000
Multistorey Apartment,Semi-Furnished,2.0,Unknown,7,Raipur,1500.0,3,3,4500000
Builder Floor Apartment,Unfurnished,1.0,Unknown,4,Raipur,1000.0,2,2,2600000
Multistorey Apartment,Unfurnished,2.0,Unknown,2,Raipur,349.0,1,1,625000
Residential House,Unfurnished,1.0,West,1,Raipur,947.0,3,3,4700000
Residential House,Unknown,2.0,Unknown,4,Raipur,1000.0,2,2,100000
Villa,Unfurnished,2.0,Unknown,2,Raipur,1900.0,3,3,6500000
Residential House,Furnished,2.0,Unknown,2,Goa,136.0,3,4,10000000
Multistorey Apartment,Unfurnished,3.0,Unknown,3,Goa,1000.0,3,2,5000000
Multistorey Apartment,Unfurnished,3.0,North - West,4,Goa,1000.0,2,2,10000000
Residential House,Unfurnished,2.0,Unknown,2,Goa,1000.0,2,2,8000000
Multistorey Apartment,Semi-Furnished,2.0,Unknown,3,Goa,1000.0,1,2,3300000
Builder Floor Apartment,Furnished,2.0,Unknown,2,Goa,1000.0,1,1,4500000
Builder Floor Apartment,Semi-Furnished,2.0,Unknown,2,Goa,1000.0,1,1,3200000
Multistorey Apartment,Furnished,3.0,North,3,Goa,72.0,2,2,3500000
Villa,Semi-Furnished,2.0,Unknown,2,Goa,1000.0,3,2,9300000
Residential House,Semi-Furnished,0.0,East,2,Goa,1000.0,4,4,18000000
Multistorey Apartment,Unfurnished,0.0,Unknown,3,Goa,530.0,1,1,2600000
Multistorey Apartment,Semi-Furnished,5.0,Unknown,5,Goa,900.0,2,2,4500000
Multistorey Apartment,Unfurnished,1.0,East,2,Goa,78.0,2,2,2700000
Multistorey Apartment,Unfurnished,3.0,North - East,3,Goa,1000.0,1,1,3200000
Multistorey Apartment,Furnished,2.0,East,8,Goa,700.0,1,1,4500000
Multistorey Apartment,Unfurnished,7.0,East,8,Goa,875.0,2,2,4200000
Multistorey Apartment,Furnished,5.0,Unknown,5,Goa,1000.0,2,2,8500000
Multistorey Apartment,Unknown,2.0,Unknown,4,Goa,1000.0,1,2,4000000
Multistorey Apartment,Unfurnished,5.0,Unknown,5,Goa,904.0,2,2,9000000
Villa,Unfurnished,2.0,Unknown,2,Goa,1000.0,3,5,14000000
Builder Floor Apartment,Unfurnished,2.0,West,2,Goa,1000.0,2,1,4500000
Residential House,Unfurnished,0.0,Unknown,1,Goa,1000.0,4,2,85000000
Multistorey Apartment,Unfurnished,4.0,Unknown,12,Goa,450.0,2,2,5500000
Multistorey Apartment,Unfurnished,2.0,East,2,Goa,1000.0,2,2,6900000
Multistorey Apartment,Furnished,1.0,North,4,Goa,90.0,2,2,7500000
Multistorey Apartment,Furnished,3.0,Unknown,5,Goa,1000.0,2,2,9000000
Multistorey Apartment,Furnished,5.0,Unknown,4,Goa,1000.0,2,2,15000000
Villa,Unfurnished,2.0,East,3,Goa,187.0,4,3,15000000
Multistorey Apartment,Semi-Furnished,0.0,South -West,3,Goa,68.0,2,2,5500000
Residential House,Furnished,1.0,East,2,Goa,1800.0,4,4,11000000
Residential House,Furnished,2.0,Unknown,2,Goa,118.0,2,3,6500000
Villa,Semi-Furnished,2.0,Unknown,2,Goa,262.0,4,2,14500000
Villa,Furnished,2.0,North - West,1,Goa,1862.0,2,3,12000000
Residential House,Semi-Furnished,0.0,East,2,Raipur,1000.0,4,3,7200000
Multistorey Apartment,Unfurnished,1.0,Unknown,4,Raipur,850.0,2,2,2600000
Residential House,Semi-Furnished,0.0,Unknown,1,Raipur,1000.0,2,3,5200000
Multistorey Apartment,Semi-Furnished,1.0,Unknown,7,Raipur,1400.0,3,3,4200000
Multistorey Apartment,Unfurnished,3.0,Unknown,4,Raipur,1000.0,2,1,800000
Multistorey Apartment,Unfurnished,4.0,Unknown,6,Raipur,784.0,2,2,2300000
Residential House,Semi-Furnished,2.0,North - East,2,Raipur,2900.0,4,5,13000000
Residential House,Furnished,2.0,Unknown,5,Raipur,1000.0,3,2,160000000
Residential House,Unfurnished,0.0,Unknown,1,Raipur,1000.0,2,2,3500000
Multistorey Apartment,Unfurnished,6.0,Unknown,4,Raipur,1000.0,3,3,3480000
Multistorey Apartment,Furnished,1.0,East,6,Raipur,1000.0,3,2,3800000
Multistorey Apartment,Unfurnished,7.0,West,8,Raipur,1430.0,3,3,3900000
Residential House,Unknown,2.0,Unknown,4,Raipur,1300.0,3,2,9000000
Multistorey Apartment,Unfurnished,6.0,Unknown,6,Raipur,1000.0,2,2,3700000
Residential House,Unfurnished,2.0,Unknown,2,Raipur,1000.0,5,3,4500000
Multistorey Apartment,Semi-Furnished,5.0,Unknown,6,Raipur,1000.0,2,2,3500000
Multistorey Apartment,Semi-Furnished,1.0,Unknown,6,Raipur,1000.0,2,2,2500000
Residential House,Semi-Furnished,2.0,Unknown,2,Raipur,1200.0,2,2,8500000
Villa,Unfurnished,2.0,Unknown,2,Raipur,1000.0,5,4,8000000
Multistorey Apartment,Unfurnished,4.0,Unknown,13,Raipur,1000.0,3,2,3500000
Multistorey Apartment,Semi-Furnished,1.0,Unknown,8,Raipur,1000.0,3,2,4800000
Multistorey Apartment,Furnished,1.0,Unknown,4,Raipur,1000.0,2,2,2500000
Residential House,Unfurnished,2.0,East,2,Raipur,1000.0,4,4,7000000
Multistorey Apartment,Unfurnished,6.0,South,6,Raipur,1000.0,2,2,2200000
Residential House,Unfurnished,2.0,Unknown,1,Raipur,860.0,2,2,4600000
Multistorey Apartment,Unfurnished,3.0,Unknown,11,Raipur,1000.0,2,2,2600000
Multistorey Apartment,Furnished,1.0,Unknown,3,Raipur,1000.0,3,2,6000000
Residential House,Semi-Furnished,0.0,Unknown,2,Raipur,1000.0,3,3,3900000
Residential House,Unfurnished,1.0,Unknown,1,Raipur,750.0,2,2,2900000
Villa,Unfurnished,2.0,North,2,Raipur,1337.0,4,2,4500000
Residential House,Unfurnished,0.0,Unknown,2,Raipur,1000.0,4,3,7500000
Residential House,Unfurnished,0.0,Unknown,2,Raipur,1000.0,3,6,6000000
Multistorey Apartment,Unfurnished,6.0,South,8,Raipur,957.0,3,2,3900000
Multistorey Apartment,Unfurnished,0.0,Unknown,1,Raipur,1000.0,2,2,6000000
Residential House,Semi-Furnished,0.0,Unknown,1,Raipur,1000.0,1,1,2500000
Multistorey Apartment,Semi-Furnished,2.0,Unknown,2,Goa,1000.0,2,2,4600000
Multistorey Apartment,Semi-Furnished,3.0,Unknown,4,Goa,1000.0,1,1,3500000
Multistorey Apartment,Unfurnished,0.0,Unknown,2,Goa,820.0,2,2,4800000
Multistorey Apartment,Unfurnished,7.0,North - East,7,Goa,95.0,3,3,6650000
Residential House,Unfurnished,1.0,Unknown,2,Goa,120.0,3,2,31500000
Multistorey Apartment,Semi-Furnished,1.0,Unknown,3,Goa,1000.0,2,2,4000000
Multistorey Apartment,Semi-Furnished,1.0,Unknown,2,Goa,850.0,2,2,6500000
Multistorey Apartment,Unfurnished,1.0,Unknown,2,Goa,95.0,2,1,4300000
Multistorey Apartment,Furnished,3.0,Unknown,3,Goa,86.0,2,2,4500000
Multistorey Apartment,Unfurnished,2.0,Unknown,4,Goa,1000.0,2,2,7500000
Multistorey Apartment,Furnished,1.0,East,3,Goa,260.0,4,4,27000000
Multistorey Apartment,Unfurnished,1.0,East,3,Goa,743.0,1,1,3800000
Multistorey Apartment,Semi-Furnished,3.0,Unknown,5,Goa,940.0,2,2,6000000
Studio Apartment,Furnished,3.0,Unknown,3,Goa,1000.0,3,1,3500000
Multistorey Apartment,Unfurnished,5.0,East,6,Goa,900.0,2,2,4900000
Multistorey Apartment,Semi-Furnished,1.0,Unknown,2,Goa,1000.0,1,1,3550000
Multistorey Apartment,Unfurnished,5.0,West,5,Goa,1000.0,2,2,4000000
Residential House,Furnished,2.0,Unknown,3,Goa,1000.0,3,2,20000000
Multistorey Apartment,Semi-Furnished,2.0,East,2,Goa,1000.0,2,2,2800000
Multistorey Apartment,Unfurnished,2.0,North,8,Goa,540.0,2,2,7200000
Multistorey Apartment,Unfurnished,2.0,West,2,Goa,720.0,2,1,3590000
Multistorey Apartment,Semi-Furnished,0.0,Unknown,4,Goa,83.0,2,2,7000000
Studio Apartment,Semi-Furnished,2.0,Unknown,3,Goa,1000.0,3,2,2200000
Multistorey Apartment,Furnished,2.0,North - East,3,Goa,869.0,2,2,4700000
Residential House,Furnished,2.0,Unknown,3,Goa,1000.0,4,4,12500000
Multistorey Apartment,Furnished,0.0,Unknown,4,Goa,1000.0,2,1,5200000
Multistorey Apartment,Semi-Furnished,4.0,Unknown,4,Goa,1000.0,1,1,5000000
Multistorey Apartment,Unfurnished,4.0,West,5,Goa,95.0,2,1,4500000
Villa,Unfurnished,2.0,Unknown,1,Goa,210.0,5,6,16500000
Multistorey Apartment,Unfurnished,0.0,Unknown,4,Goa,1000.0,2,1,3000000
Multistorey Apartment,Furnished,2.0,North - East,3,Goa,1100.0,2,2,8500000
Multistorey Apartment,Semi-Furnished,1.0,West,2,Goa,75.0,2,2,4500000
Multistorey Apartment,Unfurnished,1.0,North,4,Goa,1000.0,3,2,6600000
Multistorey Apartment,Unfurnished,4.0,East,8,Goa,750.0,2,2,5500000
Multistorey Apartment,Unfurnished,3.0,East,3,Goa,682.0,1,1,4700000
Multistorey Apartment,Unfurnished,1.0,Unknown,3,Goa,100.0,2,2,3500000
Multistorey Apartment,Unfurnished,4.0,Unknown,5,Goa,519.0,1,1,4600000
Multistorey Apartment,Unfurnished,2.0,East,4,Goa,134.0,3,2,11000000
Multistorey Apartment,Unfurnished,4.0,Unknown,5,Goa,1000.0,2,2,5200000
Multistorey Apartment,Furnished,3.0,Unknown,3,Goa,1000.0,2,2,7500000
Villa,Unfurnished,2.0,Unknown,2,Goa,1000.0,3,3,12500000
Multistorey Apartment,Unfurnished,1.0,Unknown,2,Goa,1000.0,2,2,6500000
Residential House,Unfurnished,0.0,East,1,Goa,1000.0,1,2,9000000
Multistorey Apartment,Furnished,1.0,Unknown,1,Goa,1000.0,2,2,8500000
Multistorey Apartment,Furnished,1.0,North,2,Goa,45.0,1,1,3500000
Multistorey Apartment,Semi-Furnished,2.0,Unknown,2,Goa,1000.0,2,2,4500000
Villa,Furnished,2.0,East,2,Goa,2365.0,4,4,41000000
Multistorey Apartment,Furnished,3.0,Unknown,4,Goa,123.0,3,2,7000000
Multistorey Apartment,Unfurnished,2.0,North - East,2,Goa,72.0,2,2,4450000
Multistorey Apartment,Furnished,1.0,Unknown,1,Goa,1000.0,2,2,17000000
Multistorey Apartment,Unfurnished,5.0,Unknown,5,Raipur,1415.0,3,3,4000000
Residential House,Furnished,0.0,Unknown,2,Raipur,1000.0,4,5,15000000
Multistorey Apartment,Semi-Furnished,1.0,Unknown,6,Raipur,1000.0,3,3,5000000
Residential House,Furnished,2.0,North - East,2,Raipur,2500.0,4,4,15100000
Residential House,Unfurnished,0.0,East,1,Raipur,650.0,2,2,2100000
Multistorey Apartment,Furnished,4.0,North - West,6,Raipur,1000.0,2,2,2200000
Villa,Unfurnished,2.0,Unknown,1,Raipur,1000.0,4,2,50000000
Multistorey Apartment,Unfurnished,-0.5,Unknown,4,Raipur,1250.0,3,3,2909000
Residential House,Unfurnished,0.0,Unknown,2,Raipur,1000.0,3,3,5500000
Residential House,Semi-Furnished,2.0,Unknown,1,Raipur,450.0,1,2,1800000
Multistorey Apartment,Semi-Furnished,6.0,Unknown,7,Raipur,1000.0,2,2,3000000
Multistorey Apartment,Unfurnished,6.0,South,6,Raipur,389.0,1,1,1400000
Multistorey Apartment,Semi-Furnished,3.0,South - East,6,Raipur,1000.0,2,2,3600000
Villa,Unfurnished,2.0,East,2,Raipur,1000.0,2,2,4500000
Multistorey Apartment,Unfurnished,4.0,Unknown,6,Raipur,1000.0,2,2,2700000
Multistorey Apartment,Semi-Furnished,5.0,Unknown,11,Raipur,1000.0,3,3,6550000
Multistorey Apartment,Unfurnished,4.0,Unknown,5,Raipur,1000.0,2,2,2309000
Multistorey Apartment,Unfurnished,0.0,East,4,Raipur,1000.0,3,3,2909000
Multistorey Apartment,Unfurnished,3.0,Unknown,5,Raipur,1000.0,3,2,4800000
Residential House,Unfurnished,2.0,Unknown,2,Raipur,1000.0,3,3,6500000
Residential House,Semi-Furnished,1.0,East,2,Raipur,1000.0,2,3,7500000
Builder Floor Apartment,Semi-Furnished,1.0,Unknown,3,Raipur,1000.0,1,1,2000000
Multistorey Apartment,Unfurnished,5.0,Unknown,7,Raipur,1000.0,2,2,2000000
Residential House,Unfurnished,3.0,Unknown,3,Raipur,2200.0,4,4,7000000
Multistorey Apartment,Unfurnished,1.0,Unknown,7,Raipur,1000.0,2,2,2500000
Multistorey Apartment,Semi-Furnished,5.0,Unknown,8,Raipur,1000.0,2,2,3180000
Residential House,Semi-Furnished,1.0,Unknown,2,Raipur,985.0,3,3,11000000
Multistorey Apartment,Semi-Furnished,2.0,Unknown,6,Raipur,1000.0,2,2,2600000
Multistorey Apartment,Unfurnished,3.0,Unknown,7,Raipur,1000.0,3,2,5500000
Residential House,Unfurnished,1.0,East,2,Raipur,800.0,3,3,4990000
Residential House,Furnished,2.0,Unknown,2,Raipur,1740.0,3,3,8700000
Residential House,Unfurnished,2.0,East,1,Raipur,380.0,2,1,2000000
Multistorey Apartment,Unfurnished,6.0,Unknown,6,Raipur,783.0,2,2,2100000
Multistorey Apartment,Unfurnished,4.0,Unknown,6,Raipur,1000.0,2,2,3100000
Residential House,Semi-Furnished,0.0,South,1,Raipur,1000.0,3,1,4200000
Multistorey Apartment,Unfurnished,2.0,North - East,4,Goa,65.0,1,1,6100000
Multistorey Apartment,Unfurnished,3.0,Unknown,5,Goa,1000.0,1,1,5200000
Multistorey Apartment,Semi-Furnished,2.0,Unknown,5,Goa,109.0,2,2,6700000
Villa,Semi-Furnished,2.0,East,2,Goa,1000.0,3,3,15000000
Multistorey Apartment,Unfurnished,1.0,North - East,4,Goa,800.0,2,2,4500000
Multistorey Apartment,Unfurnished,2.0,Unknown,2,Goa,65.0,1,1,3600000
Multistorey Apartment,Semi-Furnished,3.0,South,8,Goa,1000.0,2,1,5000000
Multistorey Apartment,Furnished,4.0,East,4,Goa,153.0,3,3,26500000
Villa,Unfurnished,2.0,West,1,Goa,1000.0,3,3,26000000
Multistorey Apartment,Unfurnished,5.0,North - East,7,Goa,1000.0,2,2,8200000
Multistorey Apartment,Furnished,6.0,West,6,Goa,1000.0,3,2,11000000
Villa,Unfurnished,2.0,East,2,Goa,1000.0,3,3,47500000
Multistorey Apartment,Unfurnished,1.0,Unknown,3,Goa,90.0,2,2,6900000
Studio Apartment,Furnished,1.0,North - East,4,Goa,40.0,3,1,4000000
Residential House,Unknown,0.0,South -West,3,Goa,2906.0,3,6,30000000
Multistorey Apartment,Unfurnished,1.0,Unknown,2,Goa,69.0,2,1,3000000
Multistorey Apartment,Semi-Furnished,3.0,Unknown,3,Goa,73.0,2,2,4600000
Villa,Semi-Furnished,2.0,Unknown,3,Goa,2793.0,3,3,45000000
Villa,Furnished,2.0,Unknown,2,Goa,1000.0,3,4,45000000
Villa,Unfurnished,2.0,North,1,Goa,129.0,3,4,10500000
Multistorey Apartment,Unfurnished,3.0,Unknown,3,Goa,50.0,1,1,4000000
Multistorey Apartment,Semi-Furnished,1.0,Unknown,3,Goa,1000.0,2,2,4500000
Multistorey Apartment,Furnished,3.0,East,5,Goa,46.0,1,1,6000000
Residential House,Unfurnished,1.0,North,1,Goa,2200.0,4,4,15000000
Multistorey Apartment,Unfurnished,8.0,Unknown,8,Goa,1000.0,3,3,7500000
Studio Apartment,Unfurnished,3.0,East,4,Goa,1000.0,3,1,2500000
Residential House,Unfurnished,0.0,Unknown,2,Goa,1000.0,6,4,11000000
Multistorey Apartment,Semi-Furnished,1.0,North,4,Goa,1000.0,2,2,5800000
Multistorey Apartment,Unfurnished,4.0,East,7,Goa,798.0,2,2,6000000
Residential House,Unfurnished,0.0,Unknown,2,Goa,1000.0,3,3,16000000
Multistorey Apartment,Unfurnished,3.0,Unknown,4,Goa,1000.0,1,1,2800000
Villa,Furnished,2.0,East,2,Goa,184.0,3,3,12000000
Penthouse,Unfurnished,3.0,North - East,4,Goa,2170.0,3,3,16500000
Multistorey Apartment,Unfurnished,2.0,North,3,Goa,1000.0,2,2,6500000
Villa,Unfurnished,2.0,North - East,2,Goa,1000.0,5,3,13600000
Multistorey Apartment,Furnished,4.0,East,4,Goa,406.0,1,1,7800000
Multistorey Apartment,Semi-Furnished,4.0,Unknown,5,Raipur,1000.0,2,2,2500000
Residential House,Semi-Furnished,2.0,North - East,1,Raipur,1100.0,3,3,4850000
Residential House,Unfurnished,2.0,East,1,Raipur,850.0,2,2,2500000
Multistorey Apartment,Semi-Furnished,6.0,East,6,Raipur,1500.0,3,3,5500000
Residential House,Unfurnished,0.0,North,1,Raipur,1200.0,3,3,7000000
Residential House,Semi-Furnished,2.0,East,2,Raipur,1000.0,4,3,8500000
Residential House,Furnished,2.0,North,3,Raipur,4000.0,6,5,20000000
Multistorey Apartment,Semi-Furnished,2.0,Unknown,4,Raipur,750.0,2,2,3000000
Residential House,Semi-Furnished,2.0,Unknown,3,Raipur,1250.0,4,4,6500000
Multistorey Apartment,Furnished,5.0,East,6,Raipur,1350.0,3,3,9500000
Residential House,Unfurnished,0.0,Unknown,1,Raipur,1000.0,1,1,1500000
Residential House,Furnished,2.0,Unknown,3,Raipur,1550.0,2,3,12500000
Residential House,Unfurnished,1.0,North - East,1,Raipur,950.0,2,2,4500000
Multistorey Apartment,Semi-Furnished,5.0,Unknown,7,Raipur,1000.0,2,2,2100000
Multistorey Apartment,Unfurnished,2.0,East,6,Raipur,1000.0,3,3,4800000
Multistorey Apartment,Unfurnished,0.0,Unknown,5,Raipur,1000.0,1,1,1200000
Residential House,Unfurnished,2.0,Unknown,2,Raipur,1000.0,4,3,25000000
Multistorey Apartment,Unfurnished,1.0,East,7,Raipur,1200.0,3,3,4500000
Multistorey Apartment,Unfurnished,2.0,West,6,Raipur,1000.0,3,3,5500000
Multistorey Apartment,Unfurnished,3.0,Unknown,6,Raipur,1000.0,2,1,2300000
Multistorey Apartment,Semi-Furnished,2.0,East,6,Raipur,1818.0,3,2,5500000
Villa,Unfurnished,2.0,East,2,Raipur,1000.0,2,2,1500000
Multistorey Apartment,Semi-Furnished,6.0,East,6,Raipur,671.0,2,2,2100000
Multistorey Apartment,Furnished,4.0,Unknown,6,Raipur,1000.0,3,3,6200000
Multistorey Apartment,Unfurnished,6.0,Unknown,6,Raipur,1010.0,2,2,2300000
Multistorey Apartment,Semi-Furnished,1.0,Unknown,4,Raipur,880.0,2,2,3000000
Multistorey Apartment,Unfurnished,1.0,Unknown,2,Raipur,856.0,2,1,2200000
Residential House,Semi-Furnished,0.0,Unknown,1,Raipur,1000.0,4,2,40000000
Villa,Semi-Furnished,2.0,East,2,Raipur,1000.0,8,6,50000000
Villa,Semi-Furnished,2.0,North,2,Goa,2077.0,3,4,14000000
Multistorey Apartment,Unfurnished,2.0,Unknown,8,Goa,1000.0,1,1,4300000
Residential House,Unfurnished,0.0,Unknown,2,Goa,1000.0,3,3,7500000
Multistorey Apartment,Unfurnished,4.0,East,4,Goa,1000.0,2,3,7000000
Builder Floor Apartment,Unfurnished,4.0,North,4,Goa,1000.0,2,2,6700000
Villa,Furnished,2.0,East,2,Goa,150.0,3,3,12000000
Multistorey Apartment,Unfurnished,2.0,Unknown,2,Goa,89.0,2,2,4000000
Multistorey Apartment,Unfurnished,2.0,Unknown,2,Goa,515.0,1,1,5000000
Multistorey Apartment,Unfurnished,2.0,Unknown,3,Goa,1000.0,2,2,7000000
Multistorey Apartment,Unfurnished,2.0,East,3,Goa,1000.0,2,1,4000000
Multistorey Apartment,Unfurnished,2.0,East,2,Goa,1000.0,2,2,4000000
Villa,Semi-Furnished,2.0,Unknown,1,Goa,1000.0,3,2,12500000
Villa,Unfurnished,2.0,East,2,Goa,1022.0,4,3,13000000
Multistorey Apartment,Unfurnished,2.0,Unknown,2,Goa,51.0,1,1,3500000
Villa,Semi-Furnished,2.0,Unknown,2,Goa,184.0,4,4,18000000
Residential House,Unfurnished,1.0,Unknown,1,Goa,270.0,3,2,9000000
Residential House,Unfurnished,1.0,South - East,1,Goa,550.0,4,4,165000000
Multistorey Apartment,Furnished,1.0,North,1,Goa,85.0,2,2,4900000
Multistorey Apartment,Unfurnished,2.0,Unknown,3,Goa,102.0,2,2,6500000
Multistorey Apartment,Semi-Furnished,1.0,Unknown,3,Goa,1000.0,3,2,7500000
Multistorey Apartment,Unfurnished,5.0,North,5,Goa,93.0,2,2,5920000
Residential House,Unfurnished,2.0,Unknown,3,Goa,1000.0,1,1,4000000
Multistorey Apartment,Unfurnished,2.0,Unknown,3,Goa,1000.0,2,1,3900000
Residential House,Unfurnished,2.0,Unknown,3,Goa,1000.0,2,2,7000000
Villa,Unfurnished,2.0,East,2,Goa,1000.0,3,4,13000000
Villa,Furnished,2.0,Unknown,2,Goa,70.0,1,1,7500000
Multistorey Apartment,Unfurnished,1.0,Unknown,2,Goa,458.0,1,1,2200000
Villa,Semi-Furnished,2.0,West,2,Raipur,2200.0,4,4,10500000
Multistorey Apartment,Unfurnished,4.0,Unknown,8,Raipur,1000.0,2,2,3000000
Villa,Furnished,2.0,Unknown,1,Raipur,1000.0,3,2,3000000
Multistorey Apartment,Semi-Furnished,1.0,North - West,8,Raipur,1000.0,3,2,6400000
Residential House,Semi-Furnished,2.0,Unknown,1,Raipur,1000.0,3,2,3500000
Multistorey Apartment,Semi-Furnished,3.0,Unknown,6,Raipur,650.0,2,2,2750000
Villa,Unfurnished,2.0,Unknown,3,Raipur,1000.0,3,3,5000000
Residential House,Unfurnished,2.0,Unknown,1,Raipur,1000.0,1,1,1500000
Residential House,Unfurnished,2.0,Unknown,1,Raipur,1000.0,2,2,4000000
Residential House,Unfurnished,0.0,Unknown,1,Raipur,1000.0,2,2,2200000
Residential House,Unfurnished,0.0,Unknown,1,Raipur,800.0,3,3,4000000
Residential House,Unfurnished,0.0,West,1,Raipur,1060.0,2,2,4200000
Multistorey Apartment,Furnished,3.0,Unknown,4,Raipur,1100.0,2,2,4100000
Multistorey Apartment,Furnished,2.0,Unknown,4,Raipur,1000.0,4,4,9500000
Multistorey Apartment,Unfurnished,2.0,Unknown,6,Raipur,737.0,2,2,2400000
Multistorey Apartment,Semi-Furnished,3.0,Unknown,6,Raipur,1000.0,1,1,2500000
Residential House,Unfurnished,0.0,North - West,2,Raipur,1000.0,3,4,9000000
Builder Floor Apartment,Unfurnished,2.0,Unknown,4,Raipur,1000.0,3,2,4000000
Multistorey Apartment,Semi-Furnished,-1.0,North,1,Raipur,1079.0,3,3,5500000
Multistorey Apartment,Unfurnished,2.0,East,8,Raipur,1000.0,3,3,4500000
Residential House,Unfurnished,2.0,West,2,Raipur,1200.0,2,2,6000000
Residential House,Unfurnished,1.0,West,2,Raipur,2100.0,4,3,11000000
Residential House,Unfurnished,1.0,South -West,3,Raipur,1200.0,5,2,8000000
Residential House,Semi-Furnished,1.0,West,1,Raipur,1000.0,1,1,1750000
Residential House,Unfurnished,0.0,South,1,Raipur,370.0,1,1,2200000
Residential House,Semi-Furnished,2.0,North,2,Raipur,910.0,3,3,6700000
Residential House,Furnished,0.0,West,1,Goa,1200.0,2,2,6700000
Multistorey Apartment,Unfurnished,4.0,Unknown,4,Goa,1000.0,2,2,6500000
Multistorey Apartment,Unfurnished,4.0,East,4,Goa,1000.0,2,2,5000000
Multistorey Apartment,Unfurnished,2.0,West,2,Goa,1000.0,2,2,5300000
Multistorey Apartment,Unfurnished,1.0,South,2,Goa,1000.0,2,1,3000000
Multistorey Apartment,Unfurnished,3.0,West,4,Goa,120.0,3,2,7500000
Multistorey Apartment,Unfurnished,1.0,Unknown,3,Goa,1000.0,2,2,5500000
Multistorey Apartment,Unfurnished,3.0,Unknown,4,Goa,120.0,3,2,8000000
Multistorey Apartment,Unfurnished,4.0,Unknown,5,Goa,2200.0,4,4,21500000
Multistorey Apartment,Unfurnished,2.0,Unknown,3,Goa,1000.0,1,1,3500000
Multistorey Apartment,Unfurnished,4.0,East,4,Goa,110.0,2,2,7000000
Multistorey Apartment,Unfurnished,2.0,Unknown,3,Goa,1000.0,2,2,5000000
Villa,Furnished,2.0,East,2,Goa,3030.0,4,4,52500000
Villa,Semi-Furnished,2.0,East,2,Goa,1000.0,3,4,13000000
Multistorey Apartment,Unfurnished,2.0,Unknown,2,Goa,1000.0,2,2,6000000
Villa,Semi-Furnished,2.0,Unknown,2,Goa,1900.0,3,4,9800000
Studio Apartment,Unfurnished,3.0,North - West,3,Goa,1000.0,3,1,2500000
Villa,Semi-Furnished,2.0,North - East,3,Goa,1796.0,4,3,25000000
Multistorey Apartment,Unfurnished,2.0,North - West,3,Goa,1000.0,2,2,5800000
Multistorey Apartment,Furnished,4.0,Unknown,4,Goa,1000.0,2,2,6500000
Villa,Furnished,2.0,North - West,4,Goa,277.0,3,4,40000000
Multistorey Apartment,Semi-Furnished,6.0,Unknown,8,Goa,1000.0,2,2,4400000
Multistorey Apartment,Unfurnished,4.0,North - East,4,Goa,930.0,2,2,6000000
Multistorey Apartment,Semi-Furnished,1.0,East,3,Goa,750.0,2,1,2500000
Multistorey Apartment,Unfurnished,2.0,Unknown,3,Goa,80.0,2,4,4300000
Multistorey Apartment,Furnished,0.0,Unknown,3,Goa,1000.0,1,1,5500000
Villa,Furnished,2.0,Unknown,1,Goa,1000.0,2,3,12000000
Residential House,Semi-Furnished,2.0,Unknown,3,Raipur,1000.0,7,5,20000000
Multistorey Apartment,Unfurnished,5.0,East,12,Raipur,1000.0,2,1,2900000
Multistorey Apartment,Semi-Furnished,3.0,Unknown,8,Raipur,1000.0,2,2,3700000
Residential House,Furnished,0.0,Unknown,2,Raipur,1000.0,8,6,62000000
Residential House,Unfurnished,1.0,Unknown,1,Raipur,78.0,4,4,4750000
Multistorey Apartment,Furnished,3.0,Unknown,3,Raipur,1000.0,2,2,4200000
Residential House,Unfurnished,1.0,South - East,1,Raipur,1000.0,3,2,2500000
Residential House,Semi-Furnished,0.0,Unknown,1,Raipur,1850.0,2,3,9500000
Multistorey Apartment,Semi-Furnished,2.0,Unknown,8,Raipur,1000.0,3,2,5200000
Multistorey Apartment,Unfurnished,0.0,North,5,Raipur,965.0,3,3,3300000
Residential House,Unfurnished,0.0,West,2,Raipur,3000.0,5,5,6900000
Residential House,Furnished,1.0,North,2,Raipur,2000.0,3,4,6400000
Residential House,Unfurnished,0.0,East,1,Raipur,1000.0,2,2,3200000
Multistorey Apartment,Unfurnished,4.0,Unknown,6,Raipur,1000.0,2,2,2785000
Residential House,Unfurnished,2.0,Unknown,2,Raipur,2146.0,4,3,9600000
Villa,Semi-Furnished,2.0,Unknown,2,Raipur,1750.0,5,4,9500000
Multistorey Apartment,Semi-Furnished,1.0,Unknown,3,Raipur,1000.0,3,3,3500000
Multistorey Apartment,Semi-Furnished,4.0,West,6,Raipur,860.0,3,3,4200000
Multistorey Apartment,Unfurnished,2.0,Unknown,4,Raipur,1000.0,2,2,2000000
Multistorey Apartment,Semi-Furnished,6.0,West,6,Raipur,505.0,1,1,1400000
Residential House,Unfurnished,1.0,Unknown,1,Raipur,800.0,2,2,2590000
Residential House,Unfurnished,2.0,East,2,Raipur,1000.0,3,3,3300000
Villa,Unfurnished,2.0,East,2,Raipur,1251.0,4,3,9600000
Multistorey Apartment,Furnished,0.0,Unknown,3,Goa,83.0,2,2,4500000
Multistorey Apartment,Semi-Furnished,1.0,Unknown,2,Goa,1000.0,1,1,2900000
Residential House,Semi-Furnished,2.0,North,2,Goa,1000.0,3,4,25000000
Multistorey Apartment,Furnished,4.0,Unknown,4,Goa,1000.0,2,1,6200000
Multistorey Apartment,Unfurnished,5.0,Unknown,7,Goa,1000.0,2,2,5500000
Residential House,Semi-Furnished,0.0,Unknown,2,Goa,1000.0,4,3,22000000
Multistorey Apartment,Semi-Furnished,4.0,Unknown,6,Goa,1000.0,3,2,11000000
Builder Floor Apartment,Unfurnished,4.0,Unknown,5,Goa,1000.0,2,1,5000000
Multistorey Apartment,Unfurnished,1.0,Unknown,3,Goa,105.0,3,2,5800000
Villa,Semi-Furnished,2.0,Unknown,2,Goa,2067.0,3,4,14000000
Residential House,Furnished,3.0,East,3,Goa,1000.0,5,6,50000000
Villa,Unfurnished,2.0,East,2,Goa,180.0,4,2,30000000
Villa,Furnished,2.0,North - East,2,Goa,1000.0,2,2,11000000
Multistorey Apartment,Unfurnished,2.0,East,2,Goa,50.0,1,1,2600000
Multistorey Apartment,Unfurnished,1.0,Unknown,3,Goa,1000.0,2,2,4500000
Multistorey Apartment,Unfurnished,4.0,Unknown,8,Goa,1000.0,1,1,3870000
Multistorey Apartment,Unfurnished,3.0,Unknown,4,Goa,650.0,2,1,2500000
Multistorey Apartment,Semi-Furnished,2.0,Unknown,3,Goa,1000.0,2,2,5700000
Penthouse,Unfurnished,7.0,North,4,Goa,3700.0,5,6,67500000
Multistorey Apartment,Unfurnished,5.0,Unknown,5,Goa,85.0,2,2,5200000
Residential House,Furnished,2.0,Unknown,2,Goa,1000.0,8,8,55000000
Villa,Furnished,2.0,Unknown,2,Goa,1000.0,3,3,35000000
Villa,Furnished,2.0,East,3,Goa,3400.0,6,7,32000000
Multistorey Apartment,Furnished,2.0,Unknown,3,Goa,1000.0,2,2,12500000
Multistorey Apartment,Semi-Furnished,0.0,Unknown,2,Goa,460.0,1,1,2200000
Multistorey Apartment,Furnished,3.0,Unknown,3,Goa,126.0,3,2,7500000
Villa,Semi-Furnished,2.0,North - East,2,Goa,246.0,4,4,23500000
Multistorey Apartment,Unfurnished,3.0,Unknown,4,Goa,1000.0,2,2,6200000
Residential House,Unfurnished,0.0,Unknown,1,Raipur,1000.0,4,4,5500000
Residential House,Semi-Furnished,2.0,Unknown,2,Raipur,1000.0,3,3,5500000
Residential House,Unfurnished,2.0,North,2,Raipur,750.0,3,3,3500000
Multistorey Apartment,Unfurnished,1.0,Unknown,3,Raipur,487.0,1,1,790000
Multistorey Apartment,Semi-Furnished,4.0,North,6,Raipur,700.0,2,2,3400000
Residential House,Unfurnished,3.0,North,3,Raipur,500.0,3,2,2850000
Residential House,Unfurnished,1.0,North - West,2,Raipur,1000.0,3,3,6500000
Residential House,Unfurnished,1.0,West,1,Raipur,1100.0,4,5,12500000
Villa,Semi-Furnished,2.0,East,2,Raipur,1500.0,3,3,7900000
Residential House,Semi-Furnished,2.0,East,2,Raipur,1000.0,3,2,8500000
Residential House,Unfurnished,0.0,Unknown,1,Raipur,1000.0,1,1,1200000
Residential House,Furnished,0.0,East,2,Raipur,1200.0,3,4,5000000
Multistorey Apartment,Unfurnished,4.0,South -West,4,Raipur,750.0,2,2,2700000
Multistorey Apartment,Unfurnished,6.0,Unknown,8,Raipur,870.0,3,3,4000000
Multistorey Apartment,Semi-Furnished,3.0,Unknown,4,Raipur,1000.0,2,2,2100000
Residential House,Unfurnished,0.0,Unknown,1,Raipur,1072.0,3,3,5000000
Multistorey Apartment,Unfurnished,3.0,East,8,Raipur,1076.0,3,3,3874500
Multistorey Apartment,Unfurnished,5.0,East,6,Raipur,1000.0,2,2,1800000
Residential House,Unfurnished,0.0,Unknown,2,Raipur,1000.0,4,2,3400000
Villa,Unfurnished,2.0,Unknown,1,Raipur,1000.0,2,2,2200000
Multistorey Apartment,Unfurnished,6.0,Unknown,6,Raipur,1000.0,3,3,2900000
Residential House,Semi-Furnished,2.0,North,2,Raipur,1030.0,6,4,4500000
Multistorey Apartment,Furnished,2.0,East,4,Raipur,850.0,2,2,2500000
Multistorey Apartment,Unfurnished,5.0,East,10,Raipur,1300.0,3,3,4250000
Residential House,Unfurnished,0.0,West,1,Raipur,1290.0,3,2,4200000
Multistorey Apartment,Unfurnished,3.0,Unknown,3,Raipur,1300.0,3,2,4500000
Residential House,Unfurnished,1.0,West,1,Raipur,1238.0,2,2,5700000
Builder Floor Apartment,Unfurnished,0.0,Unknown,2,Raipur,1000.0,2,1,1500000
Residential House,Unfurnished,4.0,South,6,Raipur,1000.0,2,3,471900
Multistorey Apartment,Semi-Furnished,1.0,Unknown,6,Raipur,1000.0,2,2,2700000
Multistorey Apartment,Semi-Furnished,3.0,Unknown,6,Raipur,1000.0,3,3,4900000
Residential House,Semi-Furnished,2.0,Unknown,2,Raipur,1000.0,3,4,9500000
Residential House,Unfurnished,0.0,East,1,Raipur,1035.0,2,2,3700000
Residential House,Semi-Furnished,2.0,Unknown,1,Raipur,900.0,3,3,6500000
Multistorey Apartment,Furnished,5.0,Unknown,6,Raipur,935.0,2,2,3470000
Multistorey Apartment,Unknown,2.0,Unknown,4,Raipur,1000.0,3,2,3900000
Builder Floor Apartment,Unfurnished,3.0,Unknown,4,Raipur,1000.0,2,2,2600000
Multistorey Apartment,Unfurnished,7.0,Unknown,12,Raipur,1000.0,2,2,3000000
Multistorey Apartment,Unfurnished,2.0,Unknown,2,Goa,1000.0,2,2,5000000
Residential House,Unfurnished,0.0,Unknown,2,Goa,1000.0,2,2,25000000
Multistorey Apartment,Unfurnished,0.0,North - East,2,Goa,1000.0,2,2,8550000
Multistorey Apartment,Semi-Furnished,2.0,Unknown,3,Goa,1000.0,2,2,6000000
Multistorey Apartment,Semi-Furnished,3.0,Unknown,4,Goa,106.0,2,2,8000000
Multistorey Apartment,Unfurnished,2.0,North - West,8,Goa,753.0,1,2,4150000
Villa,Unfurnished,2.0,Unknown,1,Goa,80.0,2,2,13000000
Multistorey Apartment,Semi-Furnished,4.0,Unknown,4,Goa,1000.0,2,2,6500000
Multistorey Apartment,Furnished,4.0,East,4,Goa,1400.0,3,3,14500000
Multistorey Apartment,Semi-Furnished,3.0,Unknown,3,Goa,87.0,2,2,4700000
Multistorey Apartment,Unfurnished,4.0,North - West,5,Goa,68.0,2,2,8000000
Multistorey Apartment,Unknown,2.0,Unknown,4,Goa,1000.0,3,2,12000000
Multistorey Apartment,Unfurnished,5.0,Unknown,5,Goa,1000.0,2,3,5700000
Multistorey Apartment,Unfurnished,2.0,Unknown,4,Goa,1000.0,2,2,6500000
Villa,Furnished,2.0,Unknown,2,Goa,1000.0,4,4,85000000
Multistorey Apartment,Furnished,3.0,Unknown,3,Goa,700.0,2,1,3200000
Multistorey Apartment,Semi-Furnished,1.0,Unknown,4,Goa,1000.0,2,2,5800000
Multistorey Apartment,Furnished,1.0,Unknown,4,Goa,1000.0,2,2,6800000
Multistorey Apartment,Unfurnished,3.0,Unknown,4,Goa,900.0,2,2,5600000
Multistorey Apartment,Unknown,2.0,Unknown,4,Goa,1000.0,3,2,16500000
Multistorey Apartment,Furnished,5.0,Unknown,5,Goa,1000.0,2,2,8000000
Multistorey Apartment,Furnished,2.0,East,3,Goa,75.0,2,1,6500000
Multistorey Apartment,Semi-Furnished,2.0,Unknown,3,Goa,1000.0,2,1,4500000
Multistorey Apartment,Unfurnished,1.0,Unknown,3,Goa,1000.0,3,2,7400000
Residential House,Furnished,2.0,Unknown,3,Goa,3150.0,5,6,25000000
Multistorey Apartment,Furnished,1.0,North - East,2,Goa,1000.0,1,1,3500000
Multistorey Apartment,Furnished,4.0,Unknown,5,Goa,2200.0,3,4,19900000
Multistorey Apartment,Unknown,2.0,Unknown,4,Goa,1000.0,2,2,8000000
Multistorey Apartment,Unfurnished,4.0,North - East,5,Goa,85.0,2,2,5400000
Multistorey Apartment,Furnished,5.0,West,5,Goa,1150.0,2,2,15000000
Residential House,Furnished,2.0,Unknown,2,Goa,1000.0,6,10,100000000
Villa,Furnished,2.0,West,1,Goa,1300.0,3,3,8000000
Residential House,Unfurnished,0.0,Unknown,2,Raipur,1000.0,3,3,7500000
Villa,Unfurnished,2.0,Unknown,1,Raipur,1000.0,2,2,4500000
Villa,Unfurnished,2.0,North,1,Raipur,2500.0,2,3,17500000
Villa,Semi-Furnished,2.0,Unknown,1,Raipur,1000.0,2,2,3200000
Residential House,Furnished,0.0,Unknown,2,Raipur,1000.0,3,3,15000000
Residential House,Unfurnished,0.0,Unknown,2,Raipur,1000.0,4,4,6000000
Residential House,Unfurnished,0.0,Unknown,1,Raipur,1000.0,2,2,3000000
Residential House,Furnished,0.0,Unknown,2,Raipur,1000.0,2,2,3690000
Builder Floor Apartment,Unfurnished,4.0,Unknown,6,Raipur,1000.0,2,2,3300000
Residential House,Unknown,2.0,Unknown,4,Raipur,1000.0,5,2,13000000
Residential House,Unfurnished,1.0,Unknown,1,Raipur,950.0,1,1,2200000
Multistorey Apartment,Semi-Furnished,2.0,Unknown,4,Raipur,1000.0,2,2,3000000
Residential House,Unfurnished,2.0,Unknown,2,Raipur,1000.0,4,4,5000000
Multistorey Apartment,Unfurnished,1.0,Unknown,5,Raipur,607.0,2,2,3500000
Multistorey Apartment,Unfurnished,3.0,East,6,Raipur,981.0,2,2,3200000
Multistorey Apartment,Unfurnished,2.0,East,7,Raipur,1000.0,2,2,4200000
Residential House,Unfurnished,2.0,East,1,Raipur,1600.0,4,4,4200000
Residential House,Unfurnished,1.0,Unknown,2,Raipur,1000.0,6,5,5500000
Villa,Unfurnished,2.0,East,2,Raipur,1000.0,4,4,23000000
Residential House,Unfurnished,0.0,West,3,Raipur,3800.0,8,7,14000000
Residential House,Semi-Furnished,0.0,Unknown,1,Raipur,700.0,2,2,3600000
Multistorey Apartment,Unfurnished,0.0,Unknown,6,Raipur,1000.0,2,2,3600000
Residential House,Unfurnished,1.0,Unknown,1,Raipur,1000.0,2,2,6500000
Multistorey Apartment,Unfurnished,4.0,Unknown,13,Raipur,1000.0,2,2,2700000
Multistorey Apartment,Unfurnished,4.0,East,4,Raipur,650.0,2,2,1753000
Multistorey Apartment,Furnished,6.0,Unknown,4,Raipur,750.0,2,2,4500000
Multistorey Apartment,Unfurnished,2.0,Unknown,3,Goa,105.0,3,2,5600000
Multistorey Apartment,Furnished,2.0,Unknown,3,Goa,140.0,3,3,6000000
Multistorey Apartment,Furnished,2.0,North,67,Goa,1000.0,2,1,6500000
Villa,Unfurnished,2.0,Unknown,1,Goa,1000.0,3,3,9500000
Multistorey Apartment,Unfurnished,1.0,Unknown,5,Goa,1000.0,2,2,5000000
Multistorey Apartment,Furnished,1.0,Unknown,3,Goa,1005.0,2,2,8000000
Residential House,Furnished,0.0,Unknown,2,Goa,1000.0,4,5,37500000
Villa,Unknown,2.0,Unknown,4,Goa,1000.0,6,2,180000000
Residential House,Semi-Furnished,0.0,Unknown,2,Goa,1000.0,4,3,13500000
Multistorey Apartment,Unfurnished,5.0,Unknown,8,Goa,1000.0,4,4,14000000
Multistorey Apartment,Unknown,2.0,Unknown,4,Goa,1000.0,3,2,11500000
Villa,Furnished,2.0,Unknown,2,Goa,1000.0,3,4,15500000
Residential House,Semi-Furnished,0.0,Unknown,1,Goa,1000.0,2,1,5000000
Multistorey Apartment,Furnished,4.0,East,6,Goa,1000.0,5,4,31500000
Builder Floor Apartment,Unfurnished,1.0,East,2,Goa,1000.0,2,2,5550000
Villa,Unfurnished,2.0,North,1,Goa,1000.0,10,4,22000000
Multistorey Apartment,Semi-Furnished,2.0,East,4,Goa,1000.0,2,2,7500000
Builder Floor Apartment,Unfurnished,4.0,Unknown,4,Goa,1000.0,2,2,6000000
Villa,Semi-Furnished,2.0,Unknown,3,Goa,1000.0,4,6,80000000
Multistorey Apartment,Unknown,2.0,Unknown,4,Goa,1000.0,2,2,5200000
Villa,Furnished,2.0,Unknown,1,Goa,175.0,3,1,8000000
Multistorey Apartment,Unfurnished,1.0,North,4,Goa,1000.0,3,3,48000000
Multistorey Apartment,Unfurnished,1.0,Unknown,2,Goa,1000.0,2,2,4000000
Multistorey Apartment,Furnished,4.0,East,8,Goa,730.0,2,2,7500000
Villa,Unfurnished,2.0,Unknown,2,Goa,1000.0,4,5,12000000
Residential House,Unfurnished,1.0,Unknown,2,Goa,1000.0,3,2,8000000
Multistorey Apartment,Semi-Furnished,4.0,Unknown,4,Goa,680.0,1,1,3000000
Multistorey Apartment,Semi-Furnished,3.0,Unknown,4,Goa,1000.0,2,2,5000000
Multistorey Apartment,Unfurnished,0.0,Unknown,3,Goa,81.0,2,2,7800000
Villa,Furnished,2.0,Unknown,5,Goa,280.0,5,5,35000000
Multistorey Apartment,Unfurnished,2.0,Unknown,7,Goa,1000.0,3,2,12500000
Multistorey Apartment,Unknown,2.0,Unknown,4,Goa,1000.0,1,2,2500000
Residential House,Furnished,1.0,Unknown,1,Raipur,1000.0,4,4,4800000
Villa,Unfurnished,2.0,Unknown,2,Raipur,1050.0,2,2,3500000
Residential House,Semi-Furnished,0.0,Unknown,3,Raipur,1000.0,7,7,22000000
Multistorey Apartment,Semi-Furnished,1.0,Unknown,8,Raipur,1000.0,3,2,4500000
Residential House,Semi-Furnished,2.0,Unknown,2,Raipur,1000.0,3,3,8000000
Villa,Furnished,2.0,Unknown,1,Raipur,2450.0,7,4,12500000
Residential House,Unfurnished,2.0,Unknown,1,Raipur,1000.0,2,2,3000000
Residential House,Semi-Furnished,4.0,East,4,Raipur,5162.0,6,5,30000000
Multistorey Apartment,Unfurnished,5.0,Unknown,6,Raipur,1000.0,2,2,2500000
Villa,Furnished,2.0,Unknown,2,Raipur,1000.0,5,4,15000000
Multistorey Apartment,Unfurnished,5.0,Unknown,5,Raipur,1050.0,2,2,3200000
Multistorey Apartment,Unknown,2.0,Unknown,4,Raipur,1000.0,2,2,2000000
Residential House,Semi-Furnished,2.0,Unknown,2,Raipur,1500.0,4,5,7400000
Residential House,Semi-Furnished,1.0,Unknown,1,Raipur,1000.0,1,1,1850000
Multistorey Apartment,Semi-Furnished,1.0,Unknown,6,Raipur,1000.0,3,3,4400000
Multistorey Apartment,Unfurnished,3.0,Unknown,4,Raipur,900.0,2,2,3500000
Residential House,Unfurnished,0.0,Unknown,1,Raipur,1000.0,2,2,3200000
Multistorey Apartment,Unfurnished,0.0,Unknown,2,Raipur,350.0,1,1,900000
Villa,Furnished,2.0,North - East,1,Raipur,2000.0,2,2,13000000
Residential House,Unfurnished,0.0,Unknown,1,Raipur,1000.0,2,2,4200000
Residential House,Unfurnished,2.0,Unknown,1,Raipur,1000.0,2,2,2200000
Residential House,Unfurnished,0.0,Unknown,1,Raipur,1000.0,2,2,2800000
Builder Floor Apartment,Unfurnished,1.0,East,5,Raipur,1000.0,2,2,1800000
Residential House,Unfurnished,2.0,Unknown,4,Raipur,1000.0,3,2,3200000
Multistorey Apartment,Furnished,2.0,Unknown,3,Raipur,1000.0,2,2,3000000
Residential House,Unfurnished,2.0,Unknown,1,Raipur,950.0,2,2,3100000
Multistorey Apartment,Semi-Furnished,3.0,Unknown,6,Raipur,1000.0,2,2,4500000
Residential House,Semi-Furnished,0.0,East,2,Raipur,1125.0,3,3,6500000
Multistorey Apartment,Semi-Furnished,2.0,Unknown,4,Goa,1000.0,2,2,5600000
Multistorey Apartment,Unfurnished,0.0,Unknown,3,Goa,83.0,2,2,4500000
Builder Floor Apartment,Semi-Furnished,1.0,Unknown,4,Goa,1000.0,4,3,9000000
Multistorey Apartment,Semi-Furnished,2.0,Unknown,4,Goa,1000.0,2,2,10000000
Multistorey Apartment,Unfurnished,0.0,East,2,Goa,95.0,2,2,5500000
Multistorey Apartment,Semi-Furnished,1.0,Unknown,3,Goa,1000.0,1,1,3200000
Multistorey Apartment,Furnished,5.0,West,8,Goa,935.0,2,2,10500000
Multistorey Apartment,Unfurnished,2.0,South,3,Goa,1022.0,2,2,7000000
Villa,Semi-Furnished,2.0,Unknown,2,Goa,1000.0,4,4,12500000
Residential House,Furnished,0.0,Unknown,2,Goa,180.0,3,3,50000000
Multistorey Apartment,Unfurnished,3.0,Unknown,3,Goa,64.0,2,3,3500000
Multistorey Apartment,Unfurnished,3.0,Unknown,4,Goa,98.0,2,2,8000000
Residential House,Furnished,0.0,Unknown,2,Goa,1000.0,3,3,12000000
Villa,Furnished,2.0,Unknown,3,Goa,1000.0,4,4,80000000
Residential House,Unfurnished,1.0,Unknown,2,Goa,1000.0,4,4,10500000
Multistorey Apartment,Unfurnished,2.0,Unknown,3,Goa,1000.0,2,2,3700000
Multistorey Apartment,Semi-Furnished,1.0,Unknown,4,Goa,1000.0,1,1,3700000
Multistorey Apartment,Unfurnished,3.0,North,3,Goa,1000.0,2,2,3950000
Villa,Furnished,2.0,Unknown,2,Goa,2000.0,3,3,29500000
Multistorey Apartment,Unfurnished,1.0,Unknown,3,Goa,1000.0,1,1,2400000
Multistorey Apartment,Semi-Furnished,1.0,North,5,Goa,1000.0,2,2,7500000
Multistorey Apartment,Furnished,3.0,South,3,Goa,80.0,2,2,5000000
Multistorey Apartment,Unfurnished,2.0,East,2,Goa,850.0,2,1,4800000
Multistorey Apartment,Semi-Furnished,-0.5,Unknown,1,Goa,60.0,1,1,3900000
Multistorey Apartment,Unfurnished,1.0,Unknown,4,Goa,112.0,2,2,6200000
Multistorey Apartment,Unfurnished,3.0,Unknown,4,Goa,1000.0,1,1,3200000
Multistorey Apartment,Semi-Furnished,2.0,Unknown,3,Goa,560.0,1,1,5000000
Multistorey Apartment,Furnished,3.0,West,3,Goa,88.0,2,2,5500000
Builder Floor Apartment,Unfurnished,3.0,Unknown,5,Goa,1000.0,2,2,5800000
Multistorey Apartment,Unfurnished,2.0,Unknown,2,Goa,1668.0,2,2,40000000
Multistorey Apartment,Furnished,0.0,Unknown,3,Goa,1000.0,1,1,8000000
Multistorey Apartment,Furnished,3.0,Unknown,3,Goa,97.0,2,2,9500000
Villa,Semi-Furnished,2.0,East,2,Goa,170.0,4,3,16000000
Residential House,Semi-Furnished,2.0,East,3,Goa,845.0,2,1,3599000
Multistorey Apartment,Unfurnished,3.0,Unknown,3,Goa,1149.0,2,2,12000000
Residential House,Unfurnished,2.0,East,1,Goa,900.0,3,2,7500000
Residential House,Unfurnished,2.0,East,2,Goa,1000.0,5,4,15000000
Penthouse,Furnished,2.0,East,3,Goa,121.0,3,2,20000000
Multistorey Apartment,Unfurnished,3.0,Unknown,5,Raipur,1000.0,2,2,3000000
Residential House,Unfurnished,1.0,East,2,Raipur,1000.0,5,5,20000000
Multistorey Apartment,Unfurnished,1.0,East,4,Raipur,645.0,2,2,1800000
Multistorey Apartment,Unfurnished,4.0,West,5,Raipur,1135.0,2,2,4500000
Multistorey Apartment,Unfurnished,0.0,North,4,Raipur,962.0,3,3,3050000
Residential House,Semi-Furnished,0.0,West,1,Raipur,900.0,2,2,5000000
Multistorey Apartment,Semi-Furnished,3.0,East,4,Raipur,1000.0,2,2,4100000
Residential House,Unfurnished,0.0,East,2,Raipur,1000.0,5,4,3500000
Residential House,Unfurnished,2.0,Unknown,2,Raipur,709.0,2,2,2324000
Multistorey Apartment,Furnished,2.0,Unknown,7,Raipur,1000.0,3,3,8000000
Multistorey Apartment,Semi-Furnished,4.0,Unknown,4,Raipur,1000.0,2,2,1550000
Residential House,Semi-Furnished,2.0,Unknown,2,Raipur,2600.0,5,4,11500000
Residential House,Unfurnished,2.0,Unknown,1,Raipur,850.0,2,2,3351000
Multistorey Apartment,Semi-Furnished,6.0,East,7,Raipur,1000.0,3,3,9000000
Residential House,Furnished,2.0,West,2,Raipur,1980.0,4,3,12000000
Multistorey Apartment,Unfurnished,1.0,Unknown,6,Raipur,1000.0,2,2,3100000
Multistorey Apartment,Unfurnished,1.0,Unknown,6,Raipur,521.0,1,1,1350000
Multistorey Apartment,Unfurnished,4.0,North,4,Raipur,870.0,2,2,2500000
Residential House,Unfurnished,0.0,Unknown,2,Raipur,1000.0,3,3,6000000
Villa,Unfurnished,2.0,Unknown,1,Raipur,1500.0,2,2,13000000
Multistorey Apartment,Unfurnished,2.0,South,5,Raipur,830.0,2,2,2700000
Multistorey Apartment,Unfurnished,1.0,West,4,Raipur,980.0,3,2,2500000
Villa,Furnished,2.0,Unknown,4,Raipur,1000.0,2,3,7000000
Multistorey Apartment,Unfurnished,3.0,Unknown,4,Raipur,850.0,2,2,1450000
Builder Floor Apartment,Furnished,4.0,Unknown,4,Raipur,1000.0,3,3,5000000
Residential House,Unfurnished,1.0,West,2,Raipur,2800.0,6,4,7500000
Multistorey Apartment,Semi-Furnished,3.0,Unknown,6,Raipur,1000.0,2,2,3100000
Residential House,Unfurnished,0.0,Unknown,1,Raipur,1000.0,1,2,1650000
Multistorey Apartment,Unfurnished,2.0,Unknown,6,Raipur,1000.0,2,2,2700000
Residential House,Unfurnished,0.0,Unknown,1,Raipur,1800.0,3,3,18500000
Multistorey Apartment,Unfurnished,3.0,Unknown,7,Raipur,1000.0,2,2,3000000
Residential House,Furnished,1.0,Unknown,1,Raipur,1000.0,4,4,7000000
Multistorey Apartment,Unfurnished,3.0,Unknown,4,Raipur,900.0,2,2,1600000
Residential House,Semi-Furnished,0.0,Unknown,1,Raipur,1920.0,4,3,9500000
Multistorey Apartment,Semi-Furnished,5.0,Unknown,4,Raipur,1000.0,2,2,2000000
Multistorey Apartment,Semi-Furnished,2.0,Unknown,4,Raipur,1000.0,2,2,4500000
Multistorey Apartment,Furnished,2.0,Unknown,6,Raipur,1500.0,3,3,7000000
Residential House,Unfurnished,0.0,Unknown,2,Raipur,1000.0,4,3,13500000
Villa,Unfurnished,2.0,Unknown,2,Raipur,1000.0,6,4,14000000
Multistorey Apartment,Semi-Furnished,1.0,North - East,4,Raipur,1000.0,2,2,4200000
Multistorey Apartment,Unfurnished,5.0,East,6,Raipur,840.0,2,2,2000000
Residential House,Unfurnished,0.0,Unknown,3,Raipur,1000.0,1,3,2100000
Multistorey Apartment,Unfurnished,2.0,Unknown,11,Raipur,1000.0,3,2,5000000
Residential House,Unfurnished,0.0,Unknown,2,Raipur,925.0,3,3,4200000
Multistorey Apartment,Unfurnished,2.0,Unknown,4,Raipur,600.0,2,2,2700000
Builder Floor Apartment,Unfurnished,3.0,Unknown,4,Raipur,1100.0,3,3,3000000
Multistorey Apartment,Semi-Furnished,5.0,Unknown,5,Raipur,1000.0,2,2,5200000
Multistorey Apartment,Furnished,1.0,Unknown,2,Goa,82.0,2,2,4500000
Multistorey Apartment,Unfurnished,4.0,Unknown,4,Goa,680.0,2,2,4700000
Multistorey Apartment,Furnished,2.0,Unknown,5,Goa,1000.0,2,1,7000000
Villa,Furnished,2.0,Unknown,4,Goa,1000.0,3,2,245000000
Multistorey Apartment,Furnished,1.0,East,2,Goa,1000.0,3,3,27000000
Residential House,Semi-Furnished,2.0,North - East,2,Goa,200.0,4,4,15000000
Multistorey Apartment,Semi-Furnished,1.0,Unknown,3,Goa,1075.0,2,2,10500000
Builder Floor Apartment,Unfurnished,2.0,Unknown,2,Goa,1000.0,1,1,3300000
Villa,Semi-Furnished,2.0,Unknown,2,Goa,1000.0,6,3,15000000
Builder Floor Apartment,Unfurnished,1.0,Unknown,2,Goa,1000.0,2,1,3600000
Multistorey Apartment,Unfurnished,4.0,East,7,Goa,3229.0,3,5,47000000
Multistorey Apartment,Unfurnished,3.0,Unknown,6,Goa,106.0,2,2,8400000
Multistorey Apartment,Unfurnished,2.0,Unknown,2,Goa,930.0,2,2,6800000
Multistorey Apartment,Unfurnished,2.0,Unknown,4,Goa,104.0,3,3,9500000
Multistorey Apartment,Unfurnished,1.0,Unknown,3,Goa,700.0,2,1,4000000
Multistorey Apartment,Unfurnished,1.0,Unknown,4,Goa,1000.0,2,2,3800000
Multistorey Apartment,Unfurnished,2.0,North,4,Goa,721.0,1,1,3500000
Multistorey Apartment,Unfurnished,2.0,East,3,Goa,108.0,3,2,8500000
Builder Floor Apartment,Semi-Furnished,1.0,South -West,3,Goa,1000.0,1,1,3800000
Residential House,Furnished,-1.0,Unknown,2,Goa,1000.0,4,4,40000000
Multistorey Apartment,Unknown,2.0,Unknown,4,Goa,1000.0,1,2,3200000
Multistorey Apartment,Semi-Furnished,3.0,West,3,Goa,990.0,2,2,4250000
Multistorey Apartment,Unfurnished,2.0,North - East,4,Goa,1000.0,2,2,5900000
Multistorey Apartment,Semi-Furnished,2.0,Unknown,3,Goa,755.0,2,1,3000000
Multistorey Apartment,Unfurnished,8.0,Unknown,8,Goa,1000.0,1,1,3500000
Multistorey Apartment,Furnished,2.0,West,4,Goa,98.0,2,2,7650000
Multistorey Apartment,Furnished,3.0,East,3,Goa,1000.0,1,1,5500000
Builder Floor Apartment,Unfurnished,3.0,Unknown,6,Goa,1000.0,2,3,10000000
Multistorey Apartment,Unfurnished,2.0,Unknown,3,Goa,1000.0,2,2,2700000
Multistorey Apartment,Unfurnished,7.0,Unknown,8,Goa,750.0,2,2,5400000
Multistorey Apartment,Unknown,2.0,Unknown,4,Goa,1000.0,3,2,6200000
Multistorey Apartment,Semi-Furnished,1.0,Unknown,14,Goa,1000.0,1,1,5200000
Builder Floor Apartment,Semi-Furnished,4.0,Unknown,5,Goa,1000.0,3,3,16000000
Residential House,Semi-Furnished,0.0,South,1,Goa,1000.0,6,2,80000000
Multistorey Apartment,Furnished,2.0,East,4,Goa,1000.0,2,2,5500000
Studio Apartment,Semi-Furnished,0.0,East,3,Goa,1000.0,3,1,5500000
Multistorey Apartment,Unfurnished,4.0,Unknown,6,Goa,1000.0,2,2,10000000
Villa,Unfurnished,2.0,East,2,Goa,623.0,4,5,95000000
Villa,Semi-Furnished,2.0,Unknown,2,Goa,295.0,3,4,25000000
Multistorey Apartment,Semi-Furnished,3.0,East,5,Goa,104.0,2,2,7000000
Multistorey Apartment,Furnished,0.0,Unknown,1,Goa,81.0,2,2,9200000
Multistorey Apartment,Semi-Furnished,4.0,West,6,Raipur,1242.0,3,3,4325000
Multistorey Apartment,Semi-Furnished,4.0,Unknown,5,Raipur,1000.0,2,2,5000000
Multistorey Apartment,Semi-Furnished,2.0,Unknown,6,Raipur,750.0,2,2,2200000
Multistorey Apartment,Unfurnished,1.0,Unknown,6,Raipur,1000.0,3,2,5500000
Multistorey Apartment,Unfurnished,5.0,East,4,Raipur,900.0,2,1,4000000
Multistorey Apartment,Unfurnished,1.0,East,12,Raipur,1100.0,3,2,4450000
Multistorey Apartment,Furnished,4.0,Unknown,6,Raipur,1000.0,2,2,2850000
Residential House,Unfurnished,0.0,East,1,Raipur,1900.0,3,3,8000000
Residential House,Unfurnished,1.0,West,2,Raipur,1016.0,3,3,8500000
Residential House,Furnished,2.0,Unknown,2,Raipur,1000.0,6,7,12000000
Residential House,Semi-Furnished,0.0,Unknown,2,Raipur,1000.0,5,5,12500000
Multistorey Apartment,Semi-Furnished,5.0,Unknown,6,Raipur,505.0,1,1,1550000
Residential House,Semi-Furnished,0.0,Unknown,1,Raipur,1000.0,4,5,12500000
Residential House,Semi-Furnished,0.0,Unknown,2,Raipur,1000.0,3,3,6000000
Multistorey Apartment,Semi-Furnished,5.0,Unknown,6,Raipur,1380.0,2,2,5200000
Residential House,Unfurnished,0.0,North,1,Raipur,1000.0,2,2,3535000
Residential House,Semi-Furnished,2.0,West,2,Raipur,1750.0,5,5,12000000
Multistorey Apartment,Furnished,2.0,Unknown,4,Raipur,1000.0,2,2,2300000
Residential House,Semi-Furnished,0.0,Unknown,1,Raipur,1000.0,4,3,6100000
Builder Floor Apartment,Unfurnished,1.0,Unknown,4,Raipur,1000.0,1,1,1000000
Multistorey Apartment,Semi-Furnished,6.0,Unknown,6,Raipur,1000.0,2,2,2200000
Multistorey Apartment,Unfurnished,2.0,South - East,6,Raipur,1500.0,3,3,7500000
Multistorey Apartment,Semi-Furnished,2.0,North,6,Raipur,980.0,3,2,3700000
Residential House,Unfurnished,2.0,Unknown,1,Raipur,860.0,2,2,2700000
Multistorey Apartment,Semi-Furnished,5.0,East,6,Raipur,870.0,2,2,2200000
Multistorey Apartment,Unfurnished,2.0,Unknown,4,Raipur,1000.0,2,2,2600000
Residential House,Unfurnished,2.0,Unknown,2,Raipur,1000.0,3,3,5800000
Residential House,Unknown,2.0,Unknown,4,Raipur,1000.0,2,2,2796200
Residential House,Semi-Furnished,2.0,Unknown,1,Goa,105.0,2,2,9000000
Builder Floor Apartment,Semi-Furnished,1.0,Unknown,4,Goa,1000.0,2,2,5000000
Studio Apartment,Unfurnished,2.0,Unknown,2,Goa,465.0,3,1,5550000
Residential House,Semi-Furnished,0.0,Unknown,1,Goa,30.0,1,1,12000000
Multistorey Apartment,Unfurnished,2.0,Unknown,3,Goa,1000.0,3,4,6000000
Multistorey Apartment,Furnished,5.0,South -West,6,Goa,1614.0,3,3,11000000
Multistorey Apartment,Unfurnished,3.0,Unknown,4,Goa,65.0,2,2,7500000
Multistorey Apartment,Semi-Furnished,0.0,Unknown,3,Goa,1000.0,1,2,4050000
Builder Floor Apartment,Unfurnished,3.0,North,4,Goa,1000.0,2,2,6500000
Multistorey Apartment,Furnished,5.0,South -West,5,Goa,1650.0,3,3,6700000
Villa,Semi-Furnished,2.0,East,1,Goa,4200.0,4,5,67500000
Multistorey Apartment,Furnished,3.0,Unknown,3,Goa,84.0,2,2,12500000
Multistorey Apartment,Unfurnished,2.0,North,4,Goa,122.0,3,2,8500000
Multistorey Apartment,Semi-Furnished,2.0,Unknown,2,Goa,1000.0,2,2,6600000
Multistorey Apartment,Unfurnished,4.0,Unknown,4,Goa,1000.0,2,2,5000000
Multistorey Apartment,Unfurnished,0.0,East,4,Goa,1000.0,3,3,5600000
Multistorey Apartment,Unfurnished,3.0,West,4,Goa,105.0,2,2,5600000
Multistorey Apartment,Furnished,5.0,Unknown,4,Goa,1000.0,2,2,9500000
Villa,Unfurnished,2.0,West,2,Goa,2800.0,5,6,33000000
Residential House,Unfurnished,2.0,Unknown,2,Goa,1700.0,3,3,9800000
Multistorey Apartment,Unknown,2.0,Unknown,4,Goa,1000.0,2,2,18500000
Multistorey Apartment,Unfurnished,2.0,Unknown,3,Goa,850.0,2,2,3000000
Residential House,Furnished,-1.0,East,3,Goa,1000.0,4,6,80000000
Multistorey Apartment,Furnished,2.0,Unknown,2,Goa,1000.0,2,2,3600000
Multistorey Apartment,Semi-Furnished,7.0,Unknown,8,Goa,1000.0,2,2,7800000
Builder Floor Apartment,Semi-Furnished,0.0,Unknown,3,Goa,1000.0,2,2,8000000
Multistorey Apartment,Unfurnished,4.0,Unknown,4,Goa,83.0,2,2,5300000
Multistorey Apartment,Unfurnished,3.0,Unknown,3,Goa,900.0,2,2,6100000
Residential House,Unfurnished,1.0,Unknown,1,Goa,1000.0,2,2,27500000
Multistorey Apartment,Semi-Furnished,5.0,Unknown,5,Goa,1000.0,1,1,5000000
Multistorey Apartment,Unfurnished,5.0,East,6,Raipur,1000.0,2,2,1890000
Multistorey Apartment,Semi-Furnished,4.0,Unknown,4,Raipur,1000.0,2,2,3200000
Multistorey Apartment,Unfurnished,2.0,Unknown,4,Raipur,780.0,2,2,1850000
Residential House,Unfurnished,2.0,Unknown,2,Raipur,845.0,3,2,4500000
Residential House,Unknown,2.0,Unknown,2,Raipur,1000.0,4,2,12000000
Residential House,Semi-Furnished,0.0,Unknown,2,Raipur,1000.0,4,4,4200000
Residential House,Unknown,2.0,Unknown,4,Raipur,1000.0,2,2,4200000
Residential House,Unfurnished,2.0,Unknown,1,Raipur,1000.0,2,2,35000000
Multistorey Apartment,Unfurnished,4.0,North,6,Raipur,600.0,2,1,2400000
Multistorey Apartment,Unfurnished,4.0,East,10,Raipur,772.0,3,3,3500000
Villa,Unfurnished,2.0,East,2,Raipur,1800.0,2,2,3500000
Residential House,Semi-Furnished,0.0,Unknown,2,Raipur,1000.0,4,3,8000000
Residential House,Unfurnished,1.0,East,1,Raipur,612.0,2,2,2019000
Residential House,Unfurnished,1.0,South,1,Raipur,3300.0,6,3,22500000
Multistorey Apartment,Unknown,2.0,Unknown,4,Raipur,1000.0,2,2,3200000
Villa,Unfurnished,2.0,Unknown,2,Raipur,2172.0,3,3,8000000
Residential House,Furnished,1.0,Unknown,2,Raipur,3000.0,5,5,10500000
Multistorey Apartment,Semi-Furnished,2.0,Unknown,8,Raipur,1000.0,2,2,3500000
Residential House,Semi-Furnished,0.0,Unknown,1,Raipur,1000.0,4,3,9000000
Residential House,Furnished,0.0,Unknown,1,Raipur,1000.0,2,2,3500000
Multistorey Apartment,Semi-Furnished,4.0,Unknown,4,Raipur,850.0,2,2,1750000
Multistorey Apartment,Unfurnished,4.0,Unknown,6,Raipur,850.0,2,2,2300000
Multistorey Apartment,Unfurnished,5.0,North,6,Raipur,725.0,2,2,2800000
Multistorey Apartment,Unfurnished,0.0,North - East,2,Raipur,1200.0,3,1,35000000
Villa,Semi-Furnished,2.0,Unknown,1,Raipur,1000.0,3,3,5000000
Multistorey Apartment,Unfurnished,1.0,Unknown,6,Raipur,1000.0,2,1,2500000
Villa,Semi-Furnished,2.0,Unknown,2,Raipur,1000.0,5,5,11000000
Multistorey Apartment,Furnished,4.0,Unknown,6,Raipur,1000.0,2,2,4300000
Multistorey Apartment,Unfurnished,4.0,North,6,Raipur,1000.0,2,2,2100000
Multistorey Apartment,Semi-Furnished,1.0,Unknown,7,Raipur,1000.0,3,3,4396000
Residential House,Semi-Furnished,2.0,Unknown,1,Raipur,600.0,2,2,1800000
Multistorey Apartment,Unfurnished,6.0,Unknown,10,Raipur,600.0,2,2,2580000
Residential House,Furnished,0.0,Unknown,1,Raipur,950.0,2,2,6700000
Multistorey Apartment,Semi-Furnished,2.0,East,6,Raipur,1000.0,2,2,2650000
Villa,Unfurnished,2.0,South - East,2,Raipur,1800.0,3,4,9500000
Residential House,Unfurnished,1.0,Unknown,1,Raipur,1000.0,4,2,7000000
Residential House,Unfurnished,1.0,Unknown,1,Raipur,2400.0,3,2,19000000
Multistorey Apartment,Furnished,3.0,East,12,Raipur,1800.0,4,3,11100000
Multistorey Apartment,Semi-Furnished,4.0,Unknown,10,Raipur,980.0,2,2,3200000
Multistorey Apartment,Furnished,2.0,Unknown,3,Goa,1000.0,2,2,15000000
Builder Floor Apartment,Unfurnished,2.0,Unknown,3,Goa,1000.0,2,2,4500000
Multistorey Apartment,Unfurnished,2.0,North,3,Goa,1000.0,2,2,4250000
Multistorey Apartment,Unfurnished,2.0,North,4,Goa,49.0,1,1,2701000
Multistorey Apartment,Unfurnished,0.0,Unknown,3,Goa,1000.0,3,3,15000000
Villa,Semi-Furnished,2.0,Unknown,2,Goa,328.0,3,3,15000000
Multistorey Apartment,Unfurnished,4.0,East,4,Goa,640.0,2,2,5400000
Villa,Furnished,2.0,North,1,Goa,170.0,3,3,12000000
Multistorey Apartment,Furnished,2.0,Unknown,4,Goa,1000.0,1,1,5000000
Multistorey Apartment,Furnished,7.0,Unknown,8,Goa,1000.0,2,3,7000000
Multistorey Apartment,Unfurnished,1.0,North - East,3,Goa,89.0,2,1,4900000
Multistorey Apartment,Unknown,2.0,Unknown,4,Goa,1000.0,2,2,3700000
Residential House,Furnished,0.0,Unknown,2,Goa,1327.0,2,1,25000000
Multistorey Apartment,Semi-Furnished,3.0,Unknown,7,Goa,1000.0,2,2,3500000
Multistorey Apartment,Furnished,3.0,Unknown,3,Goa,98.0,2,2,7000000
Residential House,Unfurnished,0.0,Unknown,2,Goa,2200.0,4,5,31500000
Multistorey Apartment,Furnished,2.0,East,3,Goa,1000.0,1,1,5700000
Multistorey Apartment,Unfurnished,1.0,East,3,Goa,130.0,2,2,7000000
Multistorey Apartment,Unfurnished,1.0,East,1,Goa,1000.0,2,2,5500000
Residential House,Furnished,0.0,Unknown,2,Goa,1000.0,4,5,25000000
Multistorey Apartment,Furnished,2.0,North,2,Goa,732.0,2,2,8000000
Builder Floor Apartment,Furnished,2.0,Unknown,3,Goa,1000.0,2,2,6000000
Residential House,Furnished,2.0,Unknown,2,Goa,1000.0,2,1,12000000
Multistorey Apartment,Furnished,0.0,North,3,Goa,84.0,2,2,12500000
Multistorey Apartment,Furnished,1.0,South - East,7,Goa,1000.0,1,2,8850000
Builder Floor Apartment,Unfurnished,1.0,Unknown,2,Goa,1000.0,2,2,10000000
Multistorey Apartment,Unfurnished,4.0,East,7,Goa,1000.0,2,2,11000000
Multistorey Apartment,Semi-Furnished,4.0,Unknown,4,Goa,97.0,2,2,4500000
Multistorey Apartment,Semi-Furnished,5.0,Unknown,5,Goa,1000.0,3,3,12000000
Multistorey Apartment,Unfurnished,1.0,Unknown,2,Goa,82.0,2,1,7500000
Multistorey Apartment,Furnished,3.0,Unknown,4,Goa,1000.0,2,2,4000000
Multistorey Apartment,Semi-Furnished,2.0,Unknown,3,Goa,1000.0,2,3,13500000
Multistorey Apartment,Semi-Furnished,1.0,West,6,Raipur,1300.0,3,2,6500000
Residential House,Unfurnished,0.0,Unknown,2,Raipur,1000.0,6,8,4000000
Multistorey Apartment,Unfurnished,10.0,Unknown,10,Raipur,380.0,1,1,1500000
Villa,Unfurnished,2.0,Unknown,2,Raipur,1100.0,3,2,7000000
Multistorey Apartment,Furnished,5.0,North - West,5,Raipur,1000.0,2,2,2000000
Residential House,Semi-Furnished,2.0,Unknown,1,Raipur,1000.0,2,1,4000000
Multistorey Apartment,Unfurnished,6.0,Unknown,6,Raipur,1000.0,1,1,1451000
Villa,Unfurnished,2.0,Unknown,2,Raipur,1000.0,5,3,15500000
Residential House,Unknown,2.0,Unknown,4,Raipur,1000.0,2,2,2800000
Residential House,Unfurnished,2.0,Unknown,2,Raipur,1000.0,6,6,25000000
Residential House,Furnished,2.0,Unknown,3,Raipur,1250.0,5,5,6500000
Residential House,Unfurnished,2.0,Unknown,2,Raipur,1000.0,3,3,10000000
Multistorey Apartment,Furnished,1.0,Unknown,5,Raipur,1000.0,4,4,6000000
Multistorey Apartment,Unfurnished,2.0,Unknown,6,Raipur,1357.0,2,2,5000000
Residential House,Semi-Furnished,0.0,Unknown,1,Raipur,1000.0,2,2,2800000
Multistorey Apartment,Unfurnished,2.0,Unknown,4,Raipur,1000.0,2,2,1690000
Multistorey Apartment,Unfurnished,3.0,East,10,Raipur,1000.0,3,3,4960000
Villa,Furnished,2.0,Unknown,2,Raipur,1000.0,3,4,8500000
Multistorey Apartment,Unfurnished,6.0,East,10,Raipur,1000.0,2,2,2000000
Villa,Unfurnished,2.0,South - East,2,Raipur,1000.0,3,3,8000000
Multistorey Apartment,Semi-Furnished,2.0,Unknown,3,Raipur,1000.0,2,2,2500000
Residential House,Unfurnished,0.0,East,2,Raipur,1250.0,4,4,6000000
Multistorey Apartment,Semi-Furnished,3.0,North,6,Raipur,945.0,2,2,3100000
Residential House,Unfurnished,0.0,East,1,Raipur,900.0,2,2,4600000
Residential House,Furnished,0.0,East,1,Goa,1000.0,3,2,8500000
Multistorey Apartment,Semi-Furnished,3.0,Unknown,5,Goa,1000.0,2,2,6000000
Villa,Unfurnished,2.0,Unknown,2,Goa,1000.0,3,4,14000000
Multistorey Apartment,Unfurnished,2.0,Unknown,5,Goa,1000.0,2,2,6600000
Multistorey Apartment,Semi-Furnished,1.0,Unknown,2,Goa,1000.0,2,1,4500000
Multistorey Apartment,Furnished,1.0,Unknown,4,Goa,1000.0,1,1,3500000
Residential House,Unknown,2.0,Unknown,4,Goa,1000.0,5,2,40000000
Multistorey Apartment,Semi-Furnished,1.0,Unknown,3,Goa,1000.0,2,2,6500000
Villa,Unfurnished,2.0,East,2,Goa,1000.0,10,6,50000000
Residential House,Unfurnished,0.0,Unknown,2,Goa,1000.0,4,2,26000000
Multistorey Apartment,Furnished,3.0,East,3,Goa,1000.0,3,3,9000000
Multistorey Apartment,Unfurnished,6.0,Unknown,7,Goa,1000.0,2,2,4000000
Multistorey Apartment,Semi-Furnished,1.0,Unknown,3,Goa,1000.0,2,2,7000000
Multistorey Apartment,Semi-Furnished,2.0,West,3,Goa,1000.0,2,2,3300000
Villa,Unfurnished,2.0,East,2,Goa,1000.0,4,4,26000000
Penthouse,Semi-Furnished,4.0,North,4,Goa,1000.0,3,2,15800000
Multistorey Apartment,Furnished,2.0,East,2,Goa,69.0,1,1,5900000
Multistorey Apartment,Semi-Furnished,1.0,Unknown,4,Goa,750.0,1,1,3800000
Builder Floor Apartment,Unfurnished,2.0,Unknown,3,Goa,1000.0,2,2,8000000
Residential House,Furnished,0.0,East,3,Goa,300.0,6,5,100000000
Multistorey Apartment,Furnished,3.0,Unknown,4,Goa,106.0,2,2,7900000
Multistorey Apartment,Unfurnished,1.0,Unknown,4,Goa,625.0,1,1,3800000
Residential House,Semi-Furnished,0.0,Unknown,3,Goa,1000.0,5,5,26000000
Multistorey Apartment,Semi-Furnished,3.0,East,3,Goa,69.0,1,1,4000000
Multistorey Apartment,Unfurnished,2.0,Unknown,4,Goa,748.0,2,2,10400000
Multistorey Apartment,Semi-Furnished,2.0,Unknown,4,Goa,1000.0,2,2,7690039
Residential House,Furnished,1.0,Unknown,3,Goa,1000.0,3,2,50000000
Multistorey Apartment,Unfurnished,2.0,East,5,Goa,800.0,2,2,5600000
Multistorey Apartment,Semi-Furnished,3.0,Unknown,4,Goa,1000.0,2,2,11000000
Multistorey Apartment,Unfurnished,4.0,East,7,Goa,968.0,2,2,8000000
Multistorey Apartment,Unfurnished,1.0,Unknown,7,Goa,1000.0,2,2,6699000
Penthouse,Unfurnished,2.0,Unknown,4,Goa,1000.0,3,3,15500000
Multistorey Apartment,Unfurnished,3.0,Unknown,6,Raipur,835.0,2,2,2500000
Residential House,Furnished,0.0,Unknown,1,Raipur,1000.0,2,2,3000000
Residential House,Unfurnished,0.0,North,1,Raipur,450.0,2,1,1900000
Multistorey Apartment,Unfurnished,3.0,Unknown,3,Raipur,1550.0,3,2,4500000
Residential House,Unfurnished,0.0,East,1,Raipur,1110.0,3,2,3600000
Multistorey Apartment,Unfurnished,2.0,North - East,6,Raipur,300.0,1,1,1147000
Residential House,Furnished,0.0,East,1,Raipur,1000.0,4,4,4000000
Multistorey Apartment,Semi-Furnished,4.0,Unknown,6,Raipur,731.0,2,2,3000000
Residential House,Unfurnished,1.0,North - West,2,Raipur,950.0,1,3,6200000
Villa,Unfurnished,2.0,Unknown,2,Raipur,2527.0,3,3,120000000
Villa,Unfurnished,2.0,West,2,Raipur,2200.0,5,3,14000000
Residential House,Unfurnished,1.0,North,2,Raipur,1058.0,4,5,14000000
Residential House,Unfurnished,2.0,South,1,Raipur,700.0,2,2,3200000
Residential House,Unfurnished,1.0,West,1,Raipur,750.0,2,2,2700000
Residential House,Unfurnished,1.0,South,2,Raipur,1100.0,6,2,6500000
Multistorey Apartment,Semi-Furnished,1.0,East,6,Raipur,661.0,1,1,2900000
Multistorey Apartment,Unfurnished,4.0,North,7,Raipur,1000.0,2,2,2300000
Multistorey Apartment,Unfurnished,4.0,East,6,Raipur,1000.0,2,2,3250000
Residential House,Unfurnished,1.0,East,2,Raipur,1250.0,3,3,3700000
Multistorey Apartment,Semi-Furnished,2.0,North,6,Raipur,1000.0,3,3,5100000
Multistorey Apartment,Unfurnished,1.0,Unknown,6,Raipur,660.0,2,2,2500000
Multistorey Apartment,Unfurnished,4.0,Unknown,5,Raipur,1000.0,2,2,2500000
Multistorey Apartment,Semi-Furnished,5.0,East,6,Raipur,1000.0,2,2,4000000
Multistorey Apartment,Unfurnished,2.0,Unknown,4,Raipur,650.0,2,2,2500000
Residential House,Unfurnished,0.0,Unknown,2,Raipur,1000.0,3,2,3000000
Multistorey Apartment,Unfurnished,4.0,East,8,Raipur,1605.0,3,3,5500000
Villa,Semi-Furnished,2.0,Unknown,3,Raipur,1000.0,7,7,13000000
Residential House,Unfurnished,0.0,Unknown,1,Raipur,1000.0,2,2,5500000
Villa,Furnished,2.0,East,1,Goa,1000.0,3,3,45000000
Multistorey Apartment,Furnished,3.0,North,6,Goa,127.0,3,2,11000000
Multistorey Apartment,Unfurnished,2.0,Unknown,4,Goa,1000.0,2,2,5000000
Villa,Unfurnished,2.0,Unknown,3,Goa,255.0,3,5,16000000
Penthouse,Semi-Furnished,4.0,Unknown,4,Goa,208.0,3,3,23000000
Residential House,Semi-Furnished,0.0,Unknown,2,Goa,1000.0,5,5,30000000
Multistorey Apartment,Unfurnished,3.0,Unknown,4,Goa,1000.0,1,1,3500000
Multistorey Apartment,Furnished,4.0,Unknown,5,Goa,160.0,3,3,8000000
Multistorey Apartment,Unfurnished,1.0,West,5,Goa,1000.0,2,2,5000000
Multistorey Apartment,Unfurnished,1.0,Unknown,4,Goa,182.0,3,3,12000000
Multistorey Apartment,Semi-Furnished,4.0,Unknown,4,Goa,1000.0,2,2,7500000
Multistorey Apartment,Semi-Furnished,2.0,Unknown,2,Goa,1000.0,2,2,6200000
Residential House,Semi-Furnished,1.0,Unknown,2,Goa,252.0,3,4,18500000
Multistorey Apartment,Unfurnished,1.0,East,7,Goa,1000.0,2,2,8000000
Multistorey Apartment,Unfurnished,2.0,South,5,Goa,86.0,2,2,6000000
Multistorey Apartment,Unfurnished,2.0,Unknown,4,Goa,1000.0,2,1,5800000
Multistorey Apartment,Unfurnished,0.0,East,3,Goa,60.0,1,2,4250000
Multistorey Apartment,Unfurnished,2.0,Unknown,3,Goa,104.0,2,2,5500000
Multistorey Apartment,Semi-Furnished,1.0,North - East,3,Goa,153.0,4,3,9800000
Multistorey Apartment,Unfurnished,3.0,West,8,Goa,1000.0,3,2,22000000
Builder Floor Apartment,Semi-Furnished,2.0,Unknown,3,Goa,1000.0,2,2,5210000
Multistorey Apartment,Semi-Furnished,2.0,Unknown,4,Goa,1000.0,2,2,10500000
Villa,Furnished,2.0,Unknown,1,Goa,1450.0,2,2,42500000
Multistorey Apartment,Unfurnished,3.0,Unknown,5,Goa,1000.0,2,2,6990000
Builder Floor Apartment,Unfurnished,3.0,Unknown,6,Goa,1000.0,2,2,5500000
Multistorey Apartment,Furnished,4.0,Unknown,4,Goa,82.0,1,1,5300000
Residential House,Unfurnished,2.0,Unknown,1,Goa,225.0,1,2,15000000
Villa,Furnished,2.0,Unknown,2,Goa,1215.0,2,3,12500000
Multistorey Apartment,Furnished,1.0,South,2,Goa,55.0,1,1,4500000
Villa,Semi-Furnished,2.0,North - East,3,Goa,1000.0,5,5,26000000
Penthouse,Unfurnished,2.0,Unknown,4,Goa,270.0,3,2,16500000
Villa,Unfurnished,2.0,Unknown,2,Goa,1000.0,3,3,75000000
Multistorey Apartment,Unfurnished,1.0,Unknown,5,Goa,1000.0,1,1,4500000
Multistorey Apartment,Unfurnished,7.0,East,8,Goa,94.0,2,2,12000000
Multistorey Apartment,Furnished,1.0,Unknown,2,Goa,1000.0,2,2,8500000
Multistorey Apartment,Semi-Furnished,2.0,Unknown,3,Goa,1000.0,2,2,5000000
Multistorey Apartment,Furnished,5.0,Unknown,8,Goa,1000.0,3,2,35000000
Residential House,Semi-Furnished,2.0,Unknown,2,Raipur,1000.0,6,5,8500000
Multistorey Apartment,Unfurnished,5.0,Unknown,7,Raipur,1000.0,2,1,1900000
Multistorey Apartment,Semi-Furnished,4.0,Unknown,8,Raipur,1000.0,3,3,3000000
Multistorey Apartment,Semi-Furnished,6.0,Unknown,7,Raipur,1000.0,2,2,3500000
Residential House,Semi-Furnished,2.0,Unknown,2,Raipur,1000.0,2,2,3000000
Residential House,Semi-Furnished,1.0,Unknown,2,Raipur,1125.0,4,3,9000000
Residential House,Semi-Furnished,0.0,Unknown,2,Raipur,1000.0,3,3,12000000
Residential House,Furnished,2.0,Unknown,2,Raipur,1000.0,3,3,5500000
Villa,Unfurnished,2.0,Unknown,2,Raipur,1000.0,6,4,6500000
Multistorey Apartment,Semi-Furnished,5.0,West,6,Raipur,700.0,2,1,2000000
Multistorey Apartment,Unfurnished,1.0,Unknown,6,Raipur,750.0,2,2,2745000
Residential House,Unfurnished,2.0,Unknown,1,Raipur,850.0,2,2,2400000
Multistorey Apartment,Unfurnished,2.0,Unknown,4,Raipur,725.0,2,2,2000000
Villa,Furnished,2.0,Unknown,2,Raipur,1460.0,2,2,4200000
Villa,Furnished,2.0,Unknown,2,Raipur,5000.0,6,5,38000000
Residential House,Furnished,2.0,East,2,Raipur,1000.0,5,4,14000000
Multistorey Apartment,Unfurnished,7.0,North - East,10,Raipur,2455.0,4,3,9000000
Residential House,Unfurnished,2.0,Unknown,1,Raipur,1000.0,2,2,2500000
Multistorey Apartment,Semi-Furnished,3.0,Unknown,4,Raipur,66.0,2,2,1900000
Residential House,Unfurnished,2.0,Unknown,1,Raipur,850.0,2,2,3600000
Residential House,Furnished,2.0,East,1,Raipur,1125.0,2,2,4500000
Residential House,Semi-Furnished,2.0,Unknown,2,Raipur,1000.0,3,3,4500000
Residential House,Semi-Furnished,0.0,Unknown,3,Raipur,1000.0,4,3,6500000
Residential House,Furnished,2.0,Unknown,3,Raipur,1000.0,3,5,18000000
Residential House,Unfurnished,2.0,Unknown,2,Raipur,2300.0,3,4,5800000
Residential House,Semi-Furnished,3.0,Unknown,4,Raipur,1000.0,3,2,3100000
Multistorey Apartment,Furnished,3.0,Unknown,5,Raipur,1353.0,3,3,6000000
Residential House,Furnished,2.0,Unknown,1,Raipur,600.0,3,3,3000000
Residential House,Furnished,1.0,Unknown,1,Raipur,1000.0,2,2,2750000
Residential House,Furnished,0.0,Unknown,3,Raipur,1000.0,6,4,5740000
Villa,Furnished,2.0,Unknown,1,Raipur,1250.0,3,3,2500000
Builder Floor Apartment,Semi-Furnished,3.0,Unknown,4,Raipur,1000.0,2,2,1850000
Multistorey Apartment,Semi-Furnished,2.0,Unknown,6,Raipur,1476.0,3,2,5300000
Residential House,Unfurnished,0.0,Unknown,2,Raipur,1000.0,3,4,2700000
Residential House,Semi-Furnished,0.0,Unknown,2,Raipur,1000.0,5,5,7600000
Villa,Unfurnished,2.0,West,1,Raipur,1000.0,2,2,5500000
Residential House,Semi-Furnished,2.0,Unknown,2,Raipur,2200.0,4,4,7500000
Multistorey Apartment,Unfurnished,3.0,Unknown,4,Raipur,900.0,2,2,1800000
Residential House,Semi-Furnished,0.0,Unknown,1,Raipur,1000.0,2,1,1900000
Builder Floor Apartment,Semi-Furnished,3.0,Unknown,6,Raipur,1000.0,2,2,4000000
Multistorey Apartment,Unknown,2.0,Unknown,4,Goa,1000.0,2,2,9000000
Multistorey Apartment,Unfurnished,2.0,Unknown,2,Goa,65.0,2,1,3000000
Multistorey Apartment,Semi-Furnished,1.0,Unknown,2,Goa,60.0,1,1,2500000
Residential House,Furnished,0.0,Unknown,2,Goa,1000.0,3,5,40000000
Residential House,Unfurnished,1.0,East,2,Goa,249.0,4,2,27500000
Multistorey Apartment,Unfurnished,2.0,Unknown,10,Goa,1000.0,2,2,8500000
Builder Floor Apartment,Unfurnished,3.0,Unknown,5,Goa,1000.0,2,2,6800000
Multistorey Apartment,Unfurnished,3.0,Unknown,8,Goa,1000.0,2,2,5800000
Multistorey Apartment,Furnished,1.0,Unknown,3,Goa,1000.0,2,2,4000000
Multistorey Apartment,Furnished,2.0,Unknown,8,Goa,1000.0,3,3,43000000
Multistorey Apartment,Furnished,5.0,Unknown,7,Goa,1000.0,5,4,30000000
Multistorey Apartment,Furnished,5.0,North - West,8,Goa,1048.0,2,3,4800000
Multistorey Apartment,Furnished,0.0,North - East,2,Goa,656.0,1,1,12000000
Multistorey Apartment,Semi-Furnished,3.0,North - East,4,Goa,106.0,2,2,8000000
Penthouse,Furnished,4.0,Unknown,5,Goa,1000.0,3,3,15000000
Builder Floor Apartment,Unfurnished,2.0,Unknown,4,Goa,1000.0,2,2,4200000
Multistorey Apartment,Furnished,3.0,Unknown,5,Goa,1000.0,3,2,17000000
Villa,Unfurnished,2.0,East,5,Goa,2910.0,5,2,32500000
Multistorey Apartment,Unfurnished,7.0,Unknown,7,Goa,70.0,2,2,8000000
Villa,Furnished,2.0,Unknown,2,Goa,1000.0,3,3,13500000
Penthouse,Furnished,2.0,East,3,Goa,1000.0,3,3,19800000
Multistorey Apartment,Semi-Furnished,5.0,North - West,7,Goa,588.0,1,1,6500000
Residential House,Furnished,2.0,Unknown,2,Goa,294.0,3,4,45000000
Multistorey Apartment,Semi-Furnished,1.0,North - East,4,Goa,1200.0,3,2,7200000
Residential House,Unfurnished,1.0,Unknown,1,Goa,1000.0,6,6,30000000
Residential House,Unfurnished,2.0,North,2,Raipur,970.0,3,2,4000000
Residential House,Furnished,1.0,Unknown,2,Raipur,1000.0,2,3,5000000
Residential House,Unfurnished,2.0,Unknown,1,Raipur,1600.0,3,3,6900000
Multistorey Apartment,Unfurnished,1.0,Unknown,4,Raipur,1000.0,2,1,850000
Multistorey Apartment,Furnished,1.0,Unknown,6,Raipur,1000.0,3,2,5500000
Villa,Unfurnished,2.0,Unknown,2,Raipur,1600.0,3,3,10000000
Residential House,Semi-Furnished,2.0,Unknown,2,Raipur,1000.0,4,3,5200000
Multistorey Apartment,Furnished,3.0,Unknown,6,Raipur,950.0,3,2,5500000
Multistorey Apartment,Unfurnished,0.0,West,2,Raipur,750.0,2,1,3200000
Residential House,Unfurnished,1.0,East,2,Raipur,1000.0,3,2,3500000
Residential House,Unfurnished,2.0,Unknown,1,Raipur,1000.0,2,2,3200000
Residential House,Unfurnished,0.0,Unknown,1,Raipur,1000.0,2,1,4600000
Multistorey Apartment,Furnished,6.0,East,11,Raipur,1000.0,3,3,3300000
Residential House,Unfurnished,1.0,North - East,1,Raipur,750.0,1,1,3100000
Residential House,Unfurnished,0.0,Unknown,1,Raipur,1000.0,2,2,6500000
Villa,Furnished,2.0,Unknown,2,Raipur,1700.0,3,4,10100000
Multistorey Apartment,Unfurnished,0.0,North,1,Raipur,600.0,2,3,2000000
Residential House,Unfurnished,0.0,Unknown,1,Raipur,1000.0,4,4,3500000
Multistorey Apartment,Unfurnished,5.0,Unknown,6,Raipur,1226.0,3,3,3800000
Residential House,Unfurnished,2.0,East,2,Raipur,1270.0,3,3,4500000
Multistorey Apartment,Unfurnished,1.0,Unknown,4,Raipur,1000.0,2,2,2500000
Multistorey Apartment,Unfurnished,7.0,North,10,Raipur,1000.0,2,2,2500000
Residential House,Unfurnished,0.0,East,2,Raipur,1000.0,2,3,2120000
Residential House,Furnished,2.0,East,3,Raipur,2000.0,3,4,6200000
Multistorey Apartment,Unfurnished,4.0,Unknown,6,Raipur,998.0,3,3,4950000
Residential House,Unfurnished,-1.0,North,1,Raipur,800.0,2,2,3200000
Multistorey Apartment,Unfurnished,5.0,North,6,Raipur,1000.0,1,1,3200000
Residential House,Semi-Furnished,2.0,West,2,Raipur,1300.0,3,2,3600000
Multistorey Apartment,Unfurnished,2.0,North - East,4,Raipur,1000.0,2,2,2500000
Multistorey Apartment,Unfurnished,2.0,Unknown,10,Raipur,1000.0,2,2,3450000
Residential House,Unfurnished,1.0,East,1,Raipur,900.0,2,3,3800000
Residential House,Unfurnished,-1.0,West,1,Raipur,800.0,2,2,4500000
Multistorey Apartment,Unfurnished,-1.0,North - East,10,Raipur,570.0,2,2,2580000
Multistorey Apartment,Semi-Furnished,1.0,Unknown,4,Raipur,830.0,2,2,2000000
Residential House,Unfurnished,0.0,Unknown,1,Raipur,2400.0,3,2,6240000
Residential House,Unfurnished,1.0,Unknown,1,Raipur,500.0,2,2,2299999
Multistorey Apartment,Furnished,4.0,North,4,Goa,160.0,3,3,15000000
Villa,Furnished,2.0,East,3,Goa,3900.0,3,3,39500000
Multistorey Apartment,Unfurnished,1.0,Unknown,2,Goa,1000.0,2,1,7500000
Residential House,Unfurnished,2.0,East,1,Goa,3450.0,1,2,12500000
Residential House,Furnished,1.0,North - East,2,Goa,1000.0,2,2,6500000
Multistorey Apartment,Unfurnished,5.0,Unknown,7,Goa,1000.0,2,2,9700000
Multistorey Apartment,Unfurnished,1.0,Unknown,1,Goa,1000.0,1,1,13000000
Residential House,Unfurnished,0.0,Unknown,1,Goa,1000.0,1,1,4100000
Multistorey Apartment,Furnished,2.0,Unknown,2,Goa,73.0,2,2,18000000
Multistorey Apartment,Unfurnished,0.0,East,4,Goa,1000.0,2,2,19910000
Multistorey Apartment,Furnished,3.0,East,10,Goa,393.0,1,1,6800000
Multistorey Apartment,Unfurnished,0.0,Unknown,3,Goa,110.0,3,2,7000000
Multistorey Apartment,Semi-Furnished,2.0,Unknown,7,Goa,950.0,2,2,8000000
Multistorey Apartment,Semi-Furnished,3.0,Unknown,4,Goa,1000.0,1,1,7100000
Villa,Semi-Furnished,2.0,Unknown,3,Goa,1000.0,5,5,30000000
Multistorey Apartment,Furnished,8.0,Unknown,8,Goa,1000.0,3,3,9700000
Multistorey Apartment,Semi-Furnished,5.0,East,8,Goa,1260.0,2,2,11400000
Multistorey Apartment,Semi-Furnished,1.0,Unknown,1,Goa,1000.0,2,3,5500000
Multistorey Apartment,Unfurnished,5.0,East,5,Goa,1000.0,2,2,4900000
Multistorey Apartment,Furnished,1.0,Unknown,5,Goa,1000.0,3,3,20000000
Villa,Furnished,2.0,Unknown,3,Goa,270.0,4,5,29000000
Multistorey Apartment,Furnished,4.0,East,5,Goa,1000.0,2,3,11000000
Residential House,Semi-Furnished,2.0,North,1,Goa,100.0,3,2,6500000
Residential House,Furnished,1.0,Unknown,1,Goa,1000.0,3,3,10000000
Residential House,Unfurnished,1.0,East,1,Goa,112.0,2,2,6999999
Residential House,Semi-Furnished,1.0,Unknown,2,Goa,1000.0,3,3,20500000
Multistorey Apartment,Unfurnished,5.0,East,7,Goa,1100.0,2,2,5190000
Multistorey Apartment,Furnished,7.0,Unknown,8,Goa,787.0,2,2,11000000
Multistorey Apartment,Semi-Furnished,1.0,Unknown,5,Goa,1000.0,1,1,5200000
Multistorey Apartment,Unfurnished,2.0,Unknown,3,Goa,93.0,2,2,5800000
Multistorey Apartment,Semi-Furnished,1.0,East,4,Raipur,960.0,2,2,5500000
Residential House,Furnished,2.0,Unknown,2,Raipur,1000.0,3,3,4000000
Multistorey Apartment,Semi-Furnished,3.0,East,6,Raipur,1200.0,3,3,3300000
Villa,Semi-Furnished,2.0,East,2,Raipur,1350.0,3,3,6800000
Residential House,Semi-Furnished,-1.0,Unknown,1,Raipur,1000.0,2,2,4500000
Residential House,Unfurnished,0.0,West,2,Raipur,800.0,3,2,4000000
Multistorey Apartment,Unfurnished,1.0,Unknown,5,Raipur,1000.0,2,2,2700000
Residential House,Semi-Furnished,2.0,Unknown,2,Raipur,1240.0,3,3,7000000
Multistorey Apartment,Semi-Furnished,4.0,East,6,Raipur,1355.0,3,3,6500000
Multistorey Apartment,Unfurnished,5.0,Unknown,6,Raipur,1000.0,1,1,1150000
Multistorey Apartment,Unfurnished,2.0,East,4,Raipur,1000.0,2,2,1960000
Villa,Unfurnished,2.0,West,2,Raipur,2499.0,4,4,9400000
Residential House,Furnished,2.0,Unknown,2,Raipur,800.0,3,3,5200000
Multistorey Apartment,Semi-Furnished,4.0,North,6,Raipur,388.0,1,1,1625000
Multistorey Apartment,Semi-Furnished,4.0,Unknown,6,Raipur,1000.0,3,3,5000000
Penthouse,Unfurnished,5.0,East,6,Raipur,1792.0,2,3,2300000
Multistorey Apartment,Unfurnished,5.0,Unknown,10,Raipur,1000.0,3,3,10000000
Multistorey Apartment,Furnished,3.0,Unknown,24,Raipur,1050.0,2,2,3500000
Residential House,Semi-Furnished,2.0,Unknown,2,Raipur,2000.0,3,2,5000000
Residential House,Furnished,2.0,North,2,Raipur,3800.0,3,5,45000000
Multistorey Apartment,Unfurnished,3.0,Unknown,11,Raipur,1000.0,3,3,5500000
Multistorey Apartment,Unfurnished,6.0,Unknown,10,Raipur,1000.0,3,2,3480000
Multistorey Apartment,Unfurnished,2.0,Unknown,7,Raipur,1000.0,3,2,3500000
Multistorey Apartment,Unfurnished,3.0,North,6,Raipur,500.0,2,1,1400000
Residential House,Unfurnished,2.0,Unknown,2,Raipur,1000.0,4,4,5700000
Multistorey Apartment,Semi-Furnished,3.0,South,10,Raipur,1360.0,3,3,9000000
Multistorey Apartment,Furnished,8.0,Unknown,8,Raipur,1000.0,4,5,8200000
Residential House,Unfurnished,1.0,West,3,Raipur,1000.0,3,3,8700000
Residential House,Furnished,2.0,East,2,Raipur,3000.0,4,4,7500000
Multistorey Apartment,Unfurnished,4.0,North,4,Raipur,1105.0,2,2,3550000
Multistorey Apartment,Semi-Furnished,4.0,Unknown,4,Goa,1000.0,2,2,6700000
Builder Floor Apartment,Semi-Furnished,1.0,Unknown,3,Goa,1000.0,2,2,7000000
Villa,Unfurnished,2.0,Unknown,2,Goa,1000.0,3,2,6000000
Multistorey Apartment,Unfurnished,2.0,North - East,3,Goa,1000.0,2,1,3300000
Residential House,Semi-Furnished,1.0,Unknown,2,Goa,1000.0,2,2,12000000
Multistorey Apartment,Semi-Furnished,3.0,Unknown,4,Goa,1000.0,1,2,4000000
Multistorey Apartment,Unfurnished,3.0,Unknown,3,Goa,117.0,3,3,35000000
Multistorey Apartment,Semi-Furnished,1.0,North,1,Goa,111.0,2,2,9000000
Villa,Unfurnished,2.0,South,3,Goa,1000.0,6,7,35000000
Villa,Unknown,2.0,Unknown,4,Goa,1000.0,3,2,27500000
Multistorey Apartment,Furnished,7.0,Unknown,7,Goa,110.0,2,2,7000000
Builder Floor Apartment,Unfurnished,3.0,Unknown,4,Goa,1000.0,2,2,7000000
Multistorey Apartment,Furnished,3.0,North - East,3,Goa,690.0,1,1,3700000
Multistorey Apartment,Unfurnished,3.0,Unknown,7,Goa,540.0,2,2,10500000
Villa,Semi-Furnished,2.0,North,2,Goa,5500.0,5,6,72500000
Multistorey Apartment,Unfurnished,2.0,East,8,Goa,1350.0,3,2,8400000
Multistorey Apartment,Unfurnished,2.0,Unknown,4,Goa,1148.0,2,2,6700000
Multistorey Apartment,Unfurnished,1.0,Unknown,5,Goa,73.0,2,2,6800000
Multistorey Apartment,Unfurnished,4.0,Unknown,5,Goa,1230.0,3,2,9500000
Villa,Furnished,2.0,East,2,Goa,500.0,4,5,70000000
Multistorey Apartment,Unfurnished,2.0,North - East,4,Goa,1000.0,2,2,6250000
Multistorey Apartment,Unfurnished,5.0,East,6,Goa,1140.0,2,2,5500000
Villa,Furnished,2.0,East,3,Goa,319.0,4,4,52500000
Multistorey Apartment,Unfurnished,3.0,North,4,Goa,1000.0,2,2,7500000
Villa,Unfurnished,2.0,East,2,Goa,1200.0,4,3,95000000
Multistorey Apartment,Semi-Furnished,1.0,Unknown,7,Raipur,1000.0,3,3,4100000
Residential House,Semi-Furnished,2.0,East,2,Raipur,970.0,3,3,6700000
Multistorey Apartment,Furnished,3.0,Unknown,6,Raipur,1000.0,2,2,3200000
Residential House,Unknown,2.0,Unknown,4,Raipur,1000.0,3,2,3200000
Multistorey Apartment,Unfurnished,6.0,North - West,6,Raipur,820.0,2,2,1700000
Multistorey Apartment,Unfurnished,6.0,Unknown,6,Raipur,772.0,2,2,3500000
Villa,Furnished,2.0,Unknown,2,Raipur,1000.0,3,3,7500000
Villa,Unfurnished,2.0,East,2,Raipur,1250.0,3,3,2600000
Multistorey Apartment,Unfurnished,3.0,Unknown,5,Raipur,850.0,2,2,2800000
Multistorey Apartment,Unfurnished,1.0,East,4,Raipur,1000.0,2,2,1500000
Residential House,Unfurnished,0.0,Unknown,1,Raipur,1000.0,1,1,1850000
Multistorey Apartment,Unfurnished,6.0,Unknown,6,Raipur,846.0,2,2,2200000
Multistorey Apartment,Unfurnished,6.0,Unknown,10,Raipur,630.0,2,2,2905000
Multistorey Apartment,Furnished,3.0,North,6,Raipur,1000.0,3,3,4960000
Residential House,Furnished,0.0,South,2,Raipur,1000.0,3,3,7500000
Multistorey Apartment,Furnished,3.0,West,4,Raipur,1280.0,3,2,5500000
Residential House,Semi-Furnished,0.0,West,2,Raipur,1350.0,3,3,3600000
Multistorey Apartment,Semi-Furnished,4.0,North,6,Raipur,1850.0,3,3,7000000
Multistorey Apartment,Furnished,3.0,Unknown,6,Raipur,1000.0,3,4,8500000
Multistorey Apartment,Unfurnished,1.0,Unknown,8,Raipur,1080.0,2,2,3348000
Multistorey Apartment,Unfurnished,8.0,Unknown,10,Raipur,865.0,3,2,3800000
Villa,Unfurnished,2.0,North - East,2,Goa,269.0,4,3,35000000
Villa,Unfurnished,2.0,North,1,Goa,150.0,3,3,17000000
Villa,Unfurnished,2.0,North,3,Goa,1000.0,3,5,18500000
Multistorey Apartment,Unfurnished,3.0,East,6,Goa,1000.0,5,5,55000000
Multistorey Apartment,Unfurnished,3.0,East,8,Goa,1000.0,2,2,7600000
Multistorey Apartment,Unfurnished,7.0,East,8,Goa,215.0,4,5,25000000
Multistorey Apartment,Furnished,3.0,Unknown,4,Goa,1000.0,2,2,7500000
Multistorey Apartment,Semi-Furnished,5.0,East,7,Goa,1912.0,4,4,34200000
Multistorey Apartment,Unfurnished,3.0,North - East,5,Goa,80.0,2,2,5924160
Villa,Semi-Furnished,2.0,Unknown,2,Goa,3000.0,4,5,55000000
Multistorey Apartment,Unfurnished,3.0,North - West,5,Goa,1000.0,3,3,10000000
Multistorey Apartment,Unfurnished,4.0,Unknown,7,Goa,103.0,2,2,9800000
Villa,Furnished,2.0,East,2,Goa,1000.0,4,5,80000000
Multistorey Apartment,Furnished,0.0,Unknown,5,Goa,804.0,1,1,9000000
Multistorey Apartment,Furnished,1.0,West,5,Goa,55.0,1,1,5200000
Villa,Unfurnished,2.0,Unknown,2,Goa,228.0,4,4,24000000
Villa,Unfurnished,2.0,North - East,1,Goa,1000.0,3,3,17500000
Villa,Furnished,2.0,North - East,1,Goa,1000.0,3,3,43000000
Multistorey Apartment,Unfurnished,7.0,North - East,8,Goa,1000.0,3,3,15500000
Villa,Semi-Furnished,2.0,East,2,Goa,1000.0,4,4,79000000
Multistorey Apartment,Furnished,5.0,North,8,Goa,150.0,3,2,20000000
Multistorey Apartment,Unfurnished,2.0,Unknown,4,Goa,1000.0,3,2,15100000
Multistorey Apartment,Semi-Furnished,2.0,Unknown,7,Goa,1000.0,3,3,15000000
Multistorey Apartment,Semi-Furnished,2.0,North - East,4,Goa,2159.0,3,3,26000000
Villa,Unfurnished,2.0,Unknown,2,Goa,1000.0,6,6,23000000
Residential House,Unfurnished,0.0,North,2,Raipur,1000.0,4,2,3700000
Multistorey Apartment,Unfurnished,4.0,Unknown,6,Raipur,900.0,2,2,2100000
Multistorey Apartment,Unfurnished,6.0,East,6,Raipur,753.0,2,2,3800000
Residential House,Unfurnished,2.0,East,1,Raipur,1325.0,3,3,5200000
Multistorey Apartment,Unfurnished,2.0,East,10,Raipur,960.0,3,3,4341600
Penthouse,Unfurnished,5.0,East,6,Raipur,1572.0,2,3,2700000
Villa,Furnished,2.0,Unknown,3,Raipur,1000.0,5,8,50000000
Residential House,Unfurnished,1.0,East,2,Raipur,1000.0,4,4,4000000
Residential House,Unfurnished,0.0,East,2,Raipur,800.0,3,3,3750000
Multistorey Apartment,Unfurnished,3.0,West,4,Raipur,1000.0,2,2,1950000
Multistorey Apartment,Semi-Furnished,4.0,Unknown,4,Raipur,1000.0,2,2,2100000
Residential House,Semi-Furnished,0.0,East,2,Raipur,1000.0,5,3,4700000
Residential House,Semi-Furnished,0.0,East,2,Raipur,1000.0,4,4,12000000
Multistorey Apartment,Unfurnished,2.0,Unknown,13,Raipur,1000.0,2,2,2690000
Villa,Semi-Furnished,2.0,Unknown,2,Raipur,1000.0,2,2,1500000
Villa,Unfurnished,2.0,East,2,Raipur,1500.0,3,3,5490000
Villa,Unfurnished,2.0,East,2,Raipur,3000.0,5,4,21000000
Residential House,Semi-Furnished,0.0,East,1,Raipur,1000.0,2,2,6500000
Multistorey Apartment,Unfurnished,4.0,East,10,Raipur,716.0,2,2,4199000
Multistorey Apartment,Unfurnished,3.0,East,6,Raipur,1300.0,3,3,4800000
Multistorey Apartment,Furnished,2.0,East,8,Raipur,2100.0,3,3,15000000
Residential House,Semi-Furnished,1.0,East,1,Raipur,900.0,2,2,2670000
Multistorey Apartment,Unfurnished,2.0,East,10,Raipur,2800.0,4,4,14000000
Residential House,Unfurnished,2.0,East,2,Raipur,2500.0,4,4,9000000
Villa,Unfurnished,2.0,Unknown,4,Goa,1000.0,4,5,24000000
Multistorey Apartment,Unfurnished,2.0,Unknown,4,Goa,1000.0,2,2,6285672
Studio Apartment,Unfurnished,2.0,Unknown,5,Goa,1000.0,3,1,6600000
Multistorey Apartment,Furnished,0.0,Unknown,2,Goa,1000.0,3,3,35000000
Villa,Furnished,2.0,South - East,2,Goa,2605.0,3,4,110000000
Multistorey Apartment,Unfurnished,2.0,Unknown,7,Goa,1000.0,2,2,9900000
Villa,Unfurnished,2.0,Unknown,4,Goa,3706.0,4,4,52200000
Residential House,Unfurnished,0.0,East,1,Goa,900.0,2,2,7500000
Villa,Semi-Furnished,2.0,Unknown,1,Goa,1100.0,4,2,45000000
Multistorey Apartment,Unfurnished,1.0,North - East,2,Goa,40.0,1,1,5200000
Multistorey Apartment,Semi-Furnished,2.0,East,4,Goa,94.0,2,3,12500000
Multistorey Apartment,Unfurnished,1.0,Unknown,3,Goa,95.0,2,2,6400000
Villa,Furnished,2.0,North,2,Goa,218.0,3,3,100000000
Villa,Unfurnished,2.0,Unknown,2,Goa,1000.0,3,2,14000000
Villa,Semi-Furnished,2.0,East,2,Goa,1000.0,3,3,60000000
Villa,Unfurnished,2.0,Unknown,2,Goa,1540.0,4,4,16500000
Multistorey Apartment,Furnished,1.0,Unknown,3,Goa,345.0,1,1,11508000
Villa,Unfurnished,2.0,Unknown,4,Goa,1000.0,4,4,56000000
Villa,Furnished,2.0,Unknown,3,Goa,1000.0,2,2,5900000
Multistorey Apartment,Furnished,2.0,Unknown,2,Goa,40.0,1,1,4600000
Villa,Semi-Furnished,2.0,North,1,Goa,1524.0,3,3,15000000
Multistorey Apartment,Furnished,3.0,South,5,Goa,175.0,4,4,20000000
Multistorey Apartment,Unfurnished,3.0,North - East,7,Goa,119.0,2,2,12500000
Villa,Furnished,2.0,Unknown,1,Goa,350.0,4,5,45000000
Villa,Furnished,2.0,Unknown,3,Raipur,4500.0,5,5,25000000
Villa,Unfurnished,2.0,East,2,Raipur,2131.0,4,4,27500000
Residential House,Unfurnished,1.0,East,2,Raipur,1700.0,3,3,4800000
Multistorey Apartment,Unfurnished,4.0,East,4,Raipur,1450.0,2,2,5500000
Residential House,Unfurnished,2.0,East,2,Raipur,1400.0,3,4,4800000
Villa,Unfurnished,2.0,West,2,Raipur,1550.0,4,4,7000000
Multistorey Apartment,Unfurnished,1.0,West,8,Raipur,614.0,2,2,3377500
Villa,Unfurnished,2.0,East,2,Raipur,1200.0,4,4,4450000
Villa,Unfurnished,2.0,East,2,Raipur,3500.0,4,6,25000000
Multistorey Apartment,Unfurnished,2.0,East,10,Raipur,1000.0,3,3,8322000
Residential House,Semi-Furnished,1.0,North,2,Raipur,1235.0,3,4,4290000
Multistorey Apartment,Unfurnished,1.0,East,8,Raipur,1015.0,2,2,3100000
Multistorey Apartment,Unfurnished,6.0,North,8,Raipur,801.0,2,2,2763750
Multistorey Apartment,Furnished,2.0,East,12,Raipur,1600.0,3,3,12000000
Multistorey Apartment,Semi-Furnished,1.0,Unknown,4,Raipur,940.0,2,2,3800000
Multistorey Apartment,Furnished,2.0,East,10,Raipur,550.0,2,2,2627000
Villa,Semi-Furnished,2.0,South - East,2,Raipur,1350.0,3,3,4600000
Residential House,Unfurnished,0.0,East,2,Raipur,1250.0,3,2,4500000
Residential House,Unfurnished,1.0,Unknown,1,Raipur,2000.0,2,2,1000000
Villa,Unfurnished,2.0,Unknown,2,Goa,162.0,3,4,26000000
Multistorey Apartment,Unfurnished,1.0,Unknown,1,Goa,1000.0,2,2,7000000
Residential House,Unfurnished,1.0,Unknown,1,Goa,1000.0,4,4,18500000
Multistorey Apartment,Unfurnished,5.0,East,8,Goa,1000.0,3,3,32500000
Multistorey Apartment,Furnished,2.0,Unknown,5,Goa,1000.0,3,3,15000000
Multistorey Apartment,Unfurnished,6.0,North - East,8,Goa,128.0,3,3,15000000
Villa,Furnished,2.0,Unknown,3,Goa,3000.0,3,3,45000000
Multistorey Apartment,Unfurnished,3.0,Unknown,3,Goa,1000.0,1,1,5100000
Multistorey Apartment,Unfurnished,0.0,North - East,2,Goa,1000.0,1,1,4000000
Multistorey Apartment,Furnished,1.0,Unknown,3,Goa,1000.0,2,2,5500000
Multistorey Apartment,Unfurnished,1.0,East,5,Goa,610.0,2,2,6800000
Multistorey Apartment,Semi-Furnished,2.0,Unknown,2,Goa,91.0,2,2,6500000
Multistorey Apartment,Furnished,3.0,Unknown,3,Goa,1000.0,2,3,17500000
Multistorey Apartment,Furnished,2.0,Unknown,4,Goa,1000.0,2,2,6603382
Villa,Unfurnished,2.0,West,2,Goa,1000.0,3,3,20550000
Multistorey Apartment,Unfurnished,1.0,North,4,Goa,60.0,1,1,4600000
Multistorey Apartment,Semi-Furnished,3.0,North - East,6,Raipur,850.0,2,2,3200000
Residential House,Semi-Furnished,0.0,Unknown,1,Raipur,1000.0,2,2,6500000
Residential House,Unfurnished,2.0,East,1,Raipur,1235.0,2,2,3920000
Residential House,Unfurnished,0.0,East,1,Raipur,500.0,1,1,1800000
Multistorey Apartment,Unfurnished,10.0,Unknown,10,Raipur,1246.0,3,3,7087500
Multistorey Apartment,Unfurnished,2.0,Unknown,4,Raipur,1000.0,2,2,3073000
Multistorey Apartment,Unfurnished,3.0,Unknown,8,Raipur,1000.0,3,3,3619000
Villa,Unfurnished,2.0,East,4,Goa,375.0,5,6,45000000
Residential House,Semi-Furnished,0.0,East,2,Raipur,1300.0,3,3,4200000
Multistorey Apartment,Semi-Furnished,1.0,East,4,Jaipur,1000.0,3,2,3495000
Villa,Semi-Furnished,2.0,West,2,Jaipur,1950.0,4,4,9500000
Multistorey Apartment,Unfurnished,5.0,North,13,Jaipur,1000.0,3,3,5249000
Multistorey Apartment,Unfurnished,5.0,East,12,Jaipur,736.0,2,2,5951750
Multistorey Apartment,Unfurnished,2.0,East,15,Jaipur,1106.0,3,3,8000000
Multistorey Apartment,Semi-Furnished,2.0,North - East,6,Jaipur,1000.0,3,2,4932000
Multistorey Apartment,Unfurnished,5.0,East,14,Jaipur,1550.0,3,4,8600000
Multistorey Apartment,Unfurnished,6.0,East,4,Jaipur,1000.0,2,2,3730600
Multistorey Apartment,Semi-Furnished,4.0,East,12,Jaipur,1000.0,2,2,4155400
Multistorey Apartment,Semi-Furnished,3.0,North - West,6,Jaipur,1000.0,3,3,14950000
Villa,Semi-Furnished,2.0,East,2,Jaipur,2700.0,4,4,12500000
Residential House,Unfurnished,1.0,South,1,Jaipur,855.0,2,2,6500000
Multistorey Apartment,Unfurnished,4.0,East,14,Jaipur,1000.0,3,3,6650000
Multistorey Apartment,Semi-Furnished,2.0,North - East,6,Chandigarh,1000.0,3,4,7236024
Multistorey Apartment,Unfurnished,5.0,East,12,Jaipur,1000.0,3,3,5526000
Multistorey Apartment,Semi-Furnished,2.0,Unknown,12,Jaipur,1000.0,1,1,1950000
Multistorey Apartment,Unfurnished,2.0,East,12,Jaipur,1000.0,3,3,3450000
Multistorey Apartment,Semi-Furnished,8.0,North,11,Chandigarh,1000.0,3,3,6890000
Multistorey Apartment,Unfurnished,7.0,East,7,Chandigarh,1390.0,3,4,10760124
Multistorey Apartment,Semi-Furnished,8.0,North,13,Chandigarh,1000.0,4,5,15725000
Multistorey Apartment,Semi-Furnished,4.0,East,12,Chandigarh,1000.0,3,3,15500000
Multistorey Apartment,Semi-Furnished,5.0,East,14,Chandigarh,1320.0,3,4,13715800
Multistorey Apartment,Unfurnished,7.0,North - East,13,Chandigarh,1000.0,4,4,13991000
Builder Floor Apartment,Semi-Furnished,3.0,East,4,Chandigarh,1100.0,3,3,6750000
Multistorey Apartment,Semi-Furnished,4.0,East,5,Chandigarh,1000.0,2,2,2700000
Multistorey Apartment,Semi-Furnished,4.0,North - East,19,Chandigarh,1000.0,3,4,17225000
Multistorey Apartment,Semi-Furnished,2.0,North - East,3,Chandigarh,1000.0,3,3,6000000
Penthouse,Semi-Furnished,6.0,North - East,6,Chandigarh,1000.0,3,3,10760124
Multistorey Apartment,Semi-Furnished,7.0,North,15,Chandigarh,1000.0,3,3,8400000
Villa,Semi-Furnished,2.0,North - East,2,Chandigarh,700.0,5,5,8700000
Multistorey Apartment,Semi-Furnished,2.0,East,4,Chandigarh,1440.0,3,3,6450000
Multistorey Apartment,Semi-Furnished,6.0,East,13,Chandigarh,1247.0,3,3,9800000
Multistorey Apartment,Semi-Furnished,5.0,North,13,Chandigarh,1247.0,3,3,10970000
Multistorey Apartment,Semi-Furnished,3.0,North - East,10,Chandigarh,963.0,3,3,6690000
Builder Floor Apartment,Semi-Furnished,1.0,East,4,Chandigarh,1400.0,3,3,7900000
Multistorey Apartment,Semi-Furnished,1.0,North - East,13,Chandigarh,1150.0,3,3,6700000
Multistorey Apartment,Semi-Furnished,5.0,North,4,Chandigarh,850.0,3,2,3990000
Multistorey Apartment,Unfurnished,2.0,East,4,Chandigarh,1850.0,3,3,9500000
Multistorey Apartment,Semi-Furnished,2.0,East,4,Chandigarh,904.0,3,3,7100000
Multistorey Apartment,Semi-Furnished,5.0,South - East,13,Chandigarh,1350.0,4,4,11500000
Multistorey Apartment,Semi-Furnished,5.0,North - East,13,Chandigarh,1500.0,3,3,10800000
Builder Floor Apartment,Semi-Furnished,2.0,North - East,3,Chandigarh,1040.0,3,3,6790000
Multistorey Apartment,Semi-Furnished,5.0,North - East,10,Chandigarh,1000.0,4,4,9808300
Residential House,Furnished,2.0,North,3,Chandigarh,4500.0,3,2,65000000
Residential House,Unfurnished,0.0,North - East,1,Chandigarh,500.0,5,5,115000000
Residential House,Unfurnished,1.0,East,2,Chandigarh,1000.0,5,5,180000000
Multistorey Apartment,Semi-Furnished,8.0,North - East,13,Chandigarh,1500.0,3,3,7350000
Villa,Semi-Furnished,2.0,North,3,Chandigarh,3500.0,6,6,50000000
Villa,Semi-Furnished,2.0,North - East,2,Chandigarh,1000.0,6,5,850000000
Residential House,Semi-Furnished,0.0,North - East,3,Chandigarh,9000.0,3,2,155000000
Multistorey Apartment,Unfurnished,1.0,North - East,3,Chandigarh,1000.0,2,1,6500000
Multistorey Apartment,Semi-Furnished,2.0,North - East,13,Chandigarh,2233.0,5,6,25972670
Villa,Unfurnished,2.0,Unknown,1,Chandigarh,1000.0,1,1,48500000
Multistorey Apartment,Semi-Furnished,2.0,East,2,Chandigarh,1200.0,3,2,13000000
Multistorey Apartment,Semi-Furnished,5.0,North - East,14,Chandigarh,1200.0,3,3,12590000
Villa,Unfurnished,2.0,South -West,2,Chandigarh,1000.0,4,5,250000000
Multistorey Apartment,Semi-Furnished,3.0,North - East,16,Chandigarh,1413.0,3,3,7991000
Residential House,Semi-Furnished,2.0,North - East,3,Chandigarh,1400.0,3,2,20000000
Multistorey Apartment,Semi-Furnished,1.0,North,3,Chandigarh,1000.0,1,1,1990000
Multistorey Apartment,Furnished,2.0,Unknown,6,Chandigarh,1000.0,3,3,8431024
Multistorey Apartment,Unfurnished,1.0,North - East,3,Chandigarh,1720.0,3,3,5800000
Multistorey Apartment,Semi-Furnished,3.0,East,4,Chandigarh,1500.0,3,3,6000000
Multistorey Apartment,Unfurnished,1.0,North - East,3,Chandigarh,1450.0,3,2,19000000
Multistorey Apartment,Semi-Furnished,14.0,North - East,16,Chandigarh,1488.0,3,3,11000000
Multistorey Apartment,Unfurnished,4.0,West,8,Chandigarh,855.0,3,2,7000000
Multistorey Apartment,Unfurnished,1.0,North - East,4,Chandigarh,1050.0,3,3,5690000
Multistorey Apartment,Semi-Furnished,2.0,Unknown,4,Chandigarh,1000.0,3,3,9950000
Multistorey Apartment,Semi-Furnished,7.0,Unknown,14,Chandigarh,1000.0,2,2,6200000
Multistorey Apartment,Furnished,10.0,North,14,Chandigarh,700.0,2,2,3000000
Multistorey Apartment,Semi-Furnished,3.0,North - East,13,Chandigarh,1155.0,3,2,9466450
Multistorey Apartment,Semi-Furnished,1.0,East,7,Chandigarh,840.0,2,2,5010781
Multistorey Apartment,Semi-Furnished,2.0,East,4,Chandigarh,1000.0,3,3,7990000
Builder Floor Apartment,Semi-Furnished,1.0,East,4,Chandigarh,1050.0,3,3,6400000
Multistorey Apartment,Semi-Furnished,3.0,East,11,Chandigarh,1000.0,4,3,7800000
Multistorey Apartment,Semi-Furnished,7.0,North,15,Chandigarh,1000.0,3,3,8000000
Multistorey Apartment,Semi-Furnished,2.0,North - East,12,Chandigarh,1030.0,3,3,9600000
Multistorey Apartment,Semi-Furnished,5.0,North - East,16,Chandigarh,1000.0,3,4,12000000
Multistorey Apartment,Semi-Furnished,5.0,East,12,Chandigarh,1100.0,3,3,9790000
Multistorey Apartment,Semi-Furnished,8.0,North - East,10,Chandigarh,1089.0,3,3,6990000
Multistorey Apartment,Semi-Furnished,2.0,North - East,13,Chandigarh,1676.0,3,3,8690000
Builder Floor Apartment,Semi-Furnished,1.0,East,4,Chandigarh,1450.0,3,3,6650000
Multistorey Apartment,Semi-Furnished,2.0,East,4,Chandigarh,1100.0,3,3,8600000
Multistorey Apartment,Semi-Furnished,2.0,East,4,Chandigarh,904.0,3,3,7150000
Multistorey Apartment,Unfurnished,3.0,East,5,Chandigarh,1150.0,3,3,5690000
Multistorey Apartment,Semi-Furnished,5.0,North,13,Chandigarh,1247.0,3,3,10972000
Multistorey Apartment,Semi-Furnished,3.0,North - East,13,Chandigarh,1741.0,4,4,21935040
Builder Floor Apartment,Semi-Furnished,1.0,East,3,Chandigarh,185.0,3,3,6600000
Multistorey Apartment,Semi-Furnished,6.0,North - East,10,Chandigarh,950.0,2,2,3700000
Multistorey Apartment,Semi-Furnished,4.0,North - East,10,Chandigarh,1000.0,3,3,7677500
Residential House,Semi-Furnished,2.0,North,3,Chandigarh,4500.0,3,2,75000000
Builder Floor Apartment,Semi-Furnished,2.0,North - East,3,Chandigarh,1100.0,2,2,2990000
Residential House,Unfurnished,1.0,North - West,3,Chandigarh,7.0,6,5,27500000
Residential House,Semi-Furnished,0.0,North - East,2,Chandigarh,1250.0,6,6,42500000
Multistorey Apartment,Semi-Furnished,8.0,North - East,13,Chandigarh,1200.0,3,2,5150000
Villa,Semi-Furnished,2.0,North,2,Chandigarh,5.0,4,3,22500000
Residential House,Unfurnished,0.0,North - West,3,Chandigarh,1000.0,7,6,55000000
Villa,Semi-Furnished,2.0,North - East,2,Chandigarh,8.0,6,5,780000000
Multistorey Apartment,Semi-Furnished,5.0,East,5,Chandigarh,1100.0,2,2,9500000
Villa,Unfurnished,2.0,North - West,1,Chandigarh,500.0,1,1,220000000
Multistorey Apartment,Semi-Furnished,2.0,North - East,4,Chandigarh,1250.0,3,3,7500000
Residential House,Unfurnished,0.0,South -West,1,Chandigarh,500.0,5,5,105000000
Multistorey Apartment,Semi-Furnished,3.0,North - East,13,Chandigarh,1750.0,4,3,9900000
Residential House,Semi-Furnished,2.0,North - East,3,Chandigarh,1200.0,5,3,10500000
Multistorey Apartment,Unfurnished,3.0,North,5,Bhopal,1000.0,3,2,2850000
Multistorey Apartment,Semi-Furnished,2.0,North,3,Chandigarh,1000.0,1,1,1890000
Multistorey Apartment,Semi-Furnished,2.0,Unknown,4,Chandigarh,1000.0,2,2,6900000
Multistorey Apartment,Furnished,2.0,Unknown,6,Chandigarh,1000.0,3,3,8253024
Multistorey Apartment,Unfurnished,4.0,East,13,Chandigarh,1900.0,3,3,7800000
Multistorey Apartment,Semi-Furnished,2.0,North - East,14,Chandigarh,1000.0,2,2,6200000
Multistorey Apartment,Semi-Furnished,1.0,East,8,Chandigarh,1500.0,3,3,8500000
Builder Floor Apartment,Semi-Furnished,1.0,North - East,3,Chandigarh,1650.0,3,3,6800000
Multistorey Apartment,Semi-Furnished,7.0,North - East,14,Chandigarh,1195.0,3,3,10100000
Multistorey Apartment,Semi-Furnished,5.0,East,7,Chandigarh,500.0,1,1,2600000
Multistorey Apartment,Semi-Furnished,3.0,North - East,15,Chandigarh,1375.0,3,3,9250000
Multistorey Apartment,Furnished,2.0,North - East,7,Chandigarh,1448.0,3,3,6600000
Multistorey Apartment,Semi-Furnished,4.0,North - East,6,Chandigarh,840.0,2,2,5012000
Multistorey Apartment,Unfurnished,3.0,North - East,3,Chandigarh,1080.0,3,3,5650000
Multistorey Apartment,Unfurnished,0.0,North - East,3,Chandigarh,1550.0,4,3,22500000
Multistorey Apartment,Semi-Furnished,2.0,East,4,Chandigarh,1100.0,3,3,7975000
Builder Floor Apartment,Unfurnished,3.0,East,4,Chandigarh,900.0,3,3,7500000
Multistorey Apartment,Furnished,4.0,North,4,Chandigarh,1440.0,4,4,7510000
Builder Floor Apartment,Semi-Furnished,2.0,East,4,Chandigarh,1000.0,3,3,6090000
Multistorey Apartment,Semi-Furnished,2.0,East,4,Chandigarh,1000.0,3,3,6600000
Multistorey Apartment,Semi-Furnished,2.0,East,13,Chandigarh,1610.0,3,3,13350000
Multistorey Apartment,Semi-Furnished,3.0,North - East,13,Chandigarh,1760.0,3,2,12900000
Multistorey Apartment,Semi-Furnished,5.0,North - West,12,Chandigarh,1000.0,3,2,6200000
Multistorey Apartment,Semi-Furnished,5.0,North - East,10,Chandigarh,1550.0,3,3,7090000
Builder Floor Apartment,Semi-Furnished,1.0,East,4,Chandigarh,1450.0,3,3,6690000
Multistorey Apartment,Unfurnished,8.0,East,12,Chandigarh,1850.0,4,4,12000000
Multistorey Apartment,Semi-Furnished,2.0,East,4,Chandigarh,1000.0,3,3,6300000
Multistorey Apartment,Semi-Furnished,3.0,East,10,Chandigarh,1000.0,4,3,7800000
Multistorey Apartment,Semi-Furnished,10.0,North - East,10,Chandigarh,1350.0,3,3,5000000
Multistorey Apartment,Furnished,4.0,East,18,Chandigarh,3319.0,4,4,27063000
Multistorey Apartment,Semi-Furnished,7.0,North,22,Chandigarh,1681.0,3,3,18000000
Residential House,Semi-Furnished,0.0,North,2,Chandigarh,144.0,4,4,13500000
Multistorey Apartment,Semi-Furnished,4.0,North - East,4,Chandigarh,1400.0,3,3,6800000
Residential House,Semi-Furnished,2.0,North,2,Chandigarh,3000.0,4,4,47500000
Multistorey Apartment,Semi-Furnished,1.0,North - East,4,Chandigarh,1250.0,3,3,7200000
Multistorey Apartment,Unfurnished,2.0,North - East,11,Chandigarh,1000.0,3,3,6990000
Residential House,Unfurnished,0.0,South - East,2,Chandigarh,500.0,5,5,105000000
Residential House,Semi-Furnished,0.0,North - East,2,Chandigarh,1600.0,6,6,39000000
Residential House,Unfurnished,1.0,East,3,Chandigarh,8.0,6,5,32000000
Villa,Semi-Furnished,2.0,North,3,Chandigarh,8.0,5,4,35000000
Multistorey Apartment,Semi-Furnished,4.0,North - East,13,Chandigarh,1400.0,3,3,6300000
Multistorey Apartment,Semi-Furnished,1.0,East,4,Bhopal,1000.0,1,1,700000
Villa,Semi-Furnished,2.0,East,2,Chandigarh,4.0,6,5,450000000
Residential House,Unfurnished,1.0,Unknown,1,Bhopal,450.0,1,1,1200000
Multistorey Apartment,Semi-Furnished,3.0,Unknown,3,Bhopal,1000.0,1,1,1400000
Residential House,Unfurnished,0.0,North - West,3,Chandigarh,1000.0,4,3,31000000
Multistorey Apartment,Unfurnished,2.0,Unknown,3,Bhopal,1000.0,2,2,1700000
Multistorey Apartment,Semi-Furnished,2.0,Unknown,5,Bhopal,1000.0,3,3,3200000
Residential House,Furnished,2.0,Unknown,3,Bhopal,1000.0,3,3,2500000
Residential House,Semi-Furnished,2.0,Unknown,2,Bhopal,1000.0,5,3,4500000
Residential House,Unfurnished,0.0,Unknown,1,Bhopal,1000.0,3,1,3500000
Villa,Furnished,2.0,Unknown,2,Bhopal,1000.0,3,3,4400000
Builder Floor Apartment,Unfurnished,1.0,Unknown,3,Bhopal,1000.0,3,2,6000000
Villa,Unfurnished,2.0,Unknown,1,Bhopal,1800.0,4,3,16500000
Multistorey Apartment,Semi-Furnished,2.0,Unknown,6,Bhopal,1000.0,3,2,2800000
Multistorey Apartment,Unfurnished,5.0,North - East,6,Bhopal,1000.0,3,2,3500000
Multistorey Apartment,Unfurnished,3.0,East,3,Bhopal,1050.0,3,3,3700000
Builder Floor Apartment,Unfurnished,2.0,Unknown,4,Bhopal,1000.0,2,1,1000000
Multistorey Apartment,Unfurnished,4.0,Unknown,10,Bhopal,1000.0,2,2,3700000
Residential House,Unfurnished,2.0,Unknown,1,Bhopal,360.0,2,1,1500000
Multistorey Apartment,Unfurnished,5.0,East,6,Bhopal,1000.0,3,3,3500000
Multistorey Apartment,Semi-Furnished,2.0,North - East,2,Bhopal,393.0,1,1,1200000
Residential House,Semi-Furnished,2.0,Unknown,2,Bhopal,1000.0,3,2,4200000
Multistorey Apartment,Unfurnished,1.0,East,6,Bhopal,1000.0,3,2,3000000
Villa,Unfurnished,2.0,West,2,Bhopal,800.0,3,3,4600000
Multistorey Apartment,Unfurnished,3.0,Unknown,5,Bhopal,900.0,3,2,3800000
Multistorey Apartment,Unfurnished,3.0,Unknown,6,Bhopal,1000.0,2,2,1700000
Villa,Unfurnished,2.0,Unknown,2,Bhopal,1200.0,4,3,10000000
Residential House,Semi-Furnished,2.0,East,3,Bhopal,3000.0,5,5,7000000
Multistorey Apartment,Semi-Furnished,0.0,East,2,Bhopal,750.0,2,2,1900000
Residential House,Semi-Furnished,0.0,North,3,Bhopal,1000.0,4,4,16000000
Residential House,Furnished,0.0,North - East,1,Bhopal,1070.0,3,2,6850000
Builder Floor Apartment,Unfurnished,2.0,Unknown,4,Bhopal,1000.0,3,2,5000000
Multistorey Apartment,Semi-Furnished,2.0,Unknown,7,Bhopal,1000.0,3,2,3500000
Multistorey Apartment,Semi-Furnished,1.0,Unknown,4,Bhopal,1000.0,3,2,4000000
Residential House,Furnished,1.0,East,1,Bhopal,1000.0,3,1,4000000
Villa,Unfurnished,2.0,West,1,Bhopal,800.0,3,3,4000000
Multistorey Apartment,Unfurnished,4.0,Unknown,6,Bhopal,1000.0,2,2,2060000
Multistorey Apartment,Unfurnished,1.0,Unknown,6,Bhopal,1000.0,3,3,4000000
Multistorey Apartment,Semi-Furnished,1.0,East,2,Chandigarh,1050.0,2,2,12000000
Villa,Unfurnished,2.0,North,3,Chandigarh,4500.0,7,4,61000000
Multistorey Apartment,Unfurnished,0.0,Unknown,3,Chandigarh,1500.0,4,3,22500000
Multistorey Apartment,Semi-Furnished,5.0,North - East,14,Chandigarh,1110.0,3,3,13200000
Residential House,Semi-Furnished,0.0,East,2,Chandigarh,1000.0,3,3,4590000
Multistorey Apartment,Unfurnished,7.0,North - East,15,Chandigarh,1880.0,3,3,9500000
Multistorey Apartment,Semi-Furnished,4.0,North - East,4,Chandigarh,1390.0,3,3,7650000
Multistorey Apartment,Furnished,2.0,Unknown,6,Chandigarh,1000.0,3,3,8614825
Multistorey Apartment,Furnished,1.0,East,12,Chandigarh,1095.0,3,3,13000000
Multistorey Apartment,Unfurnished,6.0,East,11,Chandigarh,1000.0,3,3,7500000
Villa,Unfurnished,2.0,North - West,2,Chandigarh,1000.0,4,5,120000000
Multistorey Apartment,Unfurnished,3.0,North,4,Chandigarh,1027.0,2,2,9000000
Multistorey Apartment,Semi-Furnished,2.0,Unknown,4,Chandigarh,1000.0,1,1,3890000
Multistorey Apartment,Unfurnished,7.0,East,13,Chandigarh,2975.0,5,5,17000000
Multistorey Apartment,Semi-Furnished,1.0,East,7,Chandigarh,1900.0,3,3,9900000
Multistorey Apartment,Unfurnished,2.0,North - West,3,Chandigarh,1600.0,4,3,15000000
Builder Floor Apartment,Unfurnished,4.0,South - East,4,Chandigarh,1250.0,3,3,10100000
Multistorey Apartment,Unfurnished,2.0,North - East,3,Chandigarh,1000.0,3,3,5650000
Multistorey Apartment,Semi-Furnished,5.0,North - East,11,Chandigarh,1500.0,3,3,7700000
Multistorey Apartment,Semi-Furnished,7.0,North - East,15,Chandigarh,1395.0,3,3,8700000
Multistorey Apartment,Semi-Furnished,3.0,North - East,10,Chandigarh,1000.0,4,3,7690000
Multistorey Apartment,Unfurnished,3.0,East,4,Chandigarh,1100.0,3,3,7990000
Multistorey Apartment,Semi-Furnished,5.0,North - East,12,Chandigarh,1000.0,3,3,9425000
Multistorey Apartment,Semi-Furnished,8.0,North - East,11,Chandigarh,1000.0,3,3,6590000
Multistorey Apartment,Semi-Furnished,5.0,North - East,12,Chandigarh,1350.0,3,2,11000000
Residential House,Furnished,0.0,Unknown,1,Bhopal,1000.0,3,3,11000000
Multistorey Apartment,Semi-Furnished,3.0,North - East,6,Chandigarh,840.0,2,2,5008000
Residential House,Unfurnished,0.0,East,2,Bhopal,1000.0,4,4,7000000
Multistorey Apartment,Semi-Furnished,8.0,North,15,Chandigarh,1100.0,3,2,7000000
Multistorey Apartment,Semi-Furnished,4.0,East,10,Chandigarh,1200.0,3,3,6600000
Residential House,Unfurnished,1.0,North,1,Bhopal,1400.0,3,2,8500000
Residential House,Unfurnished,2.0,East,1,Bhopal,419.0,2,2,2350000
Villa,Unfurnished,2.0,East,2,Bhopal,2100.0,4,3,7000000
Residential House,Semi-Furnished,2.0,Unknown,1,Bhopal,1000.0,3,2,8000000
Residential House,Unfurnished,2.0,Unknown,1,Bhopal,1000.0,2,2,2000000
Builder Floor Apartment,Unfurnished,2.0,Unknown,3,Bhopal,1000.0,1,1,800000
Residential House,Unfurnished,1.0,West,2,Bhopal,1000.0,5,3,16000000
Residential House,Semi-Furnished,0.0,Unknown,2,Bhopal,1000.0,4,4,4800000
Builder Floor Apartment,Unfurnished,2.0,Unknown,3,Bhopal,1000.0,2,2,1700000
Residential House,Furnished,0.0,Unknown,3,Bhopal,1000.0,5,5,14000000
Villa,Semi-Furnished,2.0,Unknown,2,Bhopal,1000.0,3,4,18000000
Multistorey Apartment,Semi-Furnished,3.0,Unknown,3,Bhopal,650.0,3,2,2100000
Residential House,Furnished,1.0,Unknown,1,Bhopal,950.0,2,2,4000000
Builder Floor Apartment,Unfurnished,2.0,Unknown,3,Bhopal,1000.0,1,1,1250000
Multistorey Apartment,Unfurnished,1.0,Unknown,1,Bhopal,20.0,2,2,540000
Residential House,Semi-Furnished,2.0,West,2,Bhopal,1600.0,3,2,6000000
Residential House,Unfurnished,0.0,Unknown,3,Bhopal,1000.0,3,3,14000000
Multistorey Apartment,Unfurnished,0.0,Unknown,2,Bhopal,1000.0,1,1,700000
Multistorey Apartment,Semi-Furnished,3.0,Unknown,6,Bhopal,1000.0,2,2,1700000
Residential House,Unfurnished,2.0,East,2,Bhopal,900.0,3,3,5200000
Multistorey Apartment,Unfurnished,2.0,Unknown,3,Bhopal,1000.0,1,1,1000000
Multistorey Apartment,Semi-Furnished,2.0,Unknown,2,Bhopal,1250.0,3,3,3000000
Residential House,Unfurnished,0.0,Unknown,2,Bhopal,1000.0,1,1,2200000
Villa,Furnished,2.0,Unknown,2,Bhopal,1800.0,4,4,17500000
Residential House,Unfurnished,0.0,Unknown,3,Bhopal,1000.0,2,3,2800000
Residential House,Semi-Furnished,0.0,Unknown,1,Bhopal,1000.0,2,2,16500000
Builder Floor Apartment,Semi-Furnished,1.0,Unknown,3,Jaipur,1000.0,3,2,3200000
Multistorey Apartment,Unfurnished,4.0,Unknown,4,Bhopal,792.0,2,2,2000000
Multistorey Apartment,Semi-Furnished,2.0,Unknown,3,Bhopal,750.0,2,2,2500000
Builder Floor Apartment,Semi-Furnished,2.0,Unknown,2,Jaipur,1000.0,2,2,2650000
Builder Floor Apartment,Unfurnished,4.0,Unknown,6,Bhopal,618.0,2,1,3300000
Multistorey Apartment,Semi-Furnished,2.0,Unknown,7,Bhopal,1000.0,3,3,3500000
Residential House,Unfurnished,0.0,South - East,2,Jaipur,909.0,3,3,8500000
Multistorey Apartment,Unfurnished,1.0,Unknown,12,Jaipur,1000.0,2,2,3400000
Multistorey Apartment,Unfurnished,3.0,South,3,Jaipur,865.0,2,2,6500000
Builder Floor Apartment,Semi-Furnished,3.0,Unknown,6,Jaipur,1000.0,3,3,5100000
Builder Floor Apartment,Furnished,2.0,Unknown,3,Jaipur,1000.0,2,2,2600000
Multistorey Apartment,Semi-Furnished,2.0,Unknown,3,Jaipur,1000.0,2,2,3500000
Multistorey Apartment,Furnished,3.0,North - East,4,Jaipur,334.0,1,1,1800000
Residential House,Unfurnished,0.0,Unknown,2,Jaipur,1000.0,3,2,3000000
Residential House,Unfurnished,0.0,Unknown,3,Jaipur,1000.0,3,1,17000000
Villa,Semi-Furnished,2.0,East,2,Jaipur,1400.0,3,3,6500000
Builder Floor Apartment,Semi-Furnished,2.0,Unknown,4,Jaipur,1200.0,3,2,2800000
Multistorey Apartment,Unfurnished,1.0,Unknown,3,Jaipur,960.0,2,2,3200000
Residential House,Furnished,1.0,Unknown,1,Jaipur,2000.0,3,3,35000000
Residential House,Unfurnished,2.0,Unknown,1,Jaipur,150.0,3,3,10000000
Residential House,Unfurnished,1.0,Unknown,2,Jaipur,2100.0,5,4,6350000
Villa,Furnished,2.0,Unknown,2,Jaipur,1000.0,3,2,3500000
Residential House,Semi-Furnished,2.0,North,3,Jaipur,2052.0,6,5,7000000
Builder Floor Apartment,Semi-Furnished,2.0,Unknown,3,Jaipur,1000.0,2,2,3700000
Builder Floor Apartment,Semi-Furnished,2.0,East,3,Chandigarh,864.0,3,3,3960000
Builder Floor Apartment,Semi-Furnished,1.0,East,2,Chandigarh,1415.0,3,3,6490000
Multistorey Apartment,Semi-Furnished,6.0,East,10,Chandigarh,1000.0,3,3,7100000
Villa,Unfurnished,2.0,Unknown,2,Jaipur,1000.0,2,2,3500000
Multistorey Apartment,Semi-Furnished,2.0,East,4,Chandigarh,904.0,3,3,7190000
Multistorey Apartment,Unfurnished,2.0,East,14,Chandigarh,1666.0,3,3,7204000
Multistorey Apartment,Semi-Furnished,2.0,East,4,Chandigarh,976.0,3,3,5325000
Multistorey Apartment,Semi-Furnished,2.0,North - East,6,Chandigarh,841.0,2,2,5010000
Multistorey Apartment,Semi-Furnished,6.0,East,13,Chandigarh,1130.0,3,3,9910000
Multistorey Apartment,Semi-Furnished,2.0,North - East,11,Chandigarh,1000.0,3,3,6990000
Residential House,Semi-Furnished,2.0,North,3,Chandigarh,4000.0,7,6,60000000
Residential House,Unfurnished,0.0,North - West,1,Chandigarh,500.0,5,5,95000000
Residential House,Unfurnished,2.0,North - West,2,Chandigarh,3600.0,4,4,40000000
Builder Floor Apartment,Semi-Furnished,2.0,North - East,3,Chandigarh,1100.0,3,3,3790000
Multistorey Apartment,Semi-Furnished,5.0,East,7,Chandigarh,1350.0,3,3,7620000
Villa,Unfurnished,2.0,North - East,2,Chandigarh,2.0,6,5,155000000
Multistorey Apartment,Furnished,0.0,East,5,Chandigarh,450.0,1,1,2590000
Builder Floor Apartment,Semi-Furnished,2.0,East,4,Chandigarh,1900.0,3,3,7200000
Multistorey Apartment,Semi-Furnished,10.0,North - East,10,Chandigarh,1100.0,3,3,4900000
Multistorey Apartment,Semi-Furnished,1.0,North - East,12,Chandigarh,1410.0,3,3,8600000
Multistorey Apartment,Semi-Furnished,1.0,East,2,Chandigarh,950.0,2,2,11000000
Villa,Semi-Furnished,2.0,North,2,Chandigarh,4.0,6,5,460000000
Villa,Semi-Furnished,2.0,East,3,Chandigarh,8.0,5,4,30000000
Residential House,Semi-Furnished,2.0,North - East,3,Chandigarh,175.0,5,4,51500000
Residential House,Unfurnished,3.0,Unknown,3,Chandigarh,3000.0,6,5,42500000
Residential House,Semi-Furnished,0.0,East,2,Chandigarh,1000.0,3,3,4595000
Residential House,Semi-Furnished,0.0,South - East,3,Chandigarh,2.0,6,5,240000000
Multistorey Apartment,Semi-Furnished,5.0,North - East,14,Chandigarh,1100.0,3,3,10600000
Multistorey Apartment,Unfurnished,2.0,East,6,Chandigarh,1660.0,3,3,6500000
Residential House,Unfurnished,0.0,North - East,3,Chandigarh,1000.0,6,5,40000000
Villa,Unfurnished,2.0,East,2,Chandigarh,4000.0,5,4,240000000
Multistorey Apartment,Semi-Furnished,2.0,Unknown,4,Chandigarh,1000.0,3,2,8680000
Multistorey Apartment,Furnished,2.0,Unknown,6,Chandigarh,1000.0,2,2,8279138
Multistorey Apartment,Semi-Furnished,3.0,North - East,16,Chandigarh,1413.0,3,3,8000000
Residential House,Semi-Furnished,0.0,East,2,Chandigarh,100.0,2,2,7500000
Multistorey Apartment,Semi-Furnished,3.0,Unknown,3,Chandigarh,1230.0,3,3,7500000
Multistorey Apartment,Semi-Furnished,1.0,East,4,Chandigarh,2000.0,3,3,12800000
Villa,Semi-Furnished,2.0,Unknown,1,Bhopal,1000.0,4,4,6500000
Multistorey Apartment,Semi-Furnished,1.0,East,4,Chandigarh,1200.0,3,3,6000000
Multistorey Apartment,Furnished,1.0,Unknown,3,Bhopal,1000.0,4,6,8500000
Multistorey Apartment,Semi-Furnished,3.0,East,4,Bhopal,1000.0,1,1,1500000
Multistorey Apartment,Semi-Furnished,6.0,Unknown,7,Bhopal,1000.0,5,4,10000000
Residential House,Unfurnished,0.0,East,2,Bhopal,1453.0,4,3,6500000
Residential House,Unfurnished,1.0,Unknown,1,Bhopal,1000.0,8,6,11000000
Multistorey Apartment,Unfurnished,1.0,East,6,Bhopal,1000.0,3,2,3700000
Residential House,Semi-Furnished,2.0,Unknown,3,Bhopal,3000.0,3,2,15111111
Multistorey Apartment,Unfurnished,4.0,South - East,6,Bhopal,760.0,2,2,2450000
Multistorey Apartment,Unfurnished,2.0,Unknown,2,Bhopal,550.0,2,1,1800000
Multistorey Apartment,Furnished,1.0,Unknown,4,Bhopal,110.0,3,2,3500000
Villa,Semi-Furnished,2.0,Unknown,3,Bhopal,1000.0,6,5,15000000
Villa,Unfurnished,2.0,North,1,Bhopal,1000.0,3,3,6500000
Multistorey Apartment,Unfurnished,4.0,Unknown,4,Bhopal,1000.0,2,2,5500000
Residential House,Unfurnished,2.0,East,2,Bhopal,1152.0,4,3,7200000
Multistorey Apartment,Unfurnished,2.0,Unknown,5,Bhopal,1000.0,2,2,2600000
Multistorey Apartment,Unfurnished,5.0,Unknown,6,Bhopal,1000.0,2,2,2400000
Residential House,Semi-Furnished,3.0,West,3,Bhopal,1062.0,3,4,7199000
Multistorey Apartment,Semi-Furnished,0.0,South,3,Bhopal,1500.0,3,2,3800000
Multistorey Apartment,Furnished,1.0,Unknown,3,Bhopal,1000.0,2,2,2500000
Multistorey Apartment,Unfurnished,3.0,Unknown,6,Bhopal,700.0,2,2,2400000
Multistorey Apartment,Unknown,2.0,Unknown,4,Bhopal,1000.0,3,2,4500000
Multistorey Apartment,Unknown,2.0,Unknown,4,Bhopal,1000.0,1,2,1350000
Multistorey Apartment,Furnished,2.0,Unknown,3,Bhopal,1000.0,2,2,2000000
Multistorey Apartment,Semi-Furnished,2.0,Unknown,2,Bhopal,510.0,2,1,2200000
Residential House,Furnished,2.0,West,1,Bhopal,600.0,1,1,2000000
Multistorey Apartment,Semi-Furnished,6.0,Unknown,6,Bhopal,1000.0,4,4,12000000
Residential House,Unfurnished,0.0,Unknown,1,Bhopal,1000.0,1,1,2050000
Multistorey Apartment,Semi-Furnished,3.0,Unknown,4,Bhopal,900.0,3,2,2800000
Residential House,Semi-Furnished,0.0,Unknown,2,Bhopal,2000.0,4,4,8000000
Residential House,Semi-Furnished,0.0,East,3,Bhopal,1000.0,5,5,9000000
Builder Floor Apartment,Unfurnished,1.0,Unknown,4,Bhopal,1000.0,3,2,2900000
Multistorey Apartment,Furnished,5.0,East,7,Bhopal,1000.0,3,3,4300000
Builder Floor Apartment,Semi-Furnished,1.0,Unknown,4,Bhopal,1000.0,3,2,3500000
Villa,Unfurnished,2.0,Unknown,1,Bhopal,1000.0,1,1,2800000
Multistorey Apartment,Furnished,2.0,East,3,Bhopal,700.0,2,2,3200000
Residential House,Unfurnished,0.0,North,2,Bhopal,1000.0,3,2,4600000
Multistorey Apartment,Unfurnished,3.0,Unknown,6,Bhopal,1000.0,2,2,2200000
Multistorey Apartment,Unfurnished,3.0,Unknown,5,Bhopal,850.0,2,2,1950000
Multistorey Apartment,Semi-Furnished,5.0,Unknown,6,Bhopal,1000.0,3,2,3800000
Residential House,Unfurnished,0.0,East,2,Bhopal,1000.0,6,4,8400000
Multistorey Apartment,Semi-Furnished,5.0,East,6,Bhopal,1000.0,2,2,1800000
Residential House,Semi-Furnished,2.0,Unknown,2,Bhopal,1000.0,4,5,9500000
Multistorey Apartment,Unfurnished,1.0,Unknown,4,Bhopal,680.0,2,2,2200000
Residential House,Unfurnished,0.0,Unknown,2,Bhopal,1000.0,3,3,4500000
Residential House,Semi-Furnished,2.0,East,3,Bhopal,1800.0,4,3,5500000
Multistorey Apartment,Unfurnished,4.0,Unknown,6,Bhopal,1000.0,2,2,2250000
Residential House,Semi-Furnished,0.0,Unknown,1,Bhopal,1000.0,3,3,4000000
Villa,Unfurnished,2.0,Unknown,2,Bhopal,1000.0,3,2,5000000
Multistorey Apartment,Unfurnished,1.0,West,6,Bhopal,1000.0,2,2,2500000
Residential House,Semi-Furnished,2.0,Unknown,1,Bhopal,2100.0,4,2,18000000
Multistorey Apartment,Semi-Furnished,4.0,West,4,Bhopal,1000.0,2,2,2500000
Multistorey Apartment,Unfurnished,2.0,Unknown,6,Bhopal,1150.0,3,3,5000000
Villa,Unfurnished,2.0,Unknown,2,Bhopal,1000.0,4,4,8000000
Multistorey Apartment,Unfurnished,4.0,Unknown,5,Bhopal,1000.0,2,1,2000000
Multistorey Apartment,Furnished,2.0,Unknown,7,Bhopal,1000.0,3,2,4500000
Multistorey Apartment,Semi-Furnished,2.0,Unknown,25,Jaipur,1220.0,3,2,5250000
Residential House,Furnished,0.0,South - East,3,Jaipur,600.0,5,4,4550000
Multistorey Apartment,Semi-Furnished,5.0,Unknown,6,Bhopal,1000.0,2,2,2200000
Multistorey Apartment,Unfurnished,4.0,East,6,Bhopal,1050.0,3,2,2500000
Multistorey Apartment,Semi-Furnished,4.0,North - East,4,Jaipur,1050.0,2,2,6500000
Multistorey Apartment,Semi-Furnished,5.0,East,5,Jaipur,1050.0,3,2,5000000
Multistorey Apartment,Semi-Furnished,2.0,Unknown,3,Jaipur,758.0,2,2,3700000
Builder Floor Apartment,Semi-Furnished,3.0,East,4,Jaipur,1000.0,3,2,7500000
Builder Floor Apartment,Semi-Furnished,0.0,Unknown,3,Jaipur,1000.0,2,2,2900000
Builder Floor Apartment,Semi-Furnished,3.0,Unknown,3,Jaipur,1000.0,2,2,2800000
Residential House,Unfurnished,2.0,Unknown,1,Jaipur,1000.0,3,1,3200000
Multistorey Apartment,Semi-Furnished,2.0,East,2,Jaipur,1800.0,3,3,7500000
Multistorey Apartment,Semi-Furnished,2.0,Unknown,3,Jaipur,1000.0,2,2,4100000
Multistorey Apartment,Semi-Furnished,8.0,East,8,Jaipur,750.0,2,2,1200000
Residential House,Semi-Furnished,2.0,Unknown,2,Jaipur,1000.0,3,3,25000000
Residential House,Furnished,0.0,Unknown,2,Jaipur,1000.0,3,4,20000000
Villa,Furnished,2.0,East,3,Jaipur,2200.0,5,3,8000000
Multistorey Apartment,Semi-Furnished,13.0,Unknown,15,Jaipur,1000.0,3,3,7500000
Residential House,Semi-Furnished,2.0,Unknown,2,Jaipur,1000.0,3,4,17000000
Multistorey Apartment,Semi-Furnished,1.0,Unknown,3,Jaipur,1000.0,1,1,2800000
Studio Apartment,Unfurnished,5.0,South - East,4,Jaipur,1000.0,3,2,2500000
Multistorey Apartment,Unfurnished,1.0,North,3,Jaipur,900.0,2,2,1751000
Multistorey Apartment,Unfurnished,2.0,Unknown,3,Jaipur,750.0,2,2,2000000
Multistorey Apartment,Furnished,0.0,East,3,Jaipur,2500.0,3,3,10000000
Residential House,Semi-Furnished,0.0,Unknown,1,Jaipur,1000.0,2,2,4500000
Residential House,Furnished,0.0,Unknown,3,Jaipur,1000.0,7,5,13500000
Multistorey Apartment,Semi-Furnished,3.0,East,3,Jaipur,786.0,2,2,4200000
Villa,Unfurnished,2.0,Unknown,1,Jaipur,450.0,2,1,2300000
Multistorey Apartment,Semi-Furnished,4.0,Unknown,14,Jaipur,1000.0,3,3,5400000
Multistorey Apartment,Semi-Furnished,2.0,Unknown,4,Jaipur,1000.0,3,3,3650000
Multistorey Apartment,Semi-Furnished,3.0,Unknown,4,Jaipur,1000.0,2,2,4000000
Multistorey Apartment,Furnished,3.0,West,4,Jaipur,1170.0,3,3,8000000
Multistorey Apartment,Unfurnished,5.0,North,5,Jaipur,1051.0,3,2,5000000
Residential House,Semi-Furnished,1.0,North - East,2,Jaipur,2500.0,3,2,11100000
Multistorey Apartment,Semi-Furnished,0.0,Unknown,6,Jaipur,750.0,2,2,2899999
Multistorey Apartment,Semi-Furnished,12.0,Unknown,15,Jaipur,1000.0,3,2,7000000
Multistorey Apartment,Semi-Furnished,5.0,Unknown,7,Jaipur,1000.0,2,2,8500000
Multistorey Apartment,Semi-Furnished,4.0,Unknown,5,Jaipur,1000.0,3,3,5400000
Multistorey Apartment,Unfurnished,1.0,Unknown,3,Jaipur,700.0,2,2,2100000
Multistorey Apartment,Unfurnished,7.0,East,14,Jaipur,1000.0,4,4,8500000
Residential House,Semi-Furnished,2.0,Unknown,2,Jaipur,1000.0,8,3,23000000
Builder Floor Apartment,Semi-Furnished,2.0,East,3,Jaipur,1500.0,3,3,7000000
Multistorey Apartment,Semi-Furnished,2.0,Unknown,2,Jaipur,1100.0,3,2,5000000
Multistorey Apartment,Unfurnished,2.0,Unknown,4,Jaipur,1000.0,2,2,4000000
Builder Floor Apartment,Unfurnished,2.0,Unknown,2,Jaipur,1250.0,3,2,3250000
Multistorey Apartment,Semi-Furnished,2.0,North - East,3,Jaipur,1200.0,3,2,4500000
Multistorey Apartment,Unfurnished,3.0,Unknown,3,Jaipur,500.0,2,2,3000000
Residential House,Unfurnished,0.0,Unknown,2,Jaipur,1000.0,4,2,25000000
Multistorey Apartment,Semi-Furnished,2.0,Unknown,3,Jaipur,1500.0,3,2,7500000
Multistorey Apartment,Semi-Furnished,2.0,North - East,19,Jaipur,1000.0,4,4,6700000
Multistorey Apartment,Semi-Furnished,3.0,Unknown,3,Jaipur,1250.0,2,2,4500000
Multistorey Apartment,Unknown,2.0,Unknown,4,Jaipur,750.0,3,2,9000000
Multistorey Apartment,Unfurnished,2.0,Unknown,10,Jaipur,1000.0,3,3,6000000
Multistorey Apartment,Unfurnished,0.0,North - West,3,Jaipur,620.0,2,2,4100000
Multistorey Apartment,Furnished,2.0,Unknown,4,Jaipur,1000.0,2,2,4000000
Residential House,Furnished,2.0,Unknown,3,Jaipur,4000.0,7,5,15000000
Multistorey Apartment,Furnished,1.0,Unknown,6,Jaipur,1000.0,2,2,3000000
Residential House,Semi-Furnished,0.0,Unknown,2,Jaipur,1000.0,4,2,1700000
Multistorey Apartment,Semi-Furnished,7.0,Unknown,10,Jaipur,1000.0,3,3,5000000
Residential House,Semi-Furnished,1.0,Unknown,3,Jaipur,1800.0,6,7,23000000
Multistorey Apartment,Unfurnished,13.0,South - East,15,Chandigarh,1050.0,3,2,7500000
Multistorey Apartment,Semi-Furnished,2.0,North,11,Chandigarh,900.0,2,2,4500000
Multistorey Apartment,Semi-Furnished,2.0,East,4,Chandigarh,1000.0,3,3,6850000
Multistorey Apartment,Unfurnished,2.0,North - East,3,Chandigarh,1000.0,3,3,5225000
Multistorey Apartment,Semi-Furnished,3.0,North - East,6,Chandigarh,1300.0,3,4,7210000
Multistorey Apartment,Unfurnished,1.0,North - East,3,Chandigarh,1850.0,4,3,20000000
Multistorey Apartment,Unknown,2.0,Unknown,4,Jaipur,950.0,3,2,7500000
Multistorey Apartment,Furnished,8.0,North - East,13,Chandigarh,595.0,1,2,4200000
Multistorey Apartment,Unfurnished,5.0,East,11,Chandigarh,1100.0,3,3,9590000
Multistorey Apartment,Semi-Furnished,3.0,North - East,3,Chandigarh,1000.0,3,3,4990000
Multistorey Apartment,Semi-Furnished,2.0,East,4,Chandigarh,1000.0,3,3,6950000
Multistorey Apartment,Semi-Furnished,7.0,North - East,15,Chandigarh,1395.0,3,3,8750000
Multistorey Apartment,Semi-Furnished,5.0,North,13,Chandigarh,1750.0,4,4,15650000
Multistorey Apartment,Semi-Furnished,2.0,North - East,12,Chandigarh,1030.0,3,3,9800000
Multistorey Apartment,Semi-Furnished,2.0,East,10,Chandigarh,1410.0,3,3,6800000
Builder Floor Apartment,Semi-Furnished,1.0,East,2,Chandigarh,1415.0,3,3,6549000
Multistorey Apartment,Semi-Furnished,5.0,East,13,Chandigarh,1282.0,3,3,10645000
Villa,Semi-Furnished,2.0,North - East,4,Chandigarh,2500.0,5,5,15000000
Multistorey Apartment,Semi-Furnished,2.0,East,4,Chandigarh,1700.0,4,4,9500000
Multistorey Apartment,Unfurnished,4.0,East,4,Chandigarh,900.0,2,2,3990000
Multistorey Apartment,Semi-Furnished,2.0,East,4,Chandigarh,1350.0,3,3,6690000
Multistorey Apartment,Semi-Furnished,6.0,East,4,Chandigarh,950.0,2,2,3600000
Multistorey Apartment,Semi-Furnished,1.0,North - East,3,Chandigarh,980.0,3,3,6990000
Builder Floor Apartment,Unfurnished,1.0,East,3,Chandigarh,880.0,2,2,3190000
Builder Floor Apartment,Semi-Furnished,2.0,North - East,5,Chandigarh,1750.0,4,4,10800000
Residential House,Unfurnished,2.0,North,3,Chandigarh,3500.0,5,3,50000000
Penthouse,Semi-Furnished,4.0,North - East,4,Chandigarh,2700.0,5,4,15000000
Multistorey Apartment,Semi-Furnished,4.0,North - East,7,Chandigarh,1000.0,3,3,7442400
Residential House,Unfurnished,0.0,South - East,2,Chandigarh,300.0,4,4,60000000
Multistorey Apartment,Semi-Furnished,3.0,South -West,3,Chandigarh,1500.0,4,3,16000000
Multistorey Apartment,Semi-Furnished,2.0,North - East,4,Chandigarh,1300.0,3,3,7650000
Residential House,Semi-Furnished,3.0,North - West,3,Chandigarh,200.0,3,7,50000000
Multistorey Apartment,Semi-Furnished,2.0,North - East,4,Chandigarh,1502.0,3,3,7500000
Villa,Semi-Furnished,2.0,North,2,Chandigarh,4.0,6,5,430000000
Villa,Semi-Furnished,2.0,North,2,Chandigarh,2.0,6,7,240000000
Multistorey Apartment,Semi-Furnished,2.0,North - East,4,Chandigarh,2850.0,4,4,14000000
Multistorey Apartment,Semi-Furnished,1.0,East,2,Chandigarh,1500.0,3,3,18800000
Villa,Unfurnished,2.0,North - West,3,Chandigarh,3800.0,3,2,51500000
Residential House,Unfurnished,3.0,Unknown,3,Chandigarh,5500.0,6,5,68000000
Multistorey Apartment,Semi-Furnished,2.0,East,3,Chandigarh,1000.0,3,3,5990000
Residential House,Semi-Furnished,2.0,North - East,3,Chandigarh,1000.0,5,3,23500000
Multistorey Apartment,Semi-Furnished,5.0,North - East,13,Chandigarh,1900.0,3,3,7400000
Multistorey Apartment,Semi-Furnished,2.0,Unknown,4,Chandigarh,1000.0,3,2,8320000
Multistorey Apartment,Furnished,2.0,Unknown,6,Chandigarh,1000.0,2,2,5741281
Multistorey Apartment,Semi-Furnished,6.0,North - East,13,Chandigarh,2335.0,3,3,10600000
Multistorey Apartment,Semi-Furnished,4.0,Unknown,10,Chandigarh,1090.0,3,3,7695000
Multistorey Apartment,Semi-Furnished,1.0,East,10,Chandigarh,1900.0,3,3,11500000
Multistorey Apartment,Furnished,11.0,East,12,Chandigarh,2000.0,4,4,7500000
Multistorey Apartment,Semi-Furnished,2.0,North - East,4,Chandigarh,1000.0,3,3,7153000
Multistorey Apartment,Unfurnished,6.0,East,11,Chandigarh,1350.0,4,4,12000000
Multistorey Apartment,Semi-Furnished,4.0,North - East,4,Chandigarh,1390.0,3,3,7590000
Multistorey Apartment,Unfurnished,1.0,North,3,Chandigarh,1150.0,3,2,13500000
Multistorey Apartment,Semi-Furnished,7.0,North - East,15,Chandigarh,1375.0,3,3,9200000
Multistorey Apartment,Semi-Furnished,10.0,North - East,12,Chandigarh,800.0,2,2,4699999
Multistorey Apartment,Semi-Furnished,3.0,North - East,4,Chandigarh,1120.0,3,3,6908400
Multistorey Apartment,Semi-Furnished,6.0,North - East,21,Chandigarh,1000.0,3,3,13975000
Residential House,Unfurnished,2.0,Unknown,2,Bhopal,1000.0,2,2,4500000
Penthouse,Unfurnished,7.0,Unknown,7,Bhopal,1650.0,4,5,5500000
Multistorey Apartment,Unfurnished,4.0,North - East,4,Bhopal,1100.0,2,2,5000000
Residential House,Semi-Furnished,2.0,North,2,Bhopal,1320.0,3,3,6500000
Multistorey Apartment,Semi-Furnished,4.0,Unknown,6,Bhopal,605.0,1,1,1700000
Residential House,Furnished,2.0,Unknown,2,Bhopal,1000.0,10,5,15000000
Builder Floor Apartment,Unfurnished,2.0,Unknown,2,Bhopal,1000.0,3,3,3300000
Residential House,Semi-Furnished,0.0,Unknown,2,Bhopal,1450.0,3,2,5500000
Multistorey Apartment,Unfurnished,1.0,Unknown,3,Bhopal,1400.0,3,2,4000000
Builder Floor Apartment,Unfurnished,2.0,Unknown,3,Bhopal,695.0,2,2,3000000
Builder Floor Apartment,Unfurnished,0.0,Unknown,4,Bhopal,1000.0,1,1,900000
Multistorey Apartment,Semi-Furnished,4.0,Unknown,7,Bhopal,1000.0,2,2,2600000
Builder Floor Apartment,Unfurnished,0.0,Unknown,2,Bhopal,1000.0,1,1,1400000
Residential House,Semi-Furnished,2.0,East,2,Bhopal,1000.0,3,3,6650000
Penthouse,Unfurnished,2.0,Unknown,2,Bhopal,1045.0,3,3,2500000
Multistorey Apartment,Semi-Furnished,2.0,Unknown,6,Bhopal,857.0,3,2,3500000
Residential House,Semi-Furnished,3.0,Unknown,3,Bhopal,1000.0,6,6,27500000
Builder Floor Apartment,Unfurnished,2.0,Unknown,2,Bhopal,1000.0,2,2,2000000
Villa,Unfurnished,2.0,Unknown,1,Bhopal,2200.0,4,3,7950000
Villa,Semi-Furnished,2.0,Unknown,2,Bhopal,1000.0,3,2,4100000
Residential House,Semi-Furnished,2.0,Unknown,2,Bhopal,1000.0,4,2,7500000
Multistorey Apartment,Unfurnished,1.0,Unknown,4,Bhopal,1000.0,2,1,2800000
Multistorey Apartment,Unfurnished,0.0,West,3,Bhopal,2400.0,2,3,6000000
Residential House,Unfurnished,2.0,Unknown,1,Bhopal,1152.0,2,3,4500000
Villa,Furnished,2.0,Unknown,1,Bhopal,1000.0,3,2,5000000
Multistorey Apartment,Unfurnished,6.0,Unknown,6,Bhopal,1170.0,3,2,4000000
Residential House,Semi-Furnished,0.0,Unknown,2,Bhopal,1400.0,3,3,4200000
Multistorey Apartment,Unfurnished,7.0,Unknown,8,Bhopal,1000.0,3,2,3300000
Residential House,Semi-Furnished,2.0,East,3,Bhopal,4500.0,3,2,11000000
Villa,Semi-Furnished,2.0,North - East,2,Bhopal,1216.0,3,3,5500000
Residential House,Semi-Furnished,2.0,Unknown,2,Bhopal,600.0,2,2,2100000
Residential House,Semi-Furnished,2.0,Unknown,1,Bhopal,1150.0,5,3,7500000
Residential House,Unfurnished,2.0,Unknown,2,Bhopal,1000.0,3,3,4500000
Residential House,Unfurnished,2.0,Unknown,2,Bhopal,1400.0,3,3,4800000
Residential House,Semi-Furnished,2.0,East,2,Bhopal,1000.0,4,3,4500000
Residential House,Unfurnished,2.0,Unknown,3,Bhopal,1350.0,4,3,6000000
Residential House,Furnished,1.0,Unknown,2,Bhopal,1000.0,4,5,19500000
Multistorey Apartment,Unfurnished,1.0,East,6,Bhopal,900.0,2,2,2500000
Villa,Unfurnished,2.0,South -West,2,Bhopal,840.0,3,3,5600000
Multistorey Apartment,Semi-Furnished,2.0,Unknown,6,Bhopal,1000.0,2,2,3100000
Residential House,Unknown,2.0,Unknown,4,Bhopal,1000.0,2,2,23000000
Residential House,Semi-Furnished,2.0,Unknown,1,Bhopal,1000.0,2,2,3000000
Multistorey Apartment,Unfurnished,2.0,North,2,Bhopal,300.0,1,1,1300000
Multistorey Apartment,Semi-Furnished,2.0,Unknown,5,Bhopal,1000.0,2,2,2000000
Builder Floor Apartment,Unfurnished,2.0,Unknown,5,Bhopal,1000.0,3,2,3500000
Villa,Semi-Furnished,2.0,East,2,Bhopal,1550.0,3,3,9900000
Multistorey Apartment,Semi-Furnished,2.0,Unknown,3,Bhopal,670.0,2,2,1800000
Multistorey Apartment,Semi-Furnished,2.0,East,5,Bhopal,1000.0,2,2,4500000
Residential House,Unfurnished,0.0,East,2,Bhopal,1000.0,3,3,13100000
Multistorey Apartment,Furnished,1.0,West,3,Jaipur,325.0,1,1,1500000
Residential House,Unfurnished,2.0,Unknown,1,Jaipur,200.0,3,2,8000000
Multistorey Apartment,Semi-Furnished,0.0,Unknown,2,Jaipur,780.0,2,2,3500000
Residential House,Unfurnished,1.0,North - East,2,Jaipur,1000.0,3,4,25000000
Residential House,Semi-Furnished,2.0,North,2,Jaipur,1000.0,4,4,84000000
Villa,Semi-Furnished,2.0,North,2,Jaipur,1000.0,4,5,15100000
Multistorey Apartment,Semi-Furnished,4.0,Unknown,6,Jaipur,1000.0,3,3,4000000
Residential House,Unfurnished,1.0,North - East,1,Jaipur,1000.0,4,2,7000000
Multistorey Apartment,Unfurnished,3.0,North - West,3,Jaipur,1000.0,3,3,13500000
Residential House,Unfurnished,0.0,East,1,Jaipur,1000.0,6,1,5000000
Multistorey Apartment,Semi-Furnished,2.0,Unknown,4,Jaipur,1840.0,3,3,14100000
Multistorey Apartment,Semi-Furnished,5.0,Unknown,11,Jaipur,1000.0,3,3,4500000
Villa,Semi-Furnished,2.0,West,2,Jaipur,900.0,4,4,5800000
Builder Floor Apartment,Unfurnished,0.0,East,3,Jaipur,125.0,3,2,2500000
Residential House,Unfurnished,1.0,North,1,Jaipur,1000.0,6,4,45000000
Multistorey Apartment,Semi-Furnished,4.0,East,10,Jaipur,700.0,2,2,2799000
Residential House,Semi-Furnished,2.0,Unknown,1,Jaipur,50.0,2,1,1500000
Residential House,Semi-Furnished,0.0,East,3,Jaipur,1000.0,4,4,20900000
Multistorey Apartment,Semi-Furnished,4.0,Unknown,7,Jaipur,1000.0,2,2,4600000
Multistorey Apartment,Unfurnished,2.0,Unknown,4,Jaipur,1000.0,3,3,8000000
Multistorey Apartment,Semi-Furnished,3.0,North,4,Jaipur,990.0,2,2,3300000
Residential House,Semi-Furnished,2.0,Unknown,2,Jaipur,1000.0,3,3,8000000
Villa,Semi-Furnished,2.0,Unknown,2,Jaipur,1000.0,5,3,80000000
Villa,Furnished,2.0,Unknown,1,Jaipur,1000.0,2,2,13500000
Builder Floor Apartment,Semi-Furnished,2.0,Unknown,3,Jaipur,1000.0,3,2,2650000
Multistorey Apartment,Unfurnished,2.0,North,2,Jaipur,1000.0,2,2,2600000
Multistorey Apartment,Unfurnished,5.0,Unknown,7,Jaipur,516.0,1,1,2100000
Multistorey Apartment,Unfurnished,1.0,East,4,Jaipur,1000.0,3,3,5000000
Villa,Semi-Furnished,2.0,West,2,Jaipur,1200.0,4,4,10500000
Builder Floor Apartment,Unfurnished,1.0,North - East,2,Jaipur,1000.0,3,2,5100000
Villa,Semi-Furnished,2.0,Unknown,2,Jaipur,1250.0,3,3,2800000
Penthouse,Furnished,4.0,Unknown,4,Jaipur,1000.0,3,3,6500000
Multistorey Apartment,Unfurnished,4.0,North - West,10,Jaipur,694.0,2,2,2800000
Multistorey Apartment,Semi-Furnished,1.0,Unknown,3,Jaipur,750.0,2,2,3500000
Multistorey Apartment,Semi-Furnished,1.0,Unknown,3,Jaipur,778.0,3,2,3700000
Residential House,Unfurnished,1.0,Unknown,1,Jaipur,1800.0,4,3,17000000
Residential House,Unfurnished,2.0,Unknown,1,Jaipur,1538.0,4,3,25000000
Residential House,Semi-Furnished,0.0,Unknown,2,Jaipur,1000.0,3,3,5300000
Multistorey Apartment,Unfurnished,4.0,East,8,Jaipur,1600.0,3,3,5000000
Multistorey Apartment,Semi-Furnished,7.0,East,8,Chandigarh,1000.0,4,4,7500000
Multistorey Apartment,Semi-Furnished,8.0,East,13,Chandigarh,1000.0,3,3,7525000
Residential House,Furnished,0.0,Unknown,2,Jaipur,1058.0,6,4,11000000
Multistorey Apartment,Semi-Furnished,2.0,Unknown,10,Jaipur,1000.0,2,2,3000000
Multistorey Apartment,Semi-Furnished,5.0,East,11,Chandigarh,1100.0,3,3,9290000
Multistorey Apartment,Semi-Furnished,5.0,North - East,13,Chandigarh,1000.0,3,3,10990000
Multistorey Apartment,Semi-Furnished,2.0,East,4,Chandigarh,1200.0,3,3,8000000
Villa,Semi-Furnished,2.0,East,1,Chandigarh,120.0,5,5,8900000
Multistorey Apartment,Semi-Furnished,8.0,North - East,11,Chandigarh,1063.0,3,3,7300000
Multistorey Apartment,Semi-Furnished,3.0,North - East,13,Chandigarh,1760.0,3,2,13500000
Multistorey Apartment,Semi-Furnished,5.0,East,13,Chandigarh,1420.0,3,3,6350000
Multistorey Apartment,Semi-Furnished,3.0,East,4,Chandigarh,1000.0,3,3,8000000
Multistorey Apartment,Semi-Furnished,2.0,East,4,Chandigarh,978.0,3,3,6550000
Multistorey Apartment,Semi-Furnished,3.0,North - East,4,Chandigarh,1000.0,3,2,10000000
Multistorey Apartment,Semi-Furnished,11.0,East,13,Chandigarh,1850.0,4,4,12500000
Multistorey Apartment,Semi-Furnished,2.0,North,4,Chandigarh,1325.0,3,3,6690000
Multistorey Apartment,Semi-Furnished,4.0,North - West,8,Chandigarh,900.0,3,2,6400000
Villa,Unfurnished,2.0,West,1,Chandigarh,2500.0,2,2,32500000
Multistorey Apartment,Semi-Furnished,2.0,North - East,3,Chandigarh,980.0,3,3,6890000
Builder Floor Apartment,Semi-Furnished,2.0,North - East,3,Chandigarh,1200.0,3,3,3700000
Multistorey Apartment,Semi-Furnished,2.0,East,14,Chandigarh,1580.0,4,4,17000000
Residential House,Unfurnished,2.0,East,1,Chandigarh,1500.0,3,2,62500000
Multistorey Apartment,Semi-Furnished,2.0,East,6,Chandigarh,812.0,3,3,4890000
Multistorey Apartment,Semi-Furnished,2.0,Unknown,4,Chandigarh,1000.0,3,3,7229921
Residential House,Unfurnished,0.0,North - East,1,Chandigarh,500.0,5,5,105000000
Multistorey Apartment,Semi-Furnished,7.0,North - East,11,Chandigarh,963.0,3,3,6990000
Multistorey Apartment,Semi-Furnished,2.0,North - West,3,Chandigarh,1100.0,3,2,15500000
Residential House,Unfurnished,1.0,East,3,Chandigarh,7.0,6,5,26500000
Villa,Semi-Furnished,2.0,West,3,Chandigarh,4000.0,5,5,97500000
Multistorey Apartment,Semi-Furnished,4.0,North - East,13,Chandigarh,1900.0,4,4,18000000
Multistorey Apartment,Semi-Furnished,4.0,North - East,13,Chandigarh,900.0,2,2,4200000
Multistorey Apartment,Semi-Furnished,11.0,North,14,Chandigarh,1560.0,3,3,8890000
Villa,Semi-Furnished,2.0,North - East,2,Chandigarh,6.0,6,5,570000000
Multistorey Apartment,Semi-Furnished,1.0,East,2,Chandigarh,1095.0,2,2,12000000
Residential House,Semi-Furnished,0.0,South - East,3,Chandigarh,1000.0,6,5,38000000
Residential House,Unfurnished,0.0,Unknown,3,Chandigarh,4500.0,3,3,70000000
Villa,Unfurnished,2.0,North - West,3,Chandigarh,4500.0,3,2,70000000
Multistorey Apartment,Semi-Furnished,4.0,North - East,8,Chandigarh,1010.0,3,3,6100000
Multistorey Apartment,Semi-Furnished,1.0,North - East,2,Chandigarh,1100.0,2,2,9500000
Multistorey Apartment,Semi-Furnished,2.0,East,3,Chandigarh,1000.0,3,3,3496000
Multistorey Apartment,Furnished,2.0,Unknown,6,Chandigarh,1000.0,3,3,8172825
Multistorey Apartment,Semi-Furnished,2.0,Unknown,4,Chandigarh,1000.0,3,3,10400000
Multistorey Apartment,Semi-Furnished,3.0,North - East,4,Chandigarh,1197.0,3,3,7063000
Builder Floor Apartment,Semi-Furnished,3.0,North - East,3,Chandigarh,1450.0,3,3,6890000
Multistorey Apartment,Semi-Furnished,1.0,East,12,Chandigarh,1300.0,3,3,7500000
Residential House,Semi-Furnished,0.0,South - East,2,Chandigarh,1000.0,4,4,125000000
Multistorey Apartment,Unfurnished,7.0,North - East,12,Chandigarh,1500.0,3,3,5500000
Multistorey Apartment,Unfurnished,10.0,North,15,Chandigarh,1000.0,3,3,8880000
Multistorey Apartment,Semi-Furnished,1.0,North - East,3,Chandigarh,1075.0,3,3,6825000
Multistorey Apartment,Semi-Furnished,5.0,East,12,Chandigarh,1351.0,3,3,9000000
Multistorey Apartment,Unfurnished,10.0,East,13,Chandigarh,1025.0,3,3,8850000
Multistorey Apartment,Unfurnished,2.0,Unknown,3,Chandigarh,1300.0,4,3,20000000
Penthouse,Semi-Furnished,0.0,Unknown,2,Bhopal,1250.0,3,3,9500000
Multistorey Apartment,Semi-Furnished,1.0,North - East,4,Chandigarh,1395.0,3,3,9550000
Multistorey Apartment,Semi-Furnished,1.0,North - East,6,Chandigarh,1348.0,3,3,7000000
Multistorey Apartment,Semi-Furnished,-0.5,Unknown,7,Bhopal,500.0,2,2,2000000
Residential House,Unfurnished,2.0,Unknown,2,Bhopal,1000.0,3,3,4300000
Multistorey Apartment,Furnished,2.0,West,6,Bhopal,1450.0,3,3,8500000
Residential House,Unfurnished,0.0,East,2,Bhopal,400.0,1,1,1100000
Residential House,Unfurnished,1.0,South,1,Bhopal,1000.0,4,4,7500000
Multistorey Apartment,Semi-Furnished,4.0,Unknown,4,Bhopal,1050.0,3,3,4500000
Multistorey Apartment,Furnished,1.0,West,6,Bhopal,475.0,1,1,1675000
Residential House,Unfurnished,2.0,West,2,Bhopal,850.0,3,3,4800000
Multistorey Apartment,Semi-Furnished,5.0,Unknown,5,Bhopal,861.0,2,2,3500000
Residential House,Semi-Furnished,2.0,South -West,2,Bhopal,1000.0,4,3,18500000
Residential House,Unfurnished,0.0,Unknown,1,Bhopal,1000.0,4,3,20000000
Builder Floor Apartment,Unfurnished,3.0,Unknown,3,Bhopal,1000.0,2,2,1200000
Multistorey Apartment,Unfurnished,2.0,East,10,Bhopal,550.0,2,2,2500000
Builder Floor Apartment,Semi-Furnished,5.0,Unknown,6,Bhopal,1000.0,1,1,1200000
Multistorey Apartment,Unfurnished,0.0,East,3,Bhopal,1000.0,3,5,5650001
Residential House,Semi-Furnished,-1.0,Unknown,1,Bhopal,1000.0,3,2,16000000
Residential House,Unfurnished,2.0,East,1,Bhopal,1050.0,1,2,3880000
Multistorey Apartment,Unfurnished,2.0,East,6,Bhopal,800.0,2,2,2500000
Multistorey Apartment,Semi-Furnished,2.0,Unknown,4,Bhopal,1000.0,2,2,2400000
Residential House,Furnished,2.0,East,2,Bhopal,1500.0,4,4,10000000
Multistorey Apartment,Unfurnished,5.0,Unknown,6,Bhopal,640.0,2,2,3800000
Residential House,Unfurnished,0.0,Unknown,1,Bhopal,1000.0,2,2,3000000
Residential House,Unfurnished,2.0,East,2,Bhopal,1275.0,4,3,6000000
Multistorey Apartment,Furnished,6.0,East,6,Bhopal,890.0,2,2,3500000
Multistorey Apartment,Semi-Furnished,3.0,Unknown,5,Bhopal,1000.0,3,2,2700000
Residential House,Unfurnished,0.0,Unknown,2,Bhopal,1000.0,3,2,2800000
Residential House,Semi-Furnished,1.0,Unknown,2,Bhopal,992.0,2,2,6200000
Multistorey Apartment,Unfurnished,3.0,Unknown,3,Bhopal,1000.0,2,2,2200000
Multistorey Apartment,Semi-Furnished,1.0,East,2,Bhopal,800.0,2,2,3200000
Villa,Semi-Furnished,2.0,Unknown,2,Bhopal,1145.0,4,5,8000000
Multistorey Apartment,Furnished,4.0,Unknown,4,Bhopal,1250.0,3,2,9000000
Multistorey Apartment,Semi-Furnished,0.0,Unknown,2,Bhopal,350.0,2,2,1100000
Multistorey Apartment,Unfurnished,6.0,East,7,Bhopal,1180.0,3,3,4200000
Builder Floor Apartment,Unfurnished,1.0,Unknown,3,Bhopal,1000.0,2,2,2500000
Residential House,Semi-Furnished,0.0,Unknown,2,Bhopal,1000.0,3,3,5500000
Multistorey Apartment,Semi-Furnished,1.0,Unknown,5,Jaipur,1000.0,2,2,4500000
Multistorey Apartment,Semi-Furnished,2.0,Unknown,4,Bhopal,400.0,1,1,1250000
Residential House,Unfurnished,0.0,Unknown,1,Bhopal,1000.0,1,1,1500000
Multistorey Apartment,Furnished,2.0,Unknown,4,Bhopal,800.0,2,2,4500000
Residential House,Unfurnished,0.0,Unknown,1,Jaipur,1000.0,2,2,2610000
Multistorey Apartment,Semi-Furnished,2.0,East,3,Jaipur,1350.0,2,2,5000000
Residential House,Semi-Furnished,0.0,Unknown,1,Jaipur,249.0,3,2,15000000
Builder Floor Apartment,Furnished,3.0,Unknown,5,Jaipur,1000.0,2,2,4500000
Villa,Semi-Furnished,2.0,North - East,1,Jaipur,100.0,3,4,10000000
Residential House,Semi-Furnished,1.0,West,2,Jaipur,3035.0,4,6,22500000
Residential House,Unfurnished,0.0,South -West,3,Jaipur,1400.0,4,3,12500000
Multistorey Apartment,Furnished,2.0,East,4,Jaipur,1400.0,3,3,7000000
Multistorey Apartment,Furnished,6.0,North - East,4,Jaipur,1000.0,3,3,9500000
Multistorey Apartment,Semi-Furnished,2.0,Unknown,3,Jaipur,1000.0,2,2,5300000
Multistorey Apartment,Furnished,8.0,South,4,Jaipur,372.0,1,1,1650000
Multistorey Apartment,Semi-Furnished,4.0,Unknown,12,Jaipur,1175.0,2,2,5000000
Multistorey Apartment,Semi-Furnished,7.0,Unknown,14,Jaipur,1000.0,2,2,4000000
Residential House,Unfurnished,2.0,Unknown,1,Jaipur,1000.0,4,2,16500000
Multistorey Apartment,Semi-Furnished,3.0,Unknown,4,Jaipur,480.0,1,1,1450000
Multistorey Apartment,Unfurnished,11.0,Unknown,15,Jaipur,450.0,1,1,2000000
Builder Floor Apartment,Semi-Furnished,2.0,Unknown,3,Jaipur,1000.0,3,3,7500000
Multistorey Apartment,Semi-Furnished,8.0,Unknown,13,Jaipur,1000.0,2,2,3700000
Villa,Unknown,2.0,Unknown,4,Jaipur,1000.0,4,2,9500000
Builder Floor Apartment,Semi-Furnished,2.0,Unknown,4,Jaipur,1000.0,3,3,5200000
Multistorey Apartment,Unfurnished,5.0,Unknown,12,Jaipur,1000.0,1,1,1400000
Residential House,Semi-Furnished,-1.0,South,3,Jaipur,1600.0,6,5,11000000
Multistorey Apartment,Furnished,1.0,South,5,Jaipur,1680.0,4,3,7800000
Villa,Unfurnished,2.0,West,2,Jaipur,3500.0,5,4,12900000
Villa,Unfurnished,2.0,Unknown,1,Jaipur,200.0,3,3,8500000
Villa,Semi-Furnished,2.0,Unknown,1,Jaipur,1000.0,3,3,5000000
Villa,Semi-Furnished,2.0,East,2,Jaipur,1000.0,3,3,3500000
Multistorey Apartment,Semi-Furnished,2.0,East,5,Jaipur,1000.0,3,2,6500000
Villa,Semi-Furnished,2.0,Unknown,2,Jaipur,1000.0,4,5,8000000
Builder Floor Apartment,Semi-Furnished,2.0,North - East,3,Jaipur,1000.0,3,2,2500000
Builder Floor Apartment,Semi-Furnished,0.0,Unknown,4,Jaipur,1000.0,3,3,7500000
Multistorey Apartment,Unfurnished,2.0,Unknown,7,Jaipur,1112.0,3,3,4500000
Multistorey Apartment,Furnished,3.0,Unknown,12,Jaipur,1250.0,3,3,5900000
Residential House,Semi-Furnished,0.0,Unknown,2,Jaipur,5000.0,5,6,42500000
Villa,Semi-Furnished,2.0,Unknown,2,Jaipur,1000.0,4,4,11100000
Multistorey Apartment,Unfurnished,5.0,North,4,Jaipur,1069.0,3,3,8500000
Villa,Semi-Furnished,2.0,Unknown,2,Jaipur,70.0,4,3,8700000
Multistorey Apartment,Semi-Furnished,4.0,Unknown,12,Jaipur,1000.0,2,2,4500000
Villa,Semi-Furnished,2.0,West,1,Jaipur,1000.0,3,4,7200000
Builder Floor Apartment,Furnished,1.0,East,3,Jaipur,1250.0,3,3,27500000
Residential House,Semi-Furnished,2.0,Unknown,3,Jaipur,1000.0,6,6,20000000
Residential House,Unfurnished,0.0,Unknown,2,Jaipur,1000.0,3,1,6000000
Residential House,Furnished,2.0,Unknown,2,Jaipur,200.0,3,8,15000000
Builder Floor Apartment,Semi-Furnished,1.0,Unknown,3,Jaipur,1000.0,2,2,2200000
Residential House,Unfurnished,1.0,Unknown,2,Jaipur,1000.0,5,1,7500000
Builder Floor Apartment,Semi-Furnished,2.0,Unknown,3,Jaipur,1250.0,3,3,5030000
Residential House,Semi-Furnished,1.0,Unknown,2,Jaipur,1000.0,2,1,3000000
Builder Floor Apartment,Unfurnished,3.0,Unknown,3,Jaipur,1000.0,3,2,3370000
Residential House,Furnished,1.0,East,2,Jaipur,428.0,2,2,3285000
Multistorey Apartment,Unknown,2.0,Unknown,4,Jaipur,1000.0,1,2,2020000
Residential House,Semi-Furnished,2.0,North,2,Jaipur,3300.0,4,5,22500000
Builder Floor Apartment,Semi-Furnished,1.0,North - East,3,Jaipur,1300.0,4,3,4000000
Villa,Semi-Furnished,2.0,Unknown,2,Jaipur,1000.0,3,2,7500000
Residential House,Furnished,0.0,North,2,Jaipur,200.0,4,4,42500000
Residential House,Semi-Furnished,2.0,Unknown,3,Jaipur,360.0,1,1,3900000
Multistorey Apartment,Semi-Furnished,5.0,North - East,10,Chandigarh,2590.0,4,4,14572500
Builder Floor Apartment,Unfurnished,3.0,East,6,Jaipur,1000.0,2,1,1300000
Multistorey Apartment,Semi-Furnished,5.0,North - East,7,Chandigarh,1000.0,3,3,6551000
Residential House,Unfurnished,0.0,Unknown,2,Jaipur,1000.0,3,3,4100000
Multistorey Apartment,Semi-Furnished,5.0,North,10,Chandigarh,1000.0,3,3,6500000
Multistorey Apartment,Semi-Furnished,2.0,North - East,13,Chandigarh,1000.0,4,4,12500000
Penthouse,Semi-Furnished,6.0,North - East,6,Chandigarh,1000.0,2,2,7684894
Multistorey Apartment,Semi-Furnished,3.0,East,4,Chandigarh,1100.0,3,3,7990000
Multistorey Apartment,Semi-Furnished,3.0,North - East,10,Chandigarh,1090.0,3,3,6999999
Multistorey Apartment,Unfurnished,3.0,North - East,5,Chandigarh,1000.0,3,3,4900000
Multistorey Apartment,Unfurnished,2.0,North - East,10,Chandigarh,1110.0,3,3,6200000
Multistorey Apartment,Semi-Furnished,8.0,North - East,10,Chandigarh,963.0,3,3,6690000
Multistorey Apartment,Semi-Furnished,5.0,East,7,Chandigarh,2680.0,4,4,13800000
Multistorey Apartment,Semi-Furnished,5.0,North - East,12,Chandigarh,1091.0,3,3,12000000
Multistorey Apartment,Semi-Furnished,7.0,North,22,Chandigarh,1350.0,3,3,14600000
Multistorey Apartment,Semi-Furnished,3.0,North - East,4,Chandigarh,1250.0,3,3,8200000
Multistorey Apartment,Semi-Furnished,6.0,North - East,11,Chandigarh,1425.0,3,3,10490000
Multistorey Apartment,Semi-Furnished,3.0,East,3,Chandigarh,880.0,2,2,4457700
Villa,Unfurnished,2.0,North - East,3,Chandigarh,3500.0,5,4,95000000
Multistorey Apartment,Semi-Furnished,3.0,North - East,3,Chandigarh,980.0,3,3,6990000
Multistorey Apartment,Semi-Furnished,4.0,West,6,Chandigarh,1530.0,3,3,4790000
Multistorey Apartment,Semi-Furnished,1.0,North - East,4,Chandigarh,1350.0,3,3,5200000
Multistorey Apartment,Semi-Furnished,3.0,North - East,3,Chandigarh,1250.0,3,3,7200000
Multistorey Apartment,Semi-Furnished,4.0,Unknown,4,Chandigarh,1000.0,3,3,7056100
Residential House,Furnished,2.0,North,3,Chandigarh,3500.0,5,5,47500000
Residential House,Unfurnished,0.0,North - East,1,Chandigarh,250.0,4,4,37500000
Residential House,Semi-Furnished,2.0,North - West,3,Chandigarh,11.0,7,6,35000000
Multistorey Apartment,Semi-Furnished,2.0,North - East,13,Chandigarh,2000.0,4,4,17500000
Multistorey Apartment,Semi-Furnished,2.0,North - West,3,Chandigarh,1500.0,3,3,19000000
Multistorey Apartment,Semi-Furnished,2.0,North - East,4,Chandigarh,1500.0,3,3,6000000
Villa,Unfurnished,2.0,East,1,Chandigarh,1500.0,3,3,110000000
Builder Floor Apartment,Semi-Furnished,1.0,South -West,3,Chandigarh,1000.0,3,3,24000000
Multistorey Apartment,Semi-Furnished,1.0,East,3,Chandigarh,1100.0,2,2,12000000
Villa,Semi-Furnished,2.0,North - East,2,Chandigarh,4.0,6,5,480000000
Residential House,Unfurnished,2.0,North - East,3,Chandigarh,1000.0,5,3,26500000
Villa,Unfurnished,2.0,North - East,3,Chandigarh,2700.0,6,3,39200000
Multistorey Apartment,Semi-Furnished,2.0,East,3,Chandigarh,1000.0,3,3,3500000
Residential House,Unfurnished,0.0,Unknown,3,Chandigarh,2800.0,6,5,32500000
Multistorey Apartment,Semi-Furnished,5.0,North - East,14,Chandigarh,1650.0,4,4,15200000
Multistorey Apartment,Semi-Furnished,2.0,East,4,Chandigarh,1067.0,3,3,6490000
Multistorey Apartment,Semi-Furnished,2.0,Unknown,4,Chandigarh,1000.0,3,3,10300000
Villa,Semi-Furnished,2.0,South - East,3,Chandigarh,1.0,6,5,170000000
Multistorey Apartment,Furnished,2.0,Unknown,6,Chandigarh,1000.0,3,3,8792825
Multistorey Apartment,Unfurnished,8.0,North - East,13,Chandigarh,2100.0,3,3,13500000
Multistorey Apartment,Semi-Furnished,4.0,East,4,Chandigarh,1000.0,2,2,8039800
Multistorey Apartment,Semi-Furnished,7.0,North - East,14,Chandigarh,1195.0,3,3,10027000
Multistorey Apartment,Semi-Furnished,1.0,East,4,Chandigarh,1900.0,3,3,8000000
Multistorey Apartment,Semi-Furnished,3.0,East,4,Chandigarh,1000.0,2,2,4000000
Builder Floor Apartment,Unfurnished,1.0,North - East,3,Chandigarh,1122.0,3,3,4300000
Multistorey Apartment,Unfurnished,6.0,East,13,Chandigarh,1000.0,3,3,6850000
Multistorey Apartment,Semi-Furnished,1.0,North - East,14,Chandigarh,986.0,3,3,9487500
Multistorey Apartment,Unfurnished,14.0,East,14,Chandigarh,1900.0,3,3,12500000
Builder Floor Apartment,Unfurnished,2.0,West,4,Chandigarh,950.0,3,3,7850000
Residential House,Semi-Furnished,1.0,East,3,Chandigarh,250.0,3,2,65000000
Multistorey Apartment,Semi-Furnished,5.0,North - East,15,Chandigarh,1375.0,3,3,9200000
Multistorey Apartment,Unfurnished,0.0,Unknown,5,Chandigarh,1000.0,3,3,13000000
Multistorey Apartment,Semi-Furnished,2.0,North - East,4,Chandigarh,950.0,3,3,7094790
Multistorey Apartment,Semi-Furnished,6.0,North - East,11,Chandigarh,1448.0,3,3,7199999
Multistorey Apartment,Semi-Furnished,8.0,North,10,Chandigarh,1100.0,3,3,6790000
Multistorey Apartment,Semi-Furnished,3.0,North - East,6,Chandigarh,841.0,2,2,5000000
Multistorey Apartment,Semi-Furnished,1.0,North - East,14,Chandigarh,1000.0,2,2,6210000
Multistorey Apartment,Semi-Furnished,8.0,North,11,Chandigarh,1000.0,3,3,6500000
Builder Floor Apartment,Semi-Furnished,3.0,East,4,Chandigarh,1100.0,3,3,6790000
Multistorey Apartment,Semi-Furnished,5.0,North - East,15,Chandigarh,1000.0,3,3,12500000
Multistorey Apartment,Semi-Furnished,2.0,North - East,4,Chandigarh,2950.0,5,5,14000000
Multistorey Apartment,Semi-Furnished,5.0,North,10,Chandigarh,1150.0,3,3,7585000
Builder Floor Apartment,Semi-Furnished,1.0,East,4,Chandigarh,1050.0,3,3,6900000
Multistorey Apartment,Semi-Furnished,5.0,North - East,11,Chandigarh,1350.0,4,4,9300000
Multistorey Apartment,Semi-Furnished,2.0,North - East,12,Chandigarh,1050.0,3,3,9850000
Multistorey Apartment,Semi-Furnished,1.0,East,8,Chandigarh,1000.0,2,2,5500000
Multistorey Apartment,Semi-Furnished,5.0,East,13,Chandigarh,1420.0,3,3,8590000
Multistorey Apartment,Semi-Furnished,5.0,North - East,13,Chandigarh,1298.0,3,3,8925000
Multistorey Apartment,Semi-Furnished,7.0,East,13,Chandigarh,1130.0,3,3,9550000
Multistorey Apartment,Unfurnished,2.0,Unknown,5,Bhopal,1000.0,1,1,2800000
Multistorey Apartment,Semi-Furnished,6.0,East,12,Chandigarh,1200.0,3,3,13700000
Multistorey Apartment,Semi-Furnished,3.0,South,3,Bhopal,450.0,1,1,1900000
Multistorey Apartment,Semi-Furnished,5.0,North - West,14,Chandigarh,1000.0,3,3,9900000
Multistorey Apartment,Unfurnished,3.0,Unknown,7,Bhopal,1000.0,2,2,2300000
Multistorey Apartment,Unfurnished,4.0,East,4,Bhopal,850.0,2,2,4000000
Multistorey Apartment,Semi-Furnished,6.0,North - East,6,Bhopal,800.0,3,2,3100000
Residential House,Unfurnished,0.0,Unknown,4,Bhopal,1000.0,3,6,20000000
Multistorey Apartment,Unfurnished,0.0,North,4,Bhopal,1161.0,3,3,3250000
Builder Floor Apartment,Unfurnished,1.0,Unknown,5,Bhopal,1000.0,2,1,1050000
Residential House,Furnished,2.0,Unknown,2,Bhopal,1000.0,6,4,8500000
Residential House,Unfurnished,0.0,Unknown,3,Bhopal,1000.0,5,5,9000000
Residential House,Unfurnished,0.0,East,1,Bhopal,700.0,2,1,7000000
Multistorey Apartment,Unfurnished,5.0,Unknown,5,Bhopal,1195.0,3,2,2700000
Residential House,Semi-Furnished,0.0,Unknown,2,Bhopal,1000.0,3,3,12000000
Builder Floor Apartment,Semi-Furnished,3.0,Unknown,4,Bhopal,1000.0,1,1,1050000
Villa,Furnished,2.0,East,3,Bhopal,1600.0,7,5,15000000
Multistorey Apartment,Semi-Furnished,2.0,Unknown,4,Bhopal,750.0,2,2,2300000
Multistorey Apartment,Unfurnished,1.0,East,5,Bhopal,1453.0,2,2,6000000
Multistorey Apartment,Unfurnished,2.0,Unknown,3,Bhopal,1000.0,2,2,1450000
Residential House,Unfurnished,0.0,West,2,Bhopal,1000.0,4,4,15000000
Multistorey Apartment,Unfurnished,1.0,Unknown,6,Bhopal,1000.0,2,1,2100000
Residential House,Furnished,0.0,East,2,Bhopal,1000.0,3,3,5100000
Residential House,Furnished,0.0,Unknown,2,Bhopal,1000.0,3,3,58000000
Residential House,Unfurnished,1.0,South - East,2,Bhopal,870.0,3,2,6000000
Multistorey Apartment,Semi-Furnished,5.0,Unknown,6,Bhopal,830.0,2,2,2700000
Villa,Semi-Furnished,2.0,Unknown,2,Bhopal,1614.0,3,2,9000000
Multistorey Apartment,Unfurnished,1.0,West,4,Bhopal,1000.0,2,2,2100000
Multistorey Apartment,Unfurnished,3.0,Unknown,4,Bhopal,65.0,3,2,2500000
Residential House,Unfurnished,2.0,Unknown,2,Bhopal,800.0,2,2,3000000
Builder Floor Apartment,Unfurnished,2.0,Unknown,3,Bhopal,1000.0,2,2,2000000
Multistorey Apartment,Unfurnished,6.0,East,7,Bhopal,1000.0,3,2,4200000
Builder Floor Apartment,Semi-Furnished,2.0,Unknown,4,Bhopal,1000.0,3,2,2000000
Multistorey Apartment,Semi-Furnished,1.0,Unknown,3,Bhopal,1000.0,1,1,1700000
Multistorey Apartment,Furnished,6.0,Unknown,6,Bhopal,1000.0,2,2,2500000
Multistorey Apartment,Unfurnished,1.0,East,5,Bhopal,1050.0,2,1,3000000
Multistorey Apartment,Furnished,6.0,Unknown,6,Bhopal,970.0,3,2,2950000
Builder Floor Apartment,Semi-Furnished,2.0,West,3,Bhopal,1000.0,2,2,2600000
Multistorey Apartment,Semi-Furnished,4.0,North - East,8,Bhopal,1160.0,3,2,6700000
Multistorey Apartment,Semi-Furnished,1.0,South - East,4,Bhopal,1000.0,2,2,3000000
Multistorey Apartment,Semi-Furnished,2.0,East,3,Bhopal,750.0,3,2,2950000
Multistorey Apartment,Furnished,2.0,Unknown,4,Bhopal,1000.0,2,2,2100000
Residential House,Furnished,2.0,Unknown,2,Bhopal,1000.0,5,5,7500000
Multistorey Apartment,Semi-Furnished,1.0,East,3,Bhopal,750.0,2,2,1950000
Multistorey Apartment,Unfurnished,1.0,Unknown,4,Bhopal,1000.0,2,2,2000000
Builder Floor Apartment,Semi-Furnished,2.0,Unknown,3,Bhopal,1000.0,2,2,2700000
Residential House,Semi-Furnished,2.0,Unknown,3,Bhopal,1000.0,3,2,12151151
Builder Floor Apartment,Semi-Furnished,0.0,Unknown,4,Bhopal,1000.0,3,2,3500000
Multistorey Apartment,Semi-Furnished,2.0,East,6,Bhopal,920.0,3,3,2700000
Multistorey Apartment,Semi-Furnished,3.0,Unknown,5,Bhopal,1000.0,2,2,2600000
Multistorey Apartment,Semi-Furnished,5.0,Unknown,6,Bhopal,1000.0,2,2,2100000
Residential House,Unfurnished,2.0,Unknown,2,Bhopal,1000.0,3,2,3000000
Villa,Semi-Furnished,2.0,Unknown,2,Bhopal,1500.0,3,4,6500000
Residential House,Unfurnished,2.0,West,2,Bhopal,1500.0,4,4,11000000
Multistorey Apartment,Unfurnished,1.0,Unknown,11,Bhopal,1000.0,2,2,9500000
Multistorey Apartment,Unfurnished,4.0,East,4,Mumbai,483.0,2,2,15500000
Multistorey Apartment,Semi-Furnished,4.0,Unknown,4,Mumbai,1000.0,1,1,2700000
Multistorey Apartment,Unfurnished,4.0,South - East,4,Mumbai,750.0,2,2,7000000
Multistorey Apartment,Unfurnished,1.0,Unknown,6,Mumbai,1000.0,1,1,9600000
Multistorey Apartment,Unfurnished,12.0,Unknown,16,Mumbai,470.0,1,2,11000000
Multistorey Apartment,Semi-Furnished,20.0,South - East,35,Mumbai,850.0,2,2,23000000
Multistorey Apartment,Semi-Furnished,1.0,Unknown,5,Bhopal,380.0,1,1,800000
Multistorey Apartment,Semi-Furnished,2.0,South - East,7,Mumbai,635.0,2,2,30000000
Multistorey Apartment,Unfurnished,6.0,West,7,Mumbai,400.0,1,2,7500000
Multistorey Apartment,Furnished,2.0,East,3,Mumbai,650.0,2,2,23500000
Multistorey Apartment,Unfurnished,2.0,Unknown,6,Mumbai,520.0,1,2,15500000
Multistorey Apartment,Semi-Furnished,7.0,West,12,Mumbai,35.0,1,2,3500000
Multistorey Apartment,Furnished,11.0,North - West,26,Mumbai,531.0,2,2,11100000
Multistorey Apartment,Furnished,2.0,West,10,Mumbai,900.0,3,2,31500000
Multistorey Apartment,Unfurnished,2.0,North - East,23,Mumbai,720.0,2,2,15500000
Multistorey Apartment,Furnished,21.0,North,30,Mumbai,1848.0,4,4,102000000
Multistorey Apartment,Unfurnished,8.0,East,22,Mumbai,342.0,1,2,11800000
Multistorey Apartment,Semi-Furnished,5.0,East,7,Mumbai,450.0,1,1,16000000
Multistorey Apartment,Unfurnished,4.0,East,4,Mumbai,350.0,1,1,15000000
Multistorey Apartment,Unfurnished,35.0,North - East,67,Mumbai,944.0,2,3,56600000
Multistorey Apartment,Unfurnished,16.0,East,21,Mumbai,974.0,3,3,29000000
Multistorey Apartment,Semi-Furnished,2.0,South - East,40,Mumbai,409.0,1,2,9400000
Multistorey Apartment,Unfurnished,12.0,East,17,Mumbai,870.0,3,2,24000000
Multistorey Apartment,Furnished,-0.5,East,25,Mumbai,970.0,2,3,27500000
Multistorey Apartment,Unfurnished,1.0,Unknown,2,Jaipur,1000.0,2,2,5200000
Multistorey Apartment,Unfurnished,3.0,West,7,Mumbai,430.0,1,1,13500000
Residential House,Unfurnished,1.0,Unknown,1,Jaipur,111.0,3,2,10000000
Multistorey Apartment,Semi-Furnished,2.0,East,4,Mumbai,765.0,2,2,26700000
Multistorey Apartment,Furnished,5.0,Unknown,14,Jaipur,1000.0,3,4,5800000
Multistorey Apartment,Semi-Furnished,1.0,Unknown,4,Jaipur,1885.0,3,3,10500000
Multistorey Apartment,Unfurnished,7.0,Unknown,4,Jaipur,1000.0,2,2,3200000
Multistorey Apartment,Furnished,0.0,Unknown,15,Jaipur,1000.0,4,3,18750000
Builder Floor Apartment,Furnished,1.0,Unknown,3,Jaipur,1000.0,3,3,12500000
Builder Floor Apartment,Semi-Furnished,4.0,East,4,Jaipur,1000.0,3,2,6900000
Multistorey Apartment,Semi-Furnished,2.0,Unknown,3,Jaipur,1000.0,2,2,2700000
Multistorey Apartment,Furnished,2.0,Unknown,4,Jaipur,1000.0,3,3,6350000
Multistorey Apartment,Semi-Furnished,8.0,Unknown,4,Jaipur,1000.0,2,2,3800000
Builder Floor Apartment,Unfurnished,1.0,West,2,Jaipur,1000.0,2,3,2900000
Builder Floor Apartment,Unfurnished,1.0,East,1,Jaipur,1000.0,4,3,10000000
Residential House,Furnished,2.0,Unknown,1,Jaipur,1000.0,3,3,3500000
Residential House,Semi-Furnished,3.0,West,4,Jaipur,8000.0,7,5,30000000
Multistorey Apartment,Unfurnished,0.0,Unknown,3,Jaipur,1000.0,3,2,5700000
Villa,Semi-Furnished,2.0,East,2,Jaipur,525.0,2,1,2200000
Residential House,Unfurnished,2.0,Unknown,2,Jaipur,1000.0,4,2,14000000
Multistorey Apartment,Furnished,1.0,Unknown,4,Jaipur,1200.0,3,3,5200000
Multistorey Apartment,Unfurnished,1.0,East,4,Chandigarh,600.0,2,2,2975000
Residential House,Semi-Furnished,0.0,North - West,2,Jaipur,2400.0,5,5,20000000
Multistorey Apartment,Semi-Furnished,4.0,North,14,Chandigarh,1000.0,3,3,10242000
Multistorey Apartment,Semi-Furnished,6.0,North - East,14,Chandigarh,949.0,3,3,10499000
Multistorey Apartment,Semi-Furnished,6.0,Unknown,13,Chandigarh,1000.0,2,2,5600000
Multistorey Apartment,Unfurnished,2.0,East,4,Chandigarh,1200.0,2,2,8700000
Multistorey Apartment,Semi-Furnished,2.0,North - East,10,Chandigarh,1000.0,4,4,10036400
Multistorey Apartment,Semi-Furnished,1.0,North,4,Jaipur,1200.0,2,2,4000000
Residential House,Unfurnished,0.0,North - West,2,Chandigarh,250.0,4,4,40000000
Builder Floor Apartment,Unfurnished,3.0,North,3,Chandigarh,843.0,2,2,4290000
Multistorey Apartment,Semi-Furnished,1.0,North - East,1,Chandigarh,984.0,3,3,7500000
Builder Floor Apartment,Semi-Furnished,4.0,North - East,6,Chandigarh,1150.0,3,3,7290000
Multistorey Apartment,Furnished,8.0,North - East,12,Chandigarh,1650.0,3,3,7200000
Multistorey Apartment,Semi-Furnished,1.0,North - West,3,Chandigarh,1000.0,2,2,13000000
Villa,Unfurnished,2.0,South - East,2,Chandigarh,1.0,5,5,110000000
Residential House,Furnished,2.0,East,3,Chandigarh,4000.0,7,6,57500000
Multistorey Apartment,Semi-Furnished,2.0,Unknown,3,Chandigarh,450.0,1,1,2000000
Villa,Semi-Furnished,2.0,North - East,2,Chandigarh,2.0,6,5,210000000
Residential House,Semi-Furnished,0.0,East,2,Chandigarh,252.0,6,5,75000000
Villa,Semi-Furnished,2.0,North,3,Chandigarh,4500.0,3,2,62500000
Multistorey Apartment,Unfurnished,5.0,North - East,12,Chandigarh,950.0,3,2,7200000
Multistorey Apartment,Semi-Furnished,3.0,North - East,13,Chandigarh,1400.0,3,3,11200000
Residential House,Unfurnished,0.0,Unknown,3,Chandigarh,1800.0,6,5,3250000000
Residential House,Unfurnished,2.0,South - East,3,Chandigarh,8.0,6,4,50000000
Multistorey Apartment,Semi-Furnished,8.0,North,16,Chandigarh,1800.0,4,4,10500000
Villa,Semi-Furnished,2.0,East,2,Bhopal,1000.0,3,3,5200000
Multistorey Apartment,Semi-Furnished,4.0,North - East,6,Chandigarh,1660.0,3,3,8000000
Residential House,Unfurnished,1.0,West,1,Bhopal,1000.0,2,1,5499000
Residential House,Unfurnished,2.0,Unknown,2,Bhopal,1000.0,3,3,6200000
Multistorey Apartment,Semi-Furnished,2.0,East,3,Chandigarh,1000.0,3,3,3498000
Villa,Unfurnished,2.0,North - West,2,Chandigarh,3000.0,4,2,50000000
Residential House,Unfurnished,0.0,South - East,1,Chandigarh,1000.0,2,2,28000000
Multistorey Apartment,Unfurnished,3.0,Unknown,7,Bhopal,1000.0,3,2,3500000
Residential House,Unfurnished,2.0,Unknown,1,Bhopal,1000.0,2,2,5500000
Multistorey Apartment,Semi-Furnished,1.0,Unknown,3,Bhopal,840.0,3,2,4500000
Multistorey Apartment,Furnished,2.0,Unknown,7,Bhopal,1000.0,3,2,5000000
Multistorey Apartment,Unfurnished,5.0,Unknown,4,Bhopal,958.0,3,2,2700000
Multistorey Apartment,Semi-Furnished,1.0,North,3,Bhopal,1000.0,2,2,2500000
Multistorey Apartment,Unfurnished,2.0,Unknown,3,Bhopal,650.0,2,2,1650000
Villa,Semi-Furnished,2.0,Unknown,2,Bhopal,1000.0,4,4,6500000
Builder Floor Apartment,Unfurnished,1.0,Unknown,3,Bhopal,1000.0,2,2,2300000
Multistorey Apartment,Semi-Furnished,1.0,Unknown,5,Bhopal,800.0,2,2,2500000
Multistorey Apartment,Unfurnished,6.0,West,18,Mumbai,530.0,2,2,13700000
Multistorey Apartment,Unfurnished,4.0,East,5,Bhopal,758.0,2,2,2000000
Multistorey Apartment,Semi-Furnished,3.0,East,6,Mumbai,423.0,1,1,9200000
Multistorey Apartment,Unfurnished,16.0,North - East,23,Mumbai,810.0,2,2,36000000
Multistorey Apartment,Semi-Furnished,2.0,Unknown,3,Bhopal,1000.0,3,2,3000000
Multistorey Apartment,Unfurnished,10.0,West,22,Mumbai,1000.0,3,2,27500000
Multistorey Apartment,Semi-Furnished,21.0,East,29,Mumbai,1200.0,3,3,50000000
Multistorey Apartment,Semi-Furnished,2.0,East,16,Mumbai,380.0,1,1,10500000
Multistorey Apartment,Unfurnished,10.0,East,15,Mumbai,737.0,2,2,21500000
Multistorey Apartment,Unfurnished,12.0,East,21,Mumbai,943.0,3,3,29000000
Multistorey Apartment,Furnished,17.0,East,19,Mumbai,1180.0,3,3,43000000
Multistorey Apartment,Furnished,4.0,North,4,Mumbai,1600.0,4,3,80000000
Multistorey Apartment,Unfurnished,13.0,East,29,Mumbai,1610.0,4,3,66500000
Multistorey Apartment,Furnished,14.0,East,16,Mumbai,700.0,2,2,15500000
Multistorey Apartment,Semi-Furnished,8.0,East,13,Mumbai,780.0,2,2,17600000
Multistorey Apartment,Unfurnished,16.0,East,18,Mumbai,508.0,1,2,16500000
Multistorey Apartment,Unfurnished,36.0,East,60,Mumbai,1393.0,4,4,67500000
Multistorey Apartment,Furnished,24.0,South -West,30,Mumbai,2000.0,4,4,100000000
Multistorey Apartment,Unfurnished,5.0,Unknown,12,Mumbai,555.0,2,2,17600000
Multistorey Apartment,Unfurnished,2.0,East,4,Mumbai,400.0,1,2,5500000
Multistorey Apartment,Unfurnished,28.0,West,35,Mumbai,349.0,1,1,9300000
Multistorey Apartment,Unfurnished,14.0,East,22,Mumbai,658.0,2,2,19500000
Multistorey Apartment,Furnished,13.0,East,28,Mumbai,850.0,2,2,24500000
Multistorey Apartment,Unfurnished,5.0,West,11,Mumbai,1900.0,4,4,145000000
Multistorey Apartment,Semi-Furnished,6.0,North,15,Mumbai,2340.0,4,4,97500000
Multistorey Apartment,Unfurnished,10.0,East,18,Mumbai,1466.0,4,4,48500000
Multistorey Apartment,Unfurnished,4.0,East,10,Mumbai,850.0,2,2,43500000
Multistorey Apartment,Semi-Furnished,0.0,Unknown,3,Jaipur,950.0,3,3,3500000
Residential House,Semi-Furnished,0.0,Unknown,2,Jaipur,1000.0,5,3,12500000
Multistorey Apartment,Semi-Furnished,6.0,Unknown,7,Jaipur,1000.0,1,1,1550000
Multistorey Apartment,Semi-Furnished,1.0,Unknown,4,Jaipur,1000.0,1,2,1800000
Multistorey Apartment,Furnished,13.0,North - East,20,Mumbai,800.0,2,2,25100000
Multistorey Apartment,Unfurnished,5.0,West,18,Mumbai,700.0,2,2,16500000
Villa,Semi-Furnished,2.0,West,2,Jaipur,1400.0,3,3,5500000
Builder Floor Apartment,Semi-Furnished,1.0,Unknown,2,Jaipur,1000.0,4,1,3500000
Multistorey Apartment,Unfurnished,5.0,Unknown,10,Jaipur,1000.0,3,3,9900000
Residential House,Unknown,2.0,Unknown,4,Jaipur,1000.0,5,2,12500000
Multistorey Apartment,Furnished,1.0,Unknown,10,Jaipur,945.0,2,2,3200000
Residential House,Furnished,0.0,Unknown,1,Jaipur,1000.0,5,3,20000000
Villa,Unfurnished,2.0,East,2,Jaipur,1000.0,3,3,5500000
Multistorey Apartment,Semi-Furnished,7.0,Unknown,12,Jaipur,1000.0,2,2,4500000
Multistorey Apartment,Semi-Furnished,2.0,North,2,Jaipur,900.0,3,2,5200000
Multistorey Apartment,Furnished,6.0,Unknown,14,Jaipur,650.0,2,2,2500000
Residential House,Unfurnished,2.0,East,2,Jaipur,2700.0,5,3,16000000
Multistorey Apartment,Semi-Furnished,3.0,Unknown,4,Jaipur,1000.0,2,1,2600000
Multistorey Apartment,Semi-Furnished,3.0,Unknown,4,Jaipur,1000.0,3,3,4000000
Builder Floor Apartment,Unfurnished,1.0,Unknown,3,Jaipur,1000.0,2,2,2500000
Residential House,Unfurnished,0.0,Unknown,2,Jaipur,1000.0,4,2,8000000
Villa,Unfurnished,2.0,West,2,Jaipur,1000.0,4,3,3600000
Residential House,Semi-Furnished,0.0,East,1,Jaipur,1000.0,4,3,5700000
Multistorey Apartment,Semi-Furnished,6.0,Unknown,10,Jaipur,1000.0,2,2,4500000
Multistorey Apartment,Furnished,2.0,Unknown,4,Jaipur,1000.0,3,3,4100000
Multistorey Apartment,Semi-Furnished,2.0,Unknown,4,Chandigarh,1000.0,1,1,3920000
Multistorey Apartment,Semi-Furnished,4.0,North - East,4,Chandigarh,1390.0,3,3,7981000
Multistorey Apartment,Semi-Furnished,5.0,Unknown,4,Jaipur,1000.0,2,2,4200000
Multistorey Apartment,Furnished,2.0,Unknown,2,Jaipur,200.0,2,1,2000000
Multistorey Apartment,Semi-Furnished,1.0,Unknown,8,Jaipur,1000.0,2,2,4250000
Residential House,Unfurnished,0.0,South -West,2,Chandigarh,1000.0,4,4,45000000
Builder Floor Apartment,Unfurnished,2.0,East,3,Chandigarh,800.0,3,2,3790000
Multistorey Apartment,Semi-Furnished,2.0,Unknown,13,Chandigarh,1000.0,4,3,16507950
Multistorey Apartment,Furnished,2.0,Unknown,6,Chandigarh,1000.0,2,2,7894894
Multistorey Apartment,Unfurnished,5.0,North - East,11,Chandigarh,954.0,3,3,7780500
Multistorey Apartment,Semi-Furnished,1.0,East,10,Chandigarh,1400.0,3,3,7500000
Multistorey Apartment,Semi-Furnished,2.0,North,2,Chandigarh,1120.0,3,3,6675000
Multistorey Apartment,Semi-Furnished,7.0,East,17,Chandigarh,1000.0,3,3,7200000
Multistorey Apartment,Unfurnished,7.0,East,14,Chandigarh,1460.0,3,3,7500000
Builder Floor Apartment,Semi-Furnished,3.0,North,4,Chandigarh,700.0,2,2,2800000
Multistorey Apartment,Semi-Furnished,6.0,North - East,15,Chandigarh,1300.0,3,3,9140000
Multistorey Apartment,Semi-Furnished,2.0,North - West,2,Chandigarh,1500.0,4,3,16000000
Builder Floor Apartment,Unfurnished,4.0,West,4,Chandigarh,900.0,3,3,7750000
Multistorey Apartment,Semi-Furnished,5.0,North - East,12,Chandigarh,1250.0,3,3,10647000
Residential House,Furnished,2.0,East,3,Bhopal,2000.0,10,8,21000000
Builder Floor Apartment,Unfurnished,0.0,Unknown,3,Bhopal,1000.0,3,2,3800000
Villa,Unfurnished,2.0,East,1,Bhopal,1000.0,2,2,3800000
Residential House,Unfurnished,1.0,North,3,Bhopal,800.0,6,6,10000000
Villa,Semi-Furnished,2.0,Unknown,2,Bhopal,1100.0,4,5,7000000
Multistorey Apartment,Semi-Furnished,3.0,West,3,Bhopal,900.0,2,2,3000000
Residential House,Unfurnished,0.0,Unknown,2,Bhopal,1000.0,3,4,5700000
Multistorey Apartment,Unfurnished,3.0,Unknown,3,Bhopal,1000.0,3,2,4500000
Multistorey Apartment,Semi-Furnished,6.0,Unknown,8,Bhopal,1000.0,2,2,3300000
Multistorey Apartment,Semi-Furnished,1.0,West,6,Bhopal,720.0,2,2,2600000
Residential House,Unfurnished,1.0,Unknown,3,Bhopal,2000.0,4,3,12000000
Multistorey Apartment,Unfurnished,1.0,Unknown,3,Bhopal,550.0,2,1,3200000
Multistorey Apartment,Unfurnished,3.0,Unknown,4,Bhopal,1000.0,2,2,1800000
Multistorey Apartment,Unfurnished,2.0,Unknown,2,Bhopal,850.0,2,2,2500000
Multistorey Apartment,Semi-Furnished,1.0,Unknown,6,Bhopal,490.0,1,1,1500000
Residential House,Unfurnished,2.0,Unknown,1,Bhopal,450.0,1,1,1200000
Villa,Unfurnished,2.0,West,2,Bhopal,2150.0,4,4,10200000
Villa,Semi-Furnished,2.0,East,2,Bhopal,3500.0,4,6,36500000
Residential House,Semi-Furnished,1.0,Unknown,2,Bhopal,1000.0,6,6,10000000
Residential House,Furnished,2.0,West,1,Bhopal,850.0,1,1,4200000
Residential House,Unfurnished,1.0,East,2,Bhopal,1100.0,2,1,2250000
Multistorey Apartment,Unfurnished,8.0,East,8,Mumbai,630.0,2,2,16000000
Multistorey Apartment,Semi-Furnished,12.0,Unknown,22,Mumbai,368.0,1,1,8809920
Multistorey Apartment,Unfurnished,4.0,East,51,Mumbai,1368.0,3,3,66000000
Multistorey Apartment,Unfurnished,8.0,East,20,Mumbai,560.0,2,2,14500000
Multistorey Apartment,Furnished,11.0,West,16,Mumbai,1000.0,3,3,55000000
Multistorey Apartment,Semi-Furnished,16.0,East,22,Mumbai,1060.0,3,3,26500000
Multistorey Apartment,Unfurnished,5.0,North,7,Mumbai,700.0,2,2,21400000
Multistorey Apartment,Furnished,5.0,West,5,Mumbai,1100.0,2,2,40000000
Multistorey Apartment,Unfurnished,2.0,Unknown,54,Mumbai,1000.0,1,1,9000000
Multistorey Apartment,Unfurnished,1.0,East,7,Mumbai,725.0,2,2,12500000
Multistorey Apartment,Unfurnished,2.0,East,4,Bhopal,1000.0,3,2,2900000
Multistorey Apartment,Semi-Furnished,20.0,East,47,Mumbai,877.0,2,2,47900000
Multistorey Apartment,Unfurnished,10.0,West,27,Mumbai,1797.0,3,3,60000000
Multistorey Apartment,Semi-Furnished,7.0,North - East,8,Mumbai,925.0,2,2,37500000
Studio Apartment,Unfurnished,0.0,West,7,Mumbai,240.0,3,1,3650000
Multistorey Apartment,Furnished,3.0,Unknown,15,Mumbai,1200.0,3,3,35000000
Multistorey Apartment,Furnished,2.0,Unknown,18,Mumbai,850.0,3,3,24000000
Multistorey Apartment,Unfurnished,6.0,East,19,Mumbai,510.0,1,2,19000000
Multistorey Apartment,Semi-Furnished,7.0,East,8,Mumbai,353.0,1,1,11000000
Multistorey Apartment,Furnished,6.0,West,6,Mumbai,750.0,2,2,29000000
Multistorey Apartment,Unfurnished,3.0,East,4,Mumbai,430.0,1,2,22500000
Multistorey Apartment,Unfurnished,2.0,East,4,Mumbai,450.0,1,2,11000000
Multistorey Apartment,Semi-Furnished,1.0,Unknown,4,Jaipur,1000.0,2,2,4000000
Multistorey Apartment,Furnished,1.0,West,2,Jaipur,1000.0,2,2,8500000
Multistorey Apartment,Furnished,7.0,East,4,Mumbai,2500.0,6,6,55000000
Residential House,Semi-Furnished,2.0,Unknown,1,Jaipur,1000.0,4,4,8000000
Residential House,Unfurnished,2.0,Unknown,1,Jaipur,1000.0,3,2,2500000
Multistorey Apartment,Unfurnished,12.0,East,20,Mumbai,1096.0,3,3,45500000
Multistorey Apartment,Unfurnished,2.0,East,3,Mumbai,450.0,1,2,11500000
Builder Floor Apartment,Semi-Furnished,3.0,Unknown,4,Jaipur,1000.0,2,2,2200000
Multistorey Apartment,Furnished,0.0,East,4,Jaipur,1000.0,3,2,3500000
Multistorey Apartment,Semi-Furnished,2.0,Unknown,2,Jaipur,1000.0,3,2,4500000
Builder Floor Apartment,Semi-Furnished,0.0,Unknown,3,Jaipur,1000.0,3,2,3500000
Multistorey Apartment,Furnished,1.0,Unknown,12,Jaipur,1000.0,2,2,2200000
Multistorey Apartment,Unfurnished,5.0,Unknown,11,Jaipur,238.0,2,2,4000000
Builder Floor Apartment,Semi-Furnished,1.0,Unknown,3,Jaipur,1000.0,2,1,3200000
Builder Floor Apartment,Semi-Furnished,3.0,Unknown,3,Jaipur,1000.0,3,3,7500000
Residential House,Unfurnished,2.0,Unknown,1,Jaipur,1650.0,2,2,6000000
Multistorey Apartment,Semi-Furnished,2.0,Unknown,4,Jaipur,1237.0,2,2,12500000
Multistorey Apartment,Semi-Furnished,1.0,Unknown,3,Jaipur,1000.0,3,2,7500000
Builder Floor Apartment,Semi-Furnished,1.0,Unknown,2,Jaipur,1000.0,2,2,2500000
Builder Floor Apartment,Semi-Furnished,2.0,Unknown,3,Jaipur,1000.0,3,2,4500000
Multistorey Apartment,Unfurnished,3.0,East,3,Jaipur,1000.0,3,3,12000000
Multistorey Apartment,Unfurnished,1.0,Unknown,4,Jaipur,1000.0,2,2,3500000
Builder Floor Apartment,Semi-Furnished,2.0,Unknown,3,Jaipur,1000.0,3,2,5000000
Builder Floor Apartment,Semi-Furnished,-1.0,Unknown,5,Jaipur,1000.0,10,10,27500000
Builder Floor Apartment,Furnished,3.0,Unknown,4,Jaipur,1000.0,2,2,4500000
Residential House,Semi-Furnished,0.0,West,3,Jaipur,1000.0,4,4,12500000
Multistorey Apartment,Semi-Furnished,4.0,North - East,4,Jaipur,900.0,2,2,6700000
Multistorey Apartment,Semi-Furnished,5.0,North - East,19,Chandigarh,1000.0,4,5,21970000
Multistorey Apartment,Semi-Furnished,5.0,North - East,14,Chandigarh,1790.0,4,5,16507950
Multistorey Apartment,Semi-Furnished,3.0,East,3,Chandigarh,1000.0,3,3,9600000
Builder Floor Apartment,Semi-Furnished,2.0,North - East,3,Chandigarh,1360.0,3,3,6975000
Multistorey Apartment,Semi-Furnished,8.0,North,12,Chandigarh,1000.0,3,3,8500000
Builder Floor Apartment,Semi-Furnished,1.0,East,4,Chandigarh,1100.0,3,3,7990000
Multistorey Apartment,Semi-Furnished,2.0,North - East,4,Chandigarh,1350.0,3,3,7200000
Multistorey Apartment,Semi-Furnished,2.0,North - East,4,Chandigarh,1050.0,3,3,7011000
Multistorey Apartment,Furnished,8.0,North - East,13,Chandigarh,1741.0,4,4,19989000
Multistorey Apartment,Semi-Furnished,2.0,North - East,4,Chandigarh,1000.0,3,3,6300000
Multistorey Apartment,Unfurnished,1.0,North - East,2,Chandigarh,1150.0,3,3,6380000
Builder Floor Apartment,Semi-Furnished,2.0,East,4,Chandigarh,1050.0,3,3,7000000
Multistorey Apartment,Semi-Furnished,7.0,North - East,10,Chandigarh,1000.0,4,4,9400000
Builder Floor Apartment,Semi-Furnished,1.0,East,2,Chandigarh,1415.0,3,3,6499000
Multistorey Apartment,Semi-Furnished,2.0,North - East,5,Chandigarh,1000.0,3,3,5000000
Multistorey Apartment,Semi-Furnished,2.0,East,14,Chandigarh,980.0,3,3,8050000
Multistorey Apartment,Semi-Furnished,5.0,North - East,13,Chandigarh,1741.0,4,3,20400000
Multistorey Apartment,Semi-Furnished,5.0,North - West,11,Chandigarh,800.0,3,2,8290000
Multistorey Apartment,Semi-Furnished,4.0,Unknown,8,Bhopal,1000.0,2,2,2800000
Residential House,Furnished,0.0,Unknown,4,Bhopal,1000.0,5,5,30000000
Multistorey Apartment,Semi-Furnished,8.0,East,12,Chandigarh,1000.0,3,3,11000000
Multistorey Apartment,Semi-Furnished,2.0,South,3,Bhopal,600.0,2,2,3000000
Multistorey Apartment,Semi-Furnished,4.0,Unknown,7,Bhopal,1400.0,3,2,3500000
Multistorey Apartment,Unfurnished,2.0,North,2,Bhopal,1000.0,2,2,2000000
Multistorey Apartment,Unfurnished,3.0,Unknown,5,Bhopal,850.0,2,2,2000000
Multistorey Apartment,Semi-Furnished,2.0,West,4,Bhopal,600.0,2,1,2200000
Multistorey Apartment,Unfurnished,4.0,Unknown,6,Bhopal,1000.0,2,2,2000000
Villa,Semi-Furnished,2.0,West,2,Bhopal,1000.0,4,5,7000000
Multistorey Apartment,Unfurnished,2.0,Unknown,5,Bhopal,652.0,2,2,2000000
Villa,Semi-Furnished,2.0,Unknown,2,Bhopal,1490.0,3,3,6500000
Villa,Unfurnished,2.0,Unknown,4,Bhopal,1000.0,1,1,1600000
Multistorey Apartment,Unfurnished,2.0,North - West,6,Bhopal,860.0,2,2,2800000
Multistorey Apartment,Furnished,2.0,Unknown,4,Bhopal,750.0,2,1,2000000
Residential House,Semi-Furnished,0.0,West,1,Bhopal,1100.0,2,2,5000000
Residential House,Unfurnished,0.0,Unknown,2,Bhopal,1000.0,5,5,12500000
Builder Floor Apartment,Unfurnished,0.0,North,2,Bhopal,1000.0,2,1,2200000
Villa,Furnished,2.0,South,1,Bhopal,1000.0,7,8,50000000
Residential House,Unfurnished,2.0,East,2,Bhopal,1200.0,4,2,3000000
Residential House,Semi-Furnished,2.0,Unknown,1,Bhopal,1150.0,4,3,7400000
Multistorey Apartment,Unfurnished,3.0,Unknown,4,Bhopal,1000.0,2,2,2900000
Multistorey Apartment,Semi-Furnished,4.0,North - East,7,Mumbai,430.0,1,2,6800000
Multistorey Apartment,Unfurnished,10.0,North,10,Mumbai,716.0,2,2,30500000
Residential House,Furnished,-1.0,Unknown,10,Mumbai,800.0,2,2,45000000
Builder Floor Apartment,Unfurnished,1.0,Unknown,3,Bhopal,1000.0,2,2,2600000
Multistorey Apartment,Semi-Furnished,6.0,South - East,6,Bhopal,800.0,2,2,2700000
Multistorey Apartment,Semi-Furnished,16.0,East,17,Mumbai,535.0,2,2,11500000
Multistorey Apartment,Furnished,7.0,North,16,Mumbai,330.0,1,1,11500000
Multistorey Apartment,Semi-Furnished,6.0,East,53,Mumbai,1133.0,3,3,54200000
Multistorey Apartment,Unfurnished,-1.0,East,13,Mumbai,800.0,2,2,14500000
Multistorey Apartment,Semi-Furnished,30.0,Unknown,47,Mumbai,1000.0,3,3,60000000
Multistorey Apartment,Unfurnished,4.0,North - East,14,Mumbai,1000.0,2,2,18500000
Multistorey Apartment,Unfurnished,14.0,East,21,Mumbai,400.0,1,2,13000000
Multistorey Apartment,Unfurnished,4.0,North - East,22,Mumbai,1200.0,3,3,32000000
Multistorey Apartment,Unfurnished,2.0,East,50,Mumbai,850.0,2,2,55000000
Multistorey Apartment,Unfurnished,19.0,East,33,Mumbai,1250.0,3,3,35000000
Multistorey Apartment,Furnished,6.0,East,7,Mumbai,1000.0,1,1,13500000
Multistorey Apartment,Unfurnished,20.0,East,36,Mumbai,807.0,2,2,19600000
Multistorey Apartment,Furnished,5.0,Unknown,11,Jaipur,1000.0,2,2,2500000
Multistorey Apartment,Unknown,1.0,Unknown,1,Jaipur,1000.0,3,2,6790000
Residential House,Unfurnished,2.0,Unknown,1,Jaipur,220.0,4,4,11000000
Multistorey Apartment,Furnished,13.0,East,16,Mumbai,1250.0,4,4,28000000
Studio Apartment,Unknown,2.0,Unknown,4,Jaipur,1000.0,3,2,1250000
Multistorey Apartment,Unknown,2.0,Unknown,4,Jaipur,760.0,3,2,2100000
Multistorey Apartment,Semi-Furnished,1.0,Unknown,2,Jaipur,1000.0,2,2,6000000
Builder Floor Apartment,Furnished,2.0,Unknown,3,Jaipur,1000.0,3,3,5500000
Villa,Furnished,2.0,North,2,Jaipur,720.0,3,2,12000000
Multistorey Apartment,Unfurnished,2.0,Unknown,12,Jaipur,1000.0,2,2,4300000
Multistorey Apartment,Furnished,5.0,North - East,4,Jaipur,1000.0,3,2,8500000
Multistorey Apartment,Semi-Furnished,4.0,North - East,14,Chandigarh,1000.0,3,3,12288000
Builder Floor Apartment,Semi-Furnished,2.0,Unknown,4,Jaipur,1000.0,3,2,3200000
Multistorey Apartment,Semi-Furnished,6.0,North - East,13,Chandigarh,1247.0,3,3,9823000
Multistorey Apartment,Semi-Furnished,3.0,North - East,22,Chandigarh,994.0,3,3,10048940
Multistorey Apartment,Unfurnished,8.0,East,15,Chandigarh,1685.0,3,3,8900000
Multistorey Apartment,Semi-Furnished,10.0,North - East,13,Chandigarh,950.0,2,2,6600000
Multistorey Apartment,Semi-Furnished,1.0,North,10,Chandigarh,1600.0,3,3,5190000
Multistorey Apartment,Semi-Furnished,2.0,North - East,6,Chandigarh,1150.0,3,3,7690000
Villa,Semi-Furnished,2.0,North - East,3,Chandigarh,2800.0,5,5,15100000
Residential House,Unfurnished,2.0,North,3,Chandigarh,3150.0,6,4,45000000
Residential House,Unfurnished,0.0,South - East,2,Chandigarh,250.0,4,4,50000000
Multistorey Apartment,Semi-Furnished,2.0,North - East,7,Chandigarh,1000.0,3,3,7990000
Villa,Unfurnished,2.0,South - East,3,Chandigarh,3500.0,6,5,32500000
Multistorey Apartment,Semi-Furnished,3.0,North - East,3,Chandigarh,1200.0,3,2,15500000
Residential House,Semi-Furnished,2.0,North - West,3,Chandigarh,8.0,3,8,47000000
Residential House,Unfurnished,0.0,North - West,2,Chandigarh,4125.0,6,5,55000000
Multistorey Apartment,Semi-Furnished,5.0,North - East,13,Chandigarh,2500.0,5,5,22500000
Builder Floor Apartment,Semi-Furnished,2.0,North - East,3,Chandigarh,900.0,2,2,2690000
Multistorey Apartment,Semi-Furnished,10.0,North,16,Chandigarh,1500.0,3,4,8500000
Villa,Semi-Furnished,2.0,North - East,2,Chandigarh,1.0,4,5,115000000
Villa,Semi-Furnished,2.0,East,3,Chandigarh,3500.0,6,6,50000000
Residential House,Unfurnished,0.0,South - East,3,Chandigarh,1000.0,5,4,21000000
Multistorey Apartment,Semi-Furnished,0.0,East,2,Chandigarh,1500.0,3,2,20000000
Multistorey Apartment,Semi-Furnished,1.0,West,5,Bhopal,708.0,2,2,2500000
Residential House,Unfurnished,2.0,Unknown,1,Bhopal,450.0,1,1,2000000
Builder Floor Apartment,Semi-Furnished,2.0,Unknown,2,Bhopal,1000.0,3,2,3200000
Villa,Unfurnished,2.0,East,1,Bhopal,600.0,3,2,1799000
Multistorey Apartment,Unfurnished,2.0,Unknown,5,Bhopal,1000.0,4,4,5500000
Builder Floor Apartment,Semi-Furnished,2.0,Unknown,2,Bhopal,1000.0,2,2,2000000
Residential House,Semi-Furnished,2.0,Unknown,1,Bhopal,1250.0,3,2,5000000
Multistorey Apartment,Semi-Furnished,10.0,Unknown,16,Bhopal,1000.0,2,2,7000000
Multistorey Apartment,Furnished,3.0,Unknown,5,Bhopal,1270.0,3,2,4200000
Residential House,Furnished,0.0,Unknown,3,Bhopal,800.0,3,3,3000000
Residential House,Unknown,2.0,Unknown,4,Bhopal,1000.0,4,2,7300000
Multistorey Apartment,Furnished,3.0,Unknown,3,Bhopal,1000.0,3,2,3900000
Residential House,Unfurnished,1.0,North - West,2,Bhopal,700.0,4,2,3500000
Multistorey Apartment,Unfurnished,2.0,East,2,Bhopal,670.0,1,1,1500000
Villa,Furnished,2.0,East,3,Bhopal,6000.0,8,8,40000000
Multistorey Apartment,Semi-Furnished,1.0,Unknown,4,Bhopal,1000.0,2,2,2500000
Residential House,Semi-Furnished,0.0,Unknown,2,Bhopal,1000.0,4,3,4500000
Multistorey Apartment,Unfurnished,1.0,East,6,Bhopal,1000.0,3,2,3200000
Residential House,Unfurnished,2.0,Unknown,1,Bhopal,1000.0,2,2,3500000
Residential House,Unfurnished,2.0,Unknown,3,Bhopal,1000.0,3,3,2500000
Residential House,Unfurnished,1.0,West,2,Bhopal,950.0,4,3,6600000
Multistorey Apartment,Semi-Furnished,2.0,East,2,Bhopal,720.0,2,2,2800000
Multistorey Apartment,Semi-Furnished,4.0,Unknown,10,Bhopal,1000.0,3,3,4500000
Residential House,Semi-Furnished,2.0,Unknown,2,Bhopal,1000.0,4,5,6000000
Multistorey Apartment,Unfurnished,1.0,East,5,Bhopal,1000.0,2,2,2500000
Multistorey Apartment,Unfurnished,36.0,North - West,50,Mumbai,1245.0,3,3,48000000
Multistorey Apartment,Unfurnished,8.0,North - East,17,Mumbai,675.0,2,2,15500000
Multistorey Apartment,Unfurnished,10.0,West,20,Mumbai,360.0,1,1,20000000
Multistorey Apartment,Semi-Furnished,3.0,East,7,Mumbai,350.0,1,1,7500000
Multistorey Apartment,Unfurnished,0.0,North - East,3,Mumbai,675.0,2,2,14000000
Multistorey Apartment,Unfurnished,11.0,West,21,Mumbai,450.0,1,2,20000000
Multistorey Apartment,Unfurnished,20.0,North,23,Mumbai,287.0,1,1,3500500
Multistorey Apartment,Furnished,1.0,East,4,Mumbai,470.0,1,1,9000000
Multistorey Apartment,Furnished,0.0,West,8,Mumbai,930.0,3,3,29000000
Multistorey Apartment,Semi-Furnished,2.0,North,21,Mumbai,1000.0,3,3,31500000
Multistorey Apartment,Unfurnished,39.0,West,62,Mumbai,3090.0,4,5,175000000
Multistorey Apartment,Semi-Furnished,5.0,East,13,Mumbai,700.0,2,2,45000000
Multistorey Apartment,Unfurnished,7.0,East,7,Mumbai,413.0,1,2,9600000
Multistorey Apartment,Unfurnished,16.0,North - West,27,Mumbai,1060.0,3,3,52500000
Multistorey Apartment,Semi-Furnished,7.0,Unknown,12,Mumbai,1000.0,2,2,13500000
Multistorey Apartment,Furnished,21.0,North - East,28,Mumbai,994.0,2,2,33500000
Multistorey Apartment,Unfurnished,2.0,Unknown,23,Mumbai,850.0,3,3,20000000
Multistorey Apartment,Unfurnished,15.0,East,19,Mumbai,650.0,2,2,16800000
Villa,Semi-Furnished,2.0,North - West,1,Jaipur,700.0,2,2,2700000
Multistorey Apartment,Unfurnished,3.0,Unknown,5,Jaipur,1200.0,2,2,5000000
Multistorey Apartment,Semi-Furnished,1.0,Unknown,3,Jaipur,775.0,2,2,3200000
Multistorey Apartment,Furnished,1.0,North - East,12,Jaipur,1100.0,2,2,4200000
Multistorey Apartment,Furnished,2.0,North - East,5,Jaipur,1400.0,3,2,6500000
Multistorey Apartment,Semi-Furnished,0.0,Unknown,2,Jaipur,1000.0,3,2,4300000
Villa,Furnished,2.0,West,2,Jaipur,1300.0,3,3,5100000
Residential House,Semi-Furnished,0.0,West,1,Jaipur,1170.0,2,2,13000000
Villa,Semi-Furnished,2.0,West,2,Jaipur,62.0,3,2,4200000
Multistorey Apartment,Unfurnished,4.0,Unknown,10,Jaipur,1000.0,1,1,1400000
Multistorey Apartment,Unfurnished,1.0,Unknown,8,Jaipur,915.0,3,2,5000000
Builder Floor Apartment,Semi-Furnished,1.0,Unknown,4,Jaipur,1000.0,3,3,6000000
Multistorey Apartment,Unfurnished,4.0,North,4,Jaipur,1500.0,4,4,6500000
Multistorey Apartment,Semi-Furnished,0.0,Unknown,2,Jaipur,1200.0,3,2,7000000
Multistorey Apartment,Semi-Furnished,3.0,East,4,Jaipur,1000.0,3,3,10000000
Multistorey Apartment,Unfurnished,6.0,South - East,7,Jaipur,1100.0,2,2,6500000
Multistorey Apartment,Semi-Furnished,5.0,West,4,Jaipur,1000.0,3,3,25000000
Residential House,Unfurnished,2.0,North,1,Jaipur,2200.0,3,3,25000000
Multistorey Apartment,Semi-Furnished,5.0,North - East,13,Chandigarh,850.0,2,2,6900000
Villa,Unfurnished,2.0,East,3,Chandigarh,8000.0,3,2,142500000
Residential House,Unfurnished,0.0,Unknown,2,Chandigarh,4000.0,4,3,100000000
Multistorey Apartment,Unfurnished,8.0,North - East,18,Chandigarh,860.0,2,2,7500000
Builder Floor Apartment,Semi-Furnished,0.0,North - East,2,Chandigarh,1100.0,3,2,9500000
Multistorey Apartment,Semi-Furnished,2.0,East,3,Chandigarh,1000.0,3,3,3499000
Studio Apartment,Furnished,5.0,East,10,Jaipur,1000.0,3,1,2600000
Multistorey Apartment,Semi-Furnished,2.0,Unknown,4,Chandigarh,1000.0,3,2,8650000
Multistorey Apartment,Semi-Furnished,7.0,North - East,13,Chandigarh,2080.0,4,4,10500000
Multistorey Apartment,Semi-Furnished,2.0,Unknown,13,Chandigarh,1000.0,3,3,13715800
Multistorey Apartment,Furnished,2.0,Unknown,6,Chandigarh,1000.0,2,2,5220781
Multistorey Apartment,Semi-Furnished,7.0,North - East,24,Chandigarh,1385.0,3,3,11300000
Multistorey Apartment,Unfurnished,2.0,North,4,Chandigarh,1000.0,3,3,6850000
Builder Floor Apartment,Semi-Furnished,1.0,North - East,3,Chandigarh,1000.0,3,3,6790000
Multistorey Apartment,Semi-Furnished,1.0,East,10,Chandigarh,1300.0,3,3,6000000
Residential House,Semi-Furnished,0.0,North - West,3,Chandigarh,1000.0,6,5,55000000
Builder Floor Apartment,Semi-Furnished,1.0,North - East,3,Chandigarh,1065.0,3,3,6490000
Multistorey Apartment,Unfurnished,2.0,Unknown,4,Chandigarh,1000.0,3,3,7290000
Builder Floor Apartment,Unfurnished,3.0,South - East,4,Chandigarh,950.0,3,3,8500000
Multistorey Apartment,Semi-Furnished,2.0,North - East,11,Chandigarh,1687.0,4,4,10800000
Multistorey Apartment,Semi-Furnished,7.0,North - East,15,Chandigarh,1395.0,3,3,8500000
Multistorey Apartment,Semi-Furnished,3.0,North,4,Chandigarh,700.0,2,2,2800000
Multistorey Apartment,Semi-Furnished,7.0,North - East,11,Chandigarh,1150.0,3,2,5999999
Multistorey Apartment,Semi-Furnished,3.0,Unknown,6,Bhopal,1000.0,3,2,4500000
Builder Floor Apartment,Unfurnished,1.0,North - East,3,Bhopal,650.0,2,2,2200000
Residential House,Furnished,2.0,Unknown,3,Bhopal,3000.0,3,7,40000000
Multistorey Apartment,Furnished,4.0,East,4,Bhopal,1000.0,3,3,4500000
Residential House,Unfurnished,0.0,Unknown,2,Bhopal,1000.0,4,4,9500000
Multistorey Apartment,Unfurnished,3.0,Unknown,6,Bhopal,1000.0,1,1,1350000
Multistorey Apartment,Furnished,5.0,North - East,5,Bhopal,1460.0,2,2,6000000
Multistorey Apartment,Semi-Furnished,2.0,North - East,4,Bhopal,550.0,2,1,2500000
Multistorey Apartment,Semi-Furnished,6.0,North,10,Chandigarh,1000.0,1,1,3600000
Multistorey Apartment,Semi-Furnished,5.0,Unknown,6,Bhopal,850.0,2,2,2100000
Multistorey Apartment,Semi-Furnished,0.0,North - West,2,Chandigarh,1550.0,4,3,24000000
Multistorey Apartment,Semi-Furnished,5.0,North - East,6,Bhopal,699.0,2,2,2600000
Villa,Unfurnished,2.0,Unknown,3,Bhopal,1000.0,4,5,170000
Multistorey Apartment,Unfurnished,4.0,East,6,Bhopal,1000.0,3,2,3400000
Builder Floor Apartment,Semi-Furnished,2.0,North - East,3,Bhopal,1000.0,1,1,1400000
Builder Floor Apartment,Unfurnished,1.0,Unknown,4,Bhopal,1000.0,2,2,2100000
Multistorey Apartment,Unfurnished,6.0,Unknown,6,Bhopal,1000.0,3,2,3500000
Multistorey Apartment,Semi-Furnished,2.0,Unknown,6,Bhopal,400.0,1,1,1300000
Residential House,Unfurnished,1.0,Unknown,2,Bhopal,1000.0,6,5,17000000
Villa,Unfurnished,2.0,Unknown,1,Bhopal,1000.0,3,2,3600000
Multistorey Apartment,Unfurnished,1.0,East,4,Bhopal,650.0,2,2,2500000
Residential House,Unfurnished,2.0,Unknown,2,Bhopal,1000.0,8,3,5100000
Multistorey Apartment,Furnished,0.0,Unknown,6,Bhopal,690.0,2,2,2400000
Multistorey Apartment,Unfurnished,2.0,East,3,Bhopal,1000.0,2,2,2100000
Residential House,Furnished,2.0,Unknown,2,Bhopal,600.0,1,1,3800000
Multistorey Apartment,Semi-Furnished,2.0,Unknown,3,Bhopal,1000.0,3,2,3500000
Multistorey Apartment,Unfurnished,8.0,Unknown,8,Bhopal,1000.0,3,2,3300000
Multistorey Apartment,Semi-Furnished,2.0,Unknown,4,Bhopal,1000.0,3,2,2800000
Villa,Unfurnished,2.0,Unknown,3,Bhopal,1000.0,4,4,12000000
Multistorey Apartment,Furnished,0.0,Unknown,4,Bhopal,1000.0,2,2,2650000
Multistorey Apartment,Semi-Furnished,3.0,South,3,Bhopal,550.0,2,1,2400000
Multistorey Apartment,Unfurnished,3.0,West,6,Bhopal,1000.0,3,3,2550000
Residential House,Semi-Furnished,2.0,East,2,Bhopal,1100.0,3,3,7500000
Penthouse,Unfurnished,2.0,Unknown,2,Bhopal,1000.0,4,3,5800000
Multistorey Apartment,Semi-Furnished,6.0,Unknown,6,Bhopal,1150.0,3,2,5000000
Multistorey Apartment,Semi-Furnished,2.0,East,7,Mumbai,530.0,1,2,25000000
Multistorey Apartment,Unfurnished,5.0,Unknown,6,Bhopal,1000.0,2,1,1700000
Multistorey Apartment,Semi-Furnished,15.0,East,55,Mumbai,1000.0,4,4,80000000
Multistorey Apartment,Unfurnished,8.0,North - East,21,Mumbai,730.0,2,2,16000000
Multistorey Apartment,Semi-Furnished,5.0,North,22,Mumbai,700.0,2,2,23000000
Multistorey Apartment,Furnished,12.0,East,25,Mumbai,2500.0,3,3,70000000
Multistorey Apartment,Unfurnished,17.0,East,30,Mumbai,1670.0,3,4,59000000
Multistorey Apartment,Semi-Furnished,4.0,Unknown,24,Mumbai,390.0,1,1,8500000
Multistorey Apartment,Semi-Furnished,5.0,East,18,Mumbai,390.0,1,2,7500000
Studio Apartment,Unfurnished,10.0,East,20,Mumbai,300.0,3,1,3200000
Multistorey Apartment,Unfurnished,40.0,East,56,Mumbai,856.0,2,2,33300000
Multistorey Apartment,Semi-Furnished,0.0,East,3,Mumbai,565.0,1,2,25000000
Multistorey Apartment,Semi-Furnished,7.0,East,16,Mumbai,882.0,3,3,27000000
Multistorey Apartment,Semi-Furnished,4.0,North - West,7,Mumbai,956.0,2,2,26500000
Multistorey Apartment,Furnished,15.0,East,15,Mumbai,1100.0,3,3,21500000
Multistorey Apartment,Semi-Furnished,8.0,East,16,Mumbai,950.0,3,3,30000000
Multistorey Apartment,Unfurnished,10.0,North - East,10,Mumbai,1200.0,3,3,38000000
Multistorey Apartment,Unfurnished,18.0,East,22,Mumbai,430.0,2,2,23000000
Multistorey Apartment,Semi-Furnished,17.0,East,22,Mumbai,400.0,1,2,8800000
Multistorey Apartment,Semi-Furnished,18.0,North,20,Mumbai,766.0,2,2,10500000
Multistorey Apartment,Semi-Furnished,2.0,East,16,Mumbai,575.0,2,2,8540000
Studio Apartment,Furnished,13.0,East,20,Mumbai,235.0,3,1,3100000
Multistorey Apartment,Semi-Furnished,10.0,East,15,Mumbai,1050.0,3,3,22000000
Multistorey Apartment,Semi-Furnished,2.0,East,4,Jaipur,1100.0,2,2,6500000
Builder Floor Apartment,Unfurnished,2.0,Unknown,3,Jaipur,1000.0,2,2,3200000
Villa,Semi-Furnished,2.0,Unknown,4,Jaipur,1000.0,3,3,12500000
Multistorey Apartment,Semi-Furnished,1.0,Unknown,3,Jaipur,1000.0,2,2,5500000
Multistorey Apartment,Furnished,1.0,Unknown,3,Jaipur,1000.0,3,4,9500000
Multistorey Apartment,Semi-Furnished,20.0,East,37,Mumbai,650.0,2,2,21000000
Multistorey Apartment,Furnished,12.0,North - East,16,Mumbai,742.0,2,2,12500000
Multistorey Apartment,Unfurnished,2.0,Unknown,11,Jaipur,287.0,1,1,1251000
Multistorey Apartment,Semi-Furnished,4.0,Unknown,6,Jaipur,1200.0,3,3,4700000
Residential House,Unfurnished,1.0,West,2,Jaipur,1500.0,4,2,10000000
Multistorey Apartment,Semi-Furnished,6.0,East,12,Jaipur,958.0,3,3,6166750
Villa,Semi-Furnished,2.0,Unknown,4,Jaipur,1000.0,3,3,6700000
Multistorey Apartment,Unfurnished,4.0,Unknown,13,Jaipur,1000.0,3,2,4500000
Multistorey Apartment,Semi-Furnished,2.0,Unknown,4,Jaipur,245.0,1,1,1051000
Multistorey Apartment,Semi-Furnished,2.0,Unknown,4,Jaipur,1000.0,3,4,18820000
Multistorey Apartment,Semi-Furnished,1.0,Unknown,5,Jaipur,1000.0,1,2,1195000
Multistorey Apartment,Furnished,2.0,Unknown,12,Jaipur,1000.0,2,2,2800000
Villa,Semi-Furnished,2.0,Unknown,2,Jaipur,1000.0,5,4,6000000
Multistorey Apartment,Semi-Furnished,3.0,Unknown,4,Jaipur,1000.0,2,2,2681000
Multistorey Apartment,Semi-Furnished,1.0,North,5,Jaipur,1000.0,3,3,5511000
Multistorey Apartment,Semi-Furnished,2.0,Unknown,4,Jaipur,1000.0,3,2,3940600
Builder Floor Apartment,Semi-Furnished,0.0,North,4,Jaipur,950.0,2,2,3000000
Villa,Semi-Furnished,2.0,West,2,Jaipur,1000.0,3,3,8500000
Villa,Semi-Furnished,2.0,East,2,Jaipur,80.0,3,2,8300000
Multistorey Apartment,Semi-Furnished,2.0,Unknown,4,Jaipur,1000.0,3,2,4971600
Multistorey Apartment,Furnished,1.0,East,6,Jaipur,1000.0,3,2,4100000
Builder Floor Apartment,Semi-Furnished,2.0,North,5,Jaipur,950.0,2,2,3000000
Multistorey Apartment,Semi-Furnished,4.0,North - East,14,Chandigarh,1000.0,3,3,8500000
Multistorey Apartment,Semi-Furnished,4.0,North,12,Chandigarh,1080.0,3,2,7551000
Multistorey Apartment,Semi-Furnished,2.0,North,4,Chandigarh,1080.0,3,3,8000000
Multistorey Apartment,Semi-Furnished,1.0,North - East,3,Chandigarh,1000.0,3,3,6390000
Multistorey Apartment,Semi-Furnished,3.0,North - East,12,Chandigarh,1250.0,3,3,7200000
Residential House,Semi-Furnished,2.0,North,2,Jaipur,4000.0,5,5,25000000
Builder Floor Apartment,Semi-Furnished,2.0,East,4,Chandigarh,1100.0,3,3,7990000
Multistorey Apartment,Unfurnished,1.0,North - East,14,Chandigarh,1250.0,3,3,9830000
Multistorey Apartment,Semi-Furnished,4.0,East,14,Chandigarh,1050.0,3,3,6980000
Multistorey Apartment,Semi-Furnished,1.0,East,2,Chandigarh,1455.0,3,3,6500000
Multistorey Apartment,Semi-Furnished,5.0,North - East,11,Chandigarh,1100.0,3,3,9900000
Multistorey Apartment,Semi-Furnished,5.0,East,13,Chandigarh,1000.0,3,3,10400000
Residential House,Semi-Furnished,4.0,East,13,Chandigarh,1160.0,3,2,5400000
Multistorey Apartment,Semi-Furnished,3.0,East,8,Chandigarh,884.0,3,3,7032500
Builder Floor Apartment,Semi-Furnished,2.0,North - West,3,Chandigarh,1000.0,3,3,7500000
Multistorey Apartment,Unfurnished,5.0,North - East,13,Chandigarh,1000.0,3,3,9500000
Multistorey Apartment,Semi-Furnished,6.0,North - East,8,Chandigarh,1250.0,3,3,9175000
Multistorey Apartment,Semi-Furnished,18.0,North - East,18,Chandigarh,1570.0,3,3,15683700
Multistorey Apartment,Unfurnished,1.0,East,4,Chandigarh,1200.0,2,2,9900000
Residential House,Unfurnished,2.0,East,2,Bhopal,1000.0,4,4,20000000
Villa,Unfurnished,2.0,North,2,Bhopal,635.0,3,2,3950000
Multistorey Apartment,Unfurnished,6.0,Unknown,6,Bhopal,997.0,3,2,3500000
Multistorey Apartment,Semi-Furnished,5.0,North - East,4,Chandigarh,900.0,2,2,3450000
Residential House,Unfurnished,1.0,Unknown,2,Bhopal,419.0,2,2,2500000
Multistorey Apartment,Unfurnished,3.0,East,3,Bhopal,587.0,2,2,3200000
Multistorey Apartment,Semi-Furnished,2.0,Unknown,3,Bhopal,1000.0,2,2,2700000
Builder Floor Apartment,Semi-Furnished,5.0,Unknown,6,Bhopal,1000.0,2,2,2100000
Multistorey Apartment,Furnished,4.0,Unknown,5,Bhopal,1000.0,2,2,3500000
Multistorey Apartment,Unfurnished,6.0,Unknown,7,Bhopal,1000.0,2,2,1500000
Multistorey Apartment,Unfurnished,2.0,Unknown,4,Bhopal,550.0,2,1,1800000
Residential House,Unfurnished,0.0,Unknown,2,Bhopal,1000.0,3,2,3500000
Residential House,Unfurnished,1.0,Unknown,1,Bhopal,1000.0,2,2,3500000
Multistorey Apartment,Unfurnished,2.0,Unknown,8,Bhopal,900.0,2,2,2500000
Multistorey Apartment,Unfurnished,1.0,Unknown,4,Bhopal,1000.0,2,2,2800000
Residential House,Unfurnished,0.0,Unknown,2,Bhopal,1000.0,4,2,2000000
Multistorey Apartment,Unfurnished,2.0,Unknown,3,Bhopal,450.0,1,1,1500000
Builder Floor Apartment,Unfurnished,1.0,Unknown,2,Bhopal,1000.0,2,2,2200000
Multistorey Apartment,Semi-Furnished,2.0,Unknown,2,Bhopal,700.0,2,2,2000000
Multistorey Apartment,Semi-Furnished,4.0,Unknown,6,Bhopal,1000.0,3,2,4000000
Residential House,Unfurnished,2.0,Unknown,2,Bhopal,1000.0,3,2,5300000
Residential House,Unfurnished,2.0,Unknown,2,Bhopal,1400.0,4,4,8500000
Multistorey Apartment,Semi-Furnished,3.0,Unknown,7,Bhopal,1000.0,3,2,4000000
Multistorey Apartment,Unfurnished,6.0,Unknown,6,Bhopal,840.0,3,2,2200000
Multistorey Apartment,Unfurnished,1.0,Unknown,6,Bhopal,531.0,2,2,2300000
Residential House,Unfurnished,1.0,East,1,Bhopal,750.0,2,2,2700000
Multistorey Apartment,Unfurnished,7.0,North,21,Mumbai,620.0,2,2,17500000
Multistorey Apartment,Unfurnished,21.0,East,23,Mumbai,1523.0,4,4,47500000
Multistorey Apartment,Unfurnished,2.0,North - East,23,Mumbai,634.0,2,2,14150000
Multistorey Apartment,Unfurnished,3.0,North - West,4,Mumbai,350.0,1,1,4000000
Multistorey Apartment,Unfurnished,1.0,East,12,Mumbai,900.0,3,3,19500000
Multistorey Apartment,Unfurnished,10.0,West,23,Mumbai,378.0,1,2,7700000
Multistorey Apartment,Unfurnished,10.0,East,28,Mumbai,675.0,2,2,20500000
Multistorey Apartment,Furnished,5.0,West,7,Mumbai,400.0,1,2,13000000
Multistorey Apartment,Unfurnished,6.0,East,20,Mumbai,500.0,2,2,13850000
Multistorey Apartment,Semi-Furnished,2.0,East,11,Mumbai,475.0,1,2,11500000
Multistorey Apartment,Semi-Furnished,10.0,West,17,Mumbai,609.0,2,3,5900000
Multistorey Apartment,Semi-Furnished,7.0,East,7,Mumbai,650.0,2,2,17500000
Multistorey Apartment,Unfurnished,2.0,East,14,Mumbai,330.0,1,1,13000000
Multistorey Apartment,Unfurnished,3.0,Unknown,7,Mumbai,650.0,2,2,13200000
Multistorey Apartment,Unfurnished,5.0,East,22,Mumbai,450.0,1,2,10500000
Multistorey Apartment,Unfurnished,7.0,East,22,Mumbai,600.0,2,3,15500000
Multistorey Apartment,Unfurnished,19.0,East,20,Mumbai,540.0,2,2,7500000
Multistorey Apartment,Semi-Furnished,4.0,East,16,Mumbai,410.0,1,2,10000000
Multistorey Apartment,Unfurnished,4.0,Unknown,6,Mumbai,1100.0,3,3,39999999
Multistorey Apartment,Unfurnished,18.0,North - East,20,Mumbai,639.0,3,2,22000000
Multistorey Apartment,Furnished,11.0,West,14,Mumbai,850.0,2,3,32500000
Multistorey Apartment,Unfurnished,16.0,East,20,Mumbai,650.0,2,2,17800000
Multistorey Apartment,Unfurnished,13.0,North - East,16,Mumbai,715.0,2,2,24500000
Multistorey Apartment,Unfurnished,29.0,West,31,Mumbai,850.0,2,2,35000000
Penthouse,Semi-Furnished,7.0,Unknown,4,Jaipur,1000.0,4,4,8268000
Multistorey Apartment,Semi-Furnished,2.0,Unknown,4,Jaipur,1000.0,4,3,16000000
Multistorey Apartment,Semi-Furnished,1.0,East,7,Mumbai,480.0,1,1,3300000
Residential House,Semi-Furnished,2.0,North,2,Jaipur,1800.0,3,3,14000000
Residential House,Unfurnished,0.0,Unknown,1,Jaipur,1200.0,3,1,6500000
Multistorey Apartment,Unfurnished,15.0,East,45,Mumbai,1467.0,3,3,65000000
Multistorey Apartment,Unfurnished,18.0,East,21,Mumbai,615.0,2,2,18500000
Multistorey Apartment,Unfurnished,6.0,East,13,Mumbai,773.0,2,2,19500000
Multistorey Apartment,Semi-Furnished,3.0,Unknown,13,Jaipur,1000.0,2,2,2600000
Multistorey Apartment,Semi-Furnished,8.0,North,4,Mumbai,705.0,2,2,17500000
Multistorey Apartment,Unfurnished,4.0,East,12,Jaipur,2200.0,3,3,13640000
Multistorey Apartment,Semi-Furnished,4.0,Unknown,4,Jaipur,900.0,2,2,2700000
Multistorey Apartment,Unfurnished,5.0,East,14,Jaipur,1001.0,3,4,7787000
Multistorey Apartment,Semi-Furnished,2.0,West,5,Jaipur,1000.0,3,3,8500000
Multistorey Apartment,Unfurnished,2.0,Unknown,4,Jaipur,1000.0,2,2,2200000
Multistorey Apartment,Semi-Furnished,1.0,North - West,5,Jaipur,1647.0,4,4,7700000
Builder Floor Apartment,Furnished,2.0,Unknown,3,Jaipur,1000.0,3,2,5500000
Multistorey Apartment,Semi-Furnished,3.0,West,3,Jaipur,1000.0,3,2,4795000
Villa,Semi-Furnished,2.0,East,2,Jaipur,105.0,3,3,9000000
Villa,Furnished,2.0,West,2,Jaipur,2400.0,3,3,10000000
Multistorey Apartment,Unfurnished,4.0,Unknown,14,Jaipur,1000.0,2,2,3600000
Builder Floor Apartment,Unfurnished,1.0,Unknown,4,Jaipur,1000.0,2,1,2050000
Multistorey Apartment,Semi-Furnished,1.0,North - East,3,Jaipur,800.0,2,2,3700000
Villa,Semi-Furnished,2.0,East,2,Jaipur,1800.0,4,4,8500000
Multistorey Apartment,Semi-Furnished,2.0,Unknown,3,Jaipur,1000.0,3,3,5700000
Residential House,Furnished,2.0,North,3,Chandigarh,3000.0,3,6,38000000
Residential House,Unfurnished,0.0,South -West,3,Chandigarh,6000.0,6,5,122500000
Multistorey Apartment,Semi-Furnished,8.0,North,10,Chandigarh,1080.0,2,2,4000000
Multistorey Apartment,Semi-Furnished,4.0,North - East,14,Chandigarh,949.0,3,3,10900000
Multistorey Apartment,Unfurnished,0.0,South -West,2,Chandigarh,1600.0,4,4,25500000
Builder Floor Apartment,Semi-Furnished,2.0,North - East,3,Chandigarh,900.0,2,2,2790000
Multistorey Apartment,Semi-Furnished,3.0,North - East,12,Chandigarh,1210.0,3,3,9900000
Residential House,Unfurnished,0.0,North - West,2,Chandigarh,250.0,4,4,51000000
Multistorey Apartment,Semi-Furnished,2.0,North - East,4,Chandigarh,1000.0,3,3,6590000
Residential House,Unfurnished,1.0,North - West,2,Chandigarh,7.0,4,3,28000000
Residential House,Unfurnished,0.0,North - East,2,Chandigarh,1450.0,5,3,45000000
Multistorey Apartment,Furnished,1.0,East,3,Chandigarh,1700.0,3,2,23000000
Penthouse,Semi-Furnished,14.0,North - East,14,Chandigarh,3500.0,3,3,11000000
Residential House,Unfurnished,0.0,North - West,3,Chandigarh,1000.0,6,6,25500000
Villa,Semi-Furnished,2.0,East,2,Chandigarh,7.0,4,4,29000000
Multistorey Apartment,Semi-Furnished,4.0,North - East,13,Chandigarh,1600.0,3,4,14500000
Multistorey Apartment,Semi-Furnished,2.0,East,2,Chandigarh,1800.0,4,3,15000000
Multistorey Apartment,Semi-Furnished,2.0,North,2,Chandigarh,1500.0,3,3,11500000
Villa,Semi-Furnished,2.0,North - West,2,Chandigarh,1.0,4,5,95000000
Villa,Unfurnished,2.0,South - East,3,Chandigarh,6500.0,3,2,167500000
Multistorey Apartment,Semi-Furnished,5.0,North - East,12,Chandigarh,1150.0,3,2,8000000
Residential House,Semi-Furnished,0.0,Unknown,2,Chandigarh,140.0,3,3,15000000
Multistorey Apartment,Unfurnished,0.0,North - East,2,Chandigarh,950.0,2,2,9000000
Multistorey Apartment,Unfurnished,1.0,North,4,Bhopal,500.0,2,1,1700000
Residential House,Semi-Furnished,2.0,Unknown,1,Bhopal,750.0,7,3,3000000
Multistorey Apartment,Semi-Furnished,3.0,West,6,Bhopal,1000.0,3,3,4700000
Residential House,Unfurnished,2.0,Unknown,2,Bhopal,921.0,3,2,6000000
Residential House,Furnished,0.0,Unknown,1,Bhopal,1000.0,1,1,1350000
Multistorey Apartment,Furnished,2.0,Unknown,6,Bhopal,1000.0,2,2,3200000
Multistorey Apartment,Semi-Furnished,2.0,Unknown,6,Bhopal,1000.0,2,2,1900000
Residential House,Semi-Furnished,0.0,East,1,Bhopal,620.0,2,1,2600000
Residential House,Semi-Furnished,2.0,East,2,Bhopal,900.0,4,3,6500000
Multistorey Apartment,Unfurnished,5.0,Unknown,7,Bhopal,1000.0,2,2,2200000
Multistorey Apartment,Unfurnished,5.0,East,4,Bhopal,650.0,2,2,5000000
Residential House,Semi-Furnished,2.0,Unknown,2,Bhopal,800.0,3,2,4800000
Villa,Semi-Furnished,2.0,Unknown,2,Bhopal,2400.0,3,3,10500000
Residential House,Semi-Furnished,0.0,West,1,Bhopal,1000.0,2,3,5000000
Multistorey Apartment,Semi-Furnished,1.0,East,4,Bhopal,600.0,2,1,1200000
Residential House,Unfurnished,0.0,Unknown,2,Bhopal,1000.0,3,2,7000000
Multistorey Apartment,Unfurnished,7.0,Unknown,7,Mumbai,1500.0,4,4,57500000
Multistorey Apartment,Unfurnished,3.0,North,3,Mumbai,350.0,2,1,13000000
Multistorey Apartment,Semi-Furnished,2.0,West,6,Mumbai,260.0,1,1,7700000
Multistorey Apartment,Semi-Furnished,2.0,South -West,17,Mumbai,666.0,2,2,11000000
Multistorey Apartment,Semi-Furnished,2.0,Unknown,2,Bhopal,650.0,2,2,2700000
Multistorey Apartment,Unfurnished,1.0,Unknown,1,Bhopal,1000.0,2,2,2890000
Multistorey Apartment,Furnished,18.0,East,20,Mumbai,740.0,2,2,23500000
Multistorey Apartment,Semi-Furnished,20.0,East,22,Mumbai,800.0,2,2,33000000
Multistorey Apartment,Semi-Furnished,8.0,West,12,Mumbai,1015.0,3,3,67500000
Multistorey Apartment,Furnished,6.0,East,18,Mumbai,1085.0,3,3,38100000
Multistorey Apartment,Unfurnished,10.0,West,23,Mumbai,450.0,1,2,8300000
Multistorey Apartment,Unfurnished,30.0,West,35,Mumbai,629.0,2,2,15500000
Multistorey Apartment,Furnished,38.0,East,78,Mumbai,1089.0,3,3,55000000
Residential House,Furnished,-0.5,North - East,10,Mumbai,500.0,1,1,37500000
Multistorey Apartment,Unfurnished,7.0,East,7,Mumbai,700.0,2,2,38000000
Multistorey Apartment,Semi-Furnished,2.0,East,2,Mumbai,838.0,2,2,29000000
Multistorey Apartment,Furnished,7.0,North,12,Mumbai,609.0,2,2,19500000
Multistorey Apartment,Semi-Furnished,14.0,North - East,21,Mumbai,1150.0,3,4,35000000
Multistorey Apartment,Unfurnished,6.0,North - East,21,Mumbai,750.0,2,2,23000000
Multistorey Apartment,Semi-Furnished,2.0,Unknown,10,Jaipur,1000.0,2,2,3500000
Multistorey Apartment,Semi-Furnished,0.0,Unknown,4,Jaipur,1000.0,2,2,6000000
Builder Floor Apartment,Semi-Furnished,2.0,Unknown,6,Jaipur,1000.0,4,4,15000000
Multistorey Apartment,Unfurnished,10.0,East,12,Jaipur,1000.0,1,1,2300000
Builder Floor Apartment,Unfurnished,2.0,East,2,Jaipur,860.0,3,2,1850000
Multistorey Apartment,Semi-Furnished,1.0,North - East,14,Jaipur,1000.0,3,3,4000000
Residential House,Semi-Furnished,-1.0,Unknown,1,Jaipur,1000.0,4,2,15000000
Multistorey Apartment,Semi-Furnished,4.0,East,10,Jaipur,700.0,2,2,3000000
Multistorey Apartment,Unfurnished,4.0,Unknown,14,Jaipur,1000.0,2,2,3000000
Residential House,Unfurnished,1.0,North,1,Jaipur,2450.0,5,2,7400000
Multistorey Apartment,Semi-Furnished,2.0,East,11,Jaipur,1000.0,2,2,5800000
Residential House,Unfurnished,0.0,Unknown,1,Chandigarh,1000.0,2,2,22500000
Multistorey Apartment,Semi-Furnished,2.0,Unknown,13,Chandigarh,1000.0,3,3,10972350
Multistorey Apartment,Semi-Furnished,2.0,Unknown,4,Chandigarh,1000.0,3,2,8290000
Multistorey Apartment,Furnished,2.0,Unknown,6,Chandigarh,1000.0,2,2,5471320
Multistorey Apartment,Unfurnished,2.0,East,13,Chandigarh,1908.0,3,3,7400000
Multistorey Apartment,Semi-Furnished,6.0,East,11,Chandigarh,1400.0,3,3,6000000
Multistorey Apartment,Semi-Furnished,3.0,North,20,Chandigarh,1296.0,3,3,9900000
Multistorey Apartment,Semi-Furnished,5.0,North - East,12,Chandigarh,1035.0,3,3,6787000
Multistorey Apartment,Semi-Furnished,2.0,East,3,Chandigarh,1000.0,3,3,3497000
Residential House,Unfurnished,0.0,Unknown,3,Bhopal,1000.0,5,5,8000000
Multistorey Apartment,Semi-Furnished,4.0,East,8,Bhopal,1050.0,3,2,5700000
Builder Floor Apartment,Semi-Furnished,3.0,Unknown,3,Bhopal,1000.0,2,2,1550000
Villa,Semi-Furnished,2.0,Unknown,2,Bhopal,2000.0,4,3,13000000
Multistorey Apartment,Unfurnished,1.0,North,5,Bhopal,950.0,2,2,3200000
Residential House,Semi-Furnished,0.0,East,2,Bhopal,1000.0,3,2,3400000
Residential House,Semi-Furnished,0.0,Unknown,1,Bhopal,1000.0,4,4,5200000
Residential House,Unfurnished,2.0,East,2,Bhopal,1000.0,3,3,4500000
Multistorey Apartment,Furnished,16.0,East,26,Mumbai,850.0,2,2,24000000
Multistorey Apartment,Unfurnished,8.0,Unknown,11,Mumbai,1040.0,2,2,9200000
Multistorey Apartment,Semi-Furnished,2.0,East,16,Mumbai,750.0,2,2,22000000
Multistorey Apartment,Semi-Furnished,12.0,West,16,Mumbai,778.0,2,2,21000000
Multistorey Apartment,Unfurnished,10.0,East,34,Mumbai,1496.0,3,3,100000000
Multistorey Apartment,Unfurnished,28.0,West,75,Mumbai,1136.0,2,2,70000000
Multistorey Apartment,Unfurnished,2.0,East,2,Mumbai,680.0,2,2,13200000
Multistorey Apartment,Unfurnished,1.0,East,5,Mumbai,425.0,1,2,12500000
Multistorey Apartment,Unfurnished,20.0,Unknown,34,Mumbai,1800.0,4,4,124800000
Multistorey Apartment,Semi-Furnished,19.0,East,38,Mumbai,810.0,2,2,33000000
Multistorey Apartment,Semi-Furnished,6.0,East,7,Mumbai,657.0,2,2,20000000
Residential House,Semi-Furnished,3.0,North,7,Mumbai,1550.0,3,3,28000000
Multistorey Apartment,Semi-Furnished,2.0,Unknown,4,Jaipur,1000.0,2,2,3800000
Multistorey Apartment,Unfurnished,8.0,Unknown,18,Jaipur,1000.0,2,2,6700000
Studio Apartment,Furnished,11.0,East,16,Jaipur,564.0,3,1,1300000
Builder Floor Apartment,Unfurnished,0.0,Unknown,2,Jaipur,1000.0,2,2,2500000
Builder Floor Apartment,Unfurnished,2.0,Unknown,3,Jaipur,1000.0,3,3,5250000
Multistorey Apartment,Semi-Furnished,27.0,East,35,Mumbai,360.0,1,2,11100000
Multistorey Apartment,Furnished,2.0,East,6,Jaipur,1100.0,3,3,6700000
Villa,Furnished,2.0,West,2,Jaipur,900.0,3,3,8200000
Villa,Unfurnished,2.0,East,3,Jaipur,5275.0,4,5,22500000
Builder Floor Apartment,Furnished,3.0,South - East,4,Jaipur,1000.0,3,2,2200000
Multistorey Apartment,Furnished,2.0,West,13,Jaipur,875.0,2,2,4000000
Multistorey Apartment,Unfurnished,6.0,North,13,Jaipur,1297.0,3,3,4800000
Builder Floor Apartment,Semi-Furnished,3.0,East,3,Chandigarh,950.0,3,3,4390000
Multistorey Apartment,Unfurnished,4.0,Unknown,14,Jaipur,1000.0,4,4,14100000
Multistorey Apartment,Semi-Furnished,6.0,East,12,Chandigarh,1855.0,4,4,7000000
Multistorey Apartment,Semi-Furnished,1.0,East,13,Chandigarh,1000.0,3,3,5800000
Multistorey Apartment,Semi-Furnished,4.0,North - East,15,Chandigarh,1460.0,4,4,9600000
Multistorey Apartment,Semi-Furnished,7.0,East,10,Chandigarh,1450.0,4,4,9352100
Multistorey Apartment,Semi-Furnished,5.0,Unknown,14,Chandigarh,1026.0,3,3,10264000
Multistorey Apartment,Semi-Furnished,2.0,West,15,Chandigarh,1350.0,3,3,9000000
Multistorey Apartment,Unfurnished,0.0,West,2,Chandigarh,1100.0,3,3,15500000
Multistorey Apartment,Unfurnished,2.0,North - West,4,Chandigarh,1600.0,3,3,11925000
Multistorey Apartment,Semi-Furnished,5.0,North - East,12,Chandigarh,1600.0,4,4,14835000
Multistorey Apartment,Semi-Furnished,2.0,North - East,15,Chandigarh,1000.0,1,1,3800000
Multistorey Apartment,Semi-Furnished,4.0,East,10,Chandigarh,983.0,3,3,6400000
Multistorey Apartment,Semi-Furnished,2.0,North - East,6,Chandigarh,1000.0,2,2,5010810
Multistorey Apartment,Semi-Furnished,4.0,North - East,14,Chandigarh,1508.0,3,4,10500000
Multistorey Apartment,Semi-Furnished,2.0,North - East,4,Chandigarh,1080.0,3,3,8000000
Multistorey Apartment,Semi-Furnished,4.0,East,14,Chandigarh,1000.0,3,2,9990000
Multistorey Apartment,Semi-Furnished,3.0,North - East,12,Chandigarh,1150.0,3,3,6690000
Multistorey Apartment,Semi-Furnished,3.0,North - East,14,Chandigarh,1247.0,3,3,10972350
Builder Floor Apartment,Furnished,1.0,North - East,5,Chandigarh,900.0,2,2,11500000
Multistorey Apartment,Semi-Furnished,5.0,North - East,12,Chandigarh,1395.0,3,3,6551000
Multistorey Apartment,Semi-Furnished,2.0,North - East,4,Chandigarh,1210.0,3,3,7000000
Multistorey Apartment,Semi-Furnished,0.0,North - East,8,Chandigarh,1000.0,3,2,7000000
Multistorey Apartment,Semi-Furnished,2.0,North - East,10,Chandigarh,1000.0,4,4,9400000
Multistorey Apartment,Unfurnished,1.0,Unknown,5,Bhopal,1000.0,2,2,2200000
Multistorey Apartment,Unfurnished,3.0,West,3,Bhopal,650.0,2,2,2200000
Multistorey Apartment,Unfurnished,2.0,Unknown,4,Bhopal,990.0,2,2,3500000
Multistorey Apartment,Semi-Furnished,5.0,East,6,Bhopal,1056.0,3,2,3800000
Villa,Unfurnished,2.0,Unknown,2,Bhopal,1000.0,3,3,2800000
Multistorey Apartment,Semi-Furnished,5.0,East,13,Chandigarh,1780.0,4,5,15800000
Villa,Semi-Furnished,2.0,Unknown,2,Bhopal,2700.0,4,3,22000000
Villa,Unfurnished,2.0,Unknown,2,Bhopal,1800.0,4,3,7700000
Builder Floor Apartment,Unfurnished,3.0,Unknown,6,Bhopal,1000.0,1,2,1400000
Residential House,Furnished,2.0,Unknown,2,Bhopal,1000.0,5,4,6500000
Residential House,Furnished,2.0,North,3,Bhopal,1300.0,4,4,9000000
Multistorey Apartment,Unknown,2.0,Unknown,4,Bhopal,1000.0,4,2,4480000
Residential House,Unfurnished,0.0,Unknown,1,Bhopal,1000.0,2,2,2500000
Residential House,Unfurnished,1.0,East,1,Bhopal,750.0,2,2,2600000
Residential House,Unfurnished,0.0,Unknown,1,Bhopal,1000.0,1,1,850000
Residential House,Unfurnished,0.0,Unknown,1,Bhopal,1000.0,2,2,3200000
Multistorey Apartment,Furnished,10.0,East,15,Mumbai,2800.0,4,4,130000000
Multistorey Apartment,Semi-Furnished,2.0,East,10,Mumbai,770.0,2,2,16000000
Villa,Semi-Furnished,2.0,East,84,Mumbai,5443.0,5,7,330000000
Multistorey Apartment,Semi-Furnished,2.0,North - East,4,Mumbai,771.0,2,2,19700000
Multistorey Apartment,Unfurnished,10.0,East,13,Mumbai,600.0,2,2,17500000
Multistorey Apartment,Unfurnished,6.0,Unknown,19,Mumbai,490.0,2,2,15000000
Multistorey Apartment,Furnished,5.0,North - East,7,Mumbai,1200.0,3,3,60000000
Multistorey Apartment,Furnished,10.0,North,10,Mumbai,2198.0,4,5,130000000
Multistorey Apartment,Unfurnished,10.0,Unknown,18,Mumbai,1236.0,3,3,90000000
Multistorey Apartment,Furnished,18.0,East,23,Mumbai,749.0,2,2,22500000
Multistorey Apartment,Unfurnished,29.0,Unknown,78,Mumbai,1525.0,4,5,78500000
Multistorey Apartment,Semi-Furnished,10.0,East,31,Mumbai,913.0,2,2,36500000
Multistorey Apartment,Furnished,2.0,East,18,Mumbai,850.0,2,2,31000000
Multistorey Apartment,Semi-Furnished,5.0,North - East,8,Mumbai,795.0,2,2,42500000
Multistorey Apartment,Furnished,1.0,West,7,Mumbai,470.0,1,2,13500000
Multistorey Apartment,Furnished,0.0,East,7,Mumbai,520.0,1,1,18500000
Multistorey Apartment,Unfurnished,22.0,East,38,Mumbai,1074.0,3,3,30500000
Multistorey Apartment,Semi-Furnished,1.0,Unknown,5,Mumbai,370.0,1,2,11000000
Multistorey Apartment,Semi-Furnished,7.0,East,7,Mumbai,381.0,1,2,9500000
Multistorey Apartment,Semi-Furnished,3.0,Unknown,4,Jaipur,550.0,2,2,2100000
Multistorey Apartment,Semi-Furnished,15.0,East,22,Mumbai,1000.0,1,2,11000000
Multistorey Apartment,Semi-Furnished,2.0,East,3,Jaipur,1000.0,2,2,1650000
Multistorey Apartment,Unfurnished,4.0,North - East,4,Jaipur,1000.0,3,3,6000000
Builder Floor Apartment,Semi-Furnished,2.0,Unknown,3,Jaipur,1000.0,3,2,2000000
Builder Floor Apartment,Semi-Furnished,1.0,Unknown,3,Jaipur,1000.0,4,3,7500000
Builder Floor Apartment,Unfurnished,1.0,Unknown,3,Jaipur,1000.0,2,2,2800000
Multistorey Apartment,Semi-Furnished,2.0,Unknown,5,Jaipur,1000.0,3,3,8200000
Multistorey Apartment,Furnished,6.0,Unknown,8,Jaipur,1237.0,2,2,7500000
Multistorey Apartment,Semi-Furnished,2.0,Unknown,2,Jaipur,1050.0,4,3,4500000
Multistorey Apartment,Semi-Furnished,3.0,North,3,Jaipur,1300.0,3,3,7000000
Multistorey Apartment,Semi-Furnished,2.0,North,3,Jaipur,1280.0,2,2,4000000
Residential House,Semi-Furnished,3.0,East,3,Jaipur,1000.0,4,2,4200000
Multistorey Apartment,Semi-Furnished,1.0,Unknown,2,Jaipur,1000.0,3,3,6200000
Villa,Unfurnished,2.0,South,2,Jaipur,2600.0,5,4,10000000
Builder Floor Apartment,Semi-Furnished,2.0,North - East,3,Chandigarh,1240.0,3,3,6120000
Multistorey Apartment,Semi-Furnished,14.0,North - East,14,Chandigarh,950.0,2,2,7000000
Multistorey Apartment,Semi-Furnished,5.0,East,13,Chandigarh,1420.0,3,3,6250000
Multistorey Apartment,Semi-Furnished,2.0,East,2,Jaipur,1000.0,3,2,4500000
Villa,Semi-Furnished,2.0,West,2,Jaipur,1800.0,3,3,8300000
Multistorey Apartment,Semi-Furnished,5.0,North - East,13,Chandigarh,1500.0,3,3,16600000
Multistorey Apartment,Semi-Furnished,7.0,North,22,Chandigarh,2160.0,4,5,22984000
Builder Floor Apartment,Semi-Furnished,2.0,North - West,4,Chandigarh,1000.0,3,3,9500000
Multistorey Apartment,Semi-Furnished,5.0,East,14,Chandigarh,903.0,3,2,8797050
Multistorey Apartment,Semi-Furnished,1.0,East,13,Chandigarh,1000.0,2,2,8000000
Residential House,Unfurnished,0.0,North - West,3,Chandigarh,1850.0,3,3,100000000
Residential House,Unfurnished,0.0,North - West,2,Chandigarh,1000.0,3,3,155000000
Multistorey Apartment,Semi-Furnished,5.0,North - East,14,Chandigarh,1130.0,3,3,9465000
Builder Floor Apartment,Semi-Furnished,3.0,North - West,3,Chandigarh,1178.0,3,3,9800000
Multistorey Apartment,Unfurnished,2.0,East,14,Chandigarh,1666.0,3,3,7200000
Multistorey Apartment,Unfurnished,2.0,North - East,4,Chandigarh,950.0,3,3,6590000
Builder Floor Apartment,Semi-Furnished,2.0,North,3,Chandigarh,180.0,3,3,4790000
Multistorey Apartment,Semi-Furnished,2.0,North - East,12,Chandigarh,1113.0,3,3,8500000
Builder Floor Apartment,Semi-Furnished,2.0,North - East,4,Chandigarh,1500.0,3,3,6500000
Residential House,Unfurnished,2.0,East,2,Chandigarh,2800.0,4,3,60000000
Residential House,Unfurnished,0.0,South - East,2,Chandigarh,300.0,4,4,57000000
Multistorey Apartment,Semi-Furnished,1.0,North - West,3,Chandigarh,1000.0,2,2,12000000
Multistorey Apartment,Semi-Furnished,3.0,North - East,12,Chandigarh,1210.0,3,2,8000000
Villa,Semi-Furnished,2.0,North - East,3,Chandigarh,3200.0,5,6,15100000
Residential House,Unfurnished,1.0,East,2,Chandigarh,1000.0,5,5,95000000
Multistorey Apartment,Unfurnished,0.0,East,3,Bhopal,2000.0,3,5,5900000
Residential House,Unfurnished,0.0,North - East,2,Chandigarh,2890.0,6,5,45000000
Residential House,Furnished,0.0,Unknown,2,Bhopal,1000.0,5,5,12300000
Multistorey Apartment,Semi-Furnished,5.0,East,11,Chandigarh,1611.0,3,3,6990000
Residential House,Semi-Furnished,2.0,Unknown,1,Bhopal,780.0,3,3,4000000
Multistorey Apartment,Semi-Furnished,6.0,Unknown,6,Bhopal,1000.0,2,2,4000000
Multistorey Apartment,Unfurnished,2.0,East,2,Bhopal,700.0,2,2,1800000
Multistorey Apartment,Furnished,1.0,East,6,Bhopal,650.0,2,1,2000000
Multistorey Apartment,Unfurnished,2.0,East,6,Bhopal,1011.0,2,2,4500000
Residential House,Unfurnished,0.0,East,2,Bhopal,1700.0,2,3,8500000
Multistorey Apartment,Unfurnished,5.0,Unknown,8,Bhopal,1000.0,2,1,1590000
Multistorey Apartment,Unfurnished,4.0,Unknown,4,Bhopal,850.0,2,2,1700000
Multistorey Apartment,Unfurnished,1.0,Unknown,4,Bhopal,1000.0,2,2,1650000
Residential House,Semi-Furnished,1.0,Unknown,1,Bhopal,1000.0,6,3,25000000
Residential House,Unfurnished,0.0,North,1,Bhopal,1298.0,3,2,9500000
Residential House,Semi-Furnished,0.0,Unknown,1,Bhopal,1000.0,2,1,2500000
Multistorey Apartment,Unfurnished,1.0,East,8,Bhopal,1000.0,2,2,2100000
Multistorey Apartment,Unfurnished,2.0,Unknown,4,Bhopal,1000.0,1,1,1100000
Residential House,Unfurnished,1.0,North,1,Bhopal,1000.0,4,4,7600000
Residential House,Semi-Furnished,4.0,North,4,Bhopal,1000.0,2,4,5500000
Residential House,Semi-Furnished,0.0,Unknown,1,Bhopal,1000.0,3,3,3500000
Residential House,Unfurnished,2.0,East,2,Bhopal,1850.0,3,3,12500000
Multistorey Apartment,Unfurnished,1.0,South - East,3,Bhopal,1000.0,2,2,1900000
Residential House,Unfurnished,2.0,Unknown,2,Bhopal,1000.0,3,3,3700000
Residential House,Unfurnished,2.0,Unknown,2,Bhopal,1000.0,5,3,7500000
Residential House,Unfurnished,1.0,Unknown,2,Bhopal,788.0,3,3,2800000
Multistorey Apartment,Unfurnished,2.0,Unknown,4,Bhopal,1000.0,2,2,2500000
Residential House,Semi-Furnished,0.0,North - East,2,Bhopal,1000.0,3,5,3200000
Residential House,Unfurnished,0.0,Unknown,1,Bhopal,1200.0,3,2,3700000
Residential House,Unfurnished,2.0,Unknown,3,Bhopal,1800.0,5,3,25000000
Multistorey Apartment,Semi-Furnished,5.0,Unknown,7,Bhopal,1000.0,3,3,3100000
Multistorey Apartment,Unfurnished,17.0,North - East,40,Mumbai,1420.0,3,3,81900000
Multistorey Apartment,Unfurnished,3.0,East,4,Bhopal,645.0,2,2,3200000
Multistorey Apartment,Unfurnished,14.0,North,18,Mumbai,850.0,3,3,22900000
Multistorey Apartment,Semi-Furnished,6.0,North - East,7,Mumbai,364.0,1,1,8200000
Multistorey Apartment,Furnished,2.0,Unknown,20,Mumbai,721.0,2,2,22000000
Multistorey Apartment,Unfurnished,2.0,East,15,Mumbai,750.0,2,2,7200000
Multistorey Apartment,Semi-Furnished,8.0,North - East,25,Mumbai,417.0,1,2,10500000
Multistorey Apartment,Unfurnished,5.0,East,8,Mumbai,450.0,1,2,9500000
Multistorey Apartment,Semi-Furnished,7.0,East,10,Mumbai,800.0,2,2,36000000
Multistorey Apartment,Furnished,4.0,South - East,7,Mumbai,700.0,2,2,42500000
Multistorey Apartment,Semi-Furnished,2.0,North - East,7,Mumbai,393.0,1,2,3100000
Multistorey Apartment,Unfurnished,2.0,East,4,Mumbai,3064.0,5,5,81500000
Multistorey Apartment,Unfurnished,15.0,East,31,Mumbai,997.0,3,3,40000000
Multistorey Apartment,Furnished,5.0,North,15,Mumbai,437.0,1,2,10800000
Multistorey Apartment,Furnished,2.0,Unknown,12,Mumbai,460.0,1,2,36000000
Multistorey Apartment,Furnished,2.0,West,23,Mumbai,840.0,2,2,26000000
Multistorey Apartment,Unfurnished,5.0,Unknown,12,Mumbai,600.0,2,2,18500000
Multistorey Apartment,Unfurnished,14.0,East,15,Mumbai,295.0,1,2,5500000
Multistorey Apartment,Furnished,-0.5,East,14,Mumbai,900.0,2,3,57000000
Multistorey Apartment,Semi-Furnished,5.0,North - East,7,Mumbai,1150.0,3,3,52500000
Multistorey Apartment,Unfurnished,1.0,North,28,Mumbai,1000.0,1,1,4700000
Residential House,Furnished,0.0,North,2,Mumbai,400.0,2,2,11000000
Multistorey Apartment,Unfurnished,18.0,Unknown,22,Mumbai,554.0,2,2,5400000
Multistorey Apartment,Unfurnished,7.0,East,23,Mumbai,509.0,1,2,12100000
Multistorey Apartment,Unfurnished,70.0,East,91,Mumbai,4300.0,6,8,215000000
Multistorey Apartment,Unfurnished,22.0,East,22,Mumbai,392.0,1,2,3600000
Multistorey Apartment,Unfurnished,5.0,North,22,Mumbai,1050.0,3,3,31000000
Multistorey Apartment,Unfurnished,14.0,North - West,29,Mumbai,1100.0,3,3,48500000
Multistorey Apartment,Semi-Furnished,2.0,Unknown,13,Mumbai,1000.0,3,2,30000000
Multistorey Apartment,Unknown,2.0,Unknown,4,Jaipur,1000.0,3,2,8000000
Multistorey Apartment,Semi-Furnished,8.0,Unknown,14,Jaipur,1375.0,3,4,6500000
Multistorey Apartment,Furnished,0.0,North,5,Jaipur,1250.0,3,2,4451000
Multistorey Apartment,Furnished,2.0,South,2,Jaipur,800.0,2,2,3800000
Residential House,Unfurnished,1.0,West,2,Jaipur,3600.0,5,4,13100000
Multistorey Apartment,Furnished,2.0,East,5,Jaipur,1700.0,3,3,8600000
Villa,Semi-Furnished,2.0,West,2,Jaipur,1550.0,3,3,7000000
Builder Floor Apartment,Furnished,2.0,East,5,Jaipur,1900.0,4,4,8500000
Residential House,Unfurnished,1.0,East,2,Jaipur,296.0,5,4,60000000
Multistorey Apartment,Unfurnished,2.0,Unknown,4,Jaipur,513.0,1,1,1600000
Villa,Furnished,2.0,East,2,Jaipur,2000.0,3,4,15000000
Multistorey Apartment,Furnished,1.0,East,3,Jaipur,1000.0,2,2,5200000
Multistorey Apartment,Unfurnished,0.0,Unknown,5,Jaipur,1296.0,2,2,5600000
Builder Floor Apartment,Unfurnished,2.0,West,2,Jaipur,1000.0,3,3,5500000
Residential House,Unknown,2.0,Unknown,4,Jaipur,1000.0,2,2,5700000
Multistorey Apartment,Unknown,2.0,Unknown,4,Jaipur,1000.0,3,2,9000000
Builder Floor Apartment,Semi-Furnished,1.0,Unknown,4,Jaipur,140.0,3,2,5100000
Residential House,Unfurnished,0.0,Unknown,1,Jaipur,1000.0,3,2,3000000
Multistorey Apartment,Furnished,0.0,Unknown,1,Jaipur,1000.0,2,3,8800000
Villa,Semi-Furnished,2.0,East,2,Jaipur,1280.0,3,4,5000000
Multistorey Apartment,Semi-Furnished,10.0,Unknown,13,Jaipur,1450.0,3,3,6300000
Builder Floor Apartment,Furnished,2.0,East,3,Jaipur,1000.0,1,1,1800000
Residential House,Semi-Furnished,0.0,Unknown,2,Jaipur,1000.0,4,4,6000000
Multistorey Apartment,Furnished,5.0,Unknown,5,Jaipur,1000.0,2,2,4550000
Multistorey Apartment,Semi-Furnished,7.0,West,4,Jaipur,1310.0,2,2,5300000
Multistorey Apartment,Unfurnished,1.0,North - East,3,Chandigarh,800.0,2,1,6500000
Builder Floor Apartment,Semi-Furnished,0.0,East,2,Jaipur,1000.0,3,2,5000000
Multistorey Apartment,Semi-Furnished,4.0,North - East,13,Chandigarh,1600.0,3,3,7000000
Multistorey Apartment,Semi-Furnished,1.0,East,13,Jaipur,1450.0,3,3,4600000
Multistorey Apartment,Semi-Furnished,3.0,North - East,13,Chandigarh,1450.0,4,4,15000000
Multistorey Apartment,Unfurnished,2.0,North - East,2,Chandigarh,1000.0,3,2,13000000
Villa,Semi-Furnished,2.0,North - East,2,Chandigarh,1.0,6,5,110000000
Villa,Semi-Furnished,2.0,North - West,2,Chandigarh,1400.0,4,4,52500000
Builder Floor Apartment,Semi-Furnished,0.0,Unknown,4,Chandigarh,900.0,2,2,2800000
Multistorey Apartment,Unfurnished,2.0,North - East,3,Chandigarh,1050.0,2,2,9500000
Multistorey Apartment,Semi-Furnished,4.0,North - East,18,Chandigarh,3200.0,5,5,27000000
Multistorey Apartment,Unfurnished,6.0,North - East,12,Chandigarh,1450.0,4,4,12500000
Villa,Unfurnished,2.0,South - East,3,Chandigarh,3200.0,7,5,61000000
Residential House,Unfurnished,0.0,Unknown,2,Chandigarh,3500.0,6,5,50000000
Multistorey Apartment,Semi-Furnished,2.0,North - East,10,Chandigarh,1980.0,4,4,10100000
Multistorey Apartment,Semi-Furnished,2.0,East,3,Chandigarh,1000.0,3,2,3350000
Multistorey Apartment,Semi-Furnished,4.0,North - East,14,Chandigarh,1000.0,3,3,9300000
Multistorey Apartment,Furnished,2.0,Unknown,6,Chandigarh,1000.0,2,2,5320781
Multistorey Apartment,Semi-Furnished,2.0,Unknown,4,Chandigarh,1000.0,3,3,10100000
Multistorey Apartment,Unfurnished,5.0,North - East,13,Chandigarh,2100.0,3,4,13000000
Residential House,Unfurnished,0.0,South - East,1,Chandigarh,528.0,3,2,100000000
Multistorey Apartment,Semi-Furnished,2.0,East,11,Chandigarh,1300.0,3,3,7200000
Multistorey Apartment,Semi-Furnished,2.0,Unknown,13,Chandigarh,1000.0,3,3,9917950
Multistorey Apartment,Semi-Furnished,3.0,North - East,13,Chandigarh,1000.0,4,4,21597000
Multistorey Apartment,Semi-Furnished,10.0,South - East,20,Chandigarh,2210.0,4,4,18000000
Multistorey Apartment,Semi-Furnished,1.0,East,14,Chandigarh,1500.0,3,3,9000000
Multistorey Apartment,Semi-Furnished,4.0,East,5,Chandigarh,1500.0,3,2,14500000
Builder Floor Apartment,Semi-Furnished,1.0,North - East,3,Chandigarh,1166.0,3,3,4300000
Builder Floor Apartment,Semi-Furnished,1.0,East,3,Chandigarh,950.0,3,3,4290000
Multistorey Apartment,Semi-Furnished,2.0,East,4,Chandigarh,1750.0,3,3,9500000
Multistorey Apartment,Semi-Furnished,8.0,North,12,Chandigarh,1000.0,3,3,10323000
Multistorey Apartment,Semi-Furnished,0.0,East,3,Chandigarh,1000.0,2,2,11500000
Multistorey Apartment,Semi-Furnished,8.0,North - East,15,Chandigarh,1413.0,3,3,9250000
Villa,Semi-Furnished,2.0,South - East,2,Chandigarh,2562.0,6,7,80000000
Multistorey Apartment,Semi-Furnished,2.0,North - East,15,Chandigarh,1575.0,4,4,11950000
Multistorey Apartment,Semi-Furnished,3.0,North - East,14,Chandigarh,784.0,2,2,7522400
Multistorey Apartment,Semi-Furnished,0.0,North - East,2,Chandigarh,950.0,2,2,9500000
Multistorey Apartment,Semi-Furnished,11.0,East,15,Chandigarh,1150.0,3,2,7500000
Multistorey Apartment,Unfurnished,2.0,East,4,Chandigarh,1015.0,3,3,6490200
Multistorey Apartment,Semi-Furnished,2.0,North - East,11,Chandigarh,1200.0,3,2,6499999
Multistorey Apartment,Semi-Furnished,2.0,North - East,3,Chandigarh,1200.0,4,3,7200000
Multistorey Apartment,Semi-Furnished,6.0,North - East,15,Chandigarh,1000.0,4,4,12000000
Multistorey Apartment,Unfurnished,4.0,North - East,6,Bhopal,1000.0,3,2,3900000
Multistorey Apartment,Semi-Furnished,5.0,North - East,10,Chandigarh,1000.0,3,3,6551000
Builder Floor Apartment,Furnished,1.0,Unknown,3,Bhopal,1000.0,3,3,3200000
Multistorey Apartment,Unfurnished,2.0,Unknown,7,Bhopal,1000.0,3,3,3850000
Multistorey Apartment,Semi-Furnished,2.0,Unknown,6,Bhopal,1000.0,3,2,3600000
Multistorey Apartment,Semi-Furnished,3.0,Unknown,10,Bhopal,1200.0,3,3,5000000
Builder Floor Apartment,Semi-Furnished,2.0,Unknown,3,Bhopal,1000.0,1,1,1700000
Multistorey Apartment,Furnished,3.0,North - East,3,Bhopal,1000.0,1,1,1500000
Multistorey Apartment,Unfurnished,2.0,Unknown,6,Bhopal,890.0,2,1,5500000
Multistorey Apartment,Semi-Furnished,2.0,North - East,3,Chandigarh,1130.0,3,3,9917950
Residential House,Unfurnished,0.0,East,2,Bhopal,1000.0,3,3,6000000
Multistorey Apartment,Unfurnished,6.0,Unknown,7,Bhopal,1000.0,2,2,2200000
Residential House,Furnished,0.0,North,2,Bhopal,1000.0,3,3,7500000
Multistorey Apartment,Furnished,3.0,East,3,Bhopal,600.0,2,2,2500000
Residential House,Semi-Furnished,6.0,Unknown,6,Bhopal,1000.0,2,2,3300000
Residential House,Unfurnished,0.0,Unknown,3,Bhopal,3200.0,6,6,35000000
Multistorey Apartment,Semi-Furnished,1.0,East,7,Bhopal,750.0,2,2,2300000
Residential House,Semi-Furnished,0.0,East,2,Bhopal,1000.0,5,6,7500000
Multistorey Apartment,Unfurnished,3.0,West,6,Bhopal,690.0,1,2,2250000
Residential House,Unfurnished,2.0,Unknown,2,Bhopal,1000.0,2,2,2800000
Residential House,Semi-Furnished,2.0,Unknown,2,Bhopal,1000.0,5,4,13500000
Residential House,Unfurnished,2.0,Unknown,1,Bhopal,1100.0,1,1,2500000
Multistorey Apartment,Semi-Furnished,0.0,Unknown,4,Bhopal,800.0,3,2,2200000
Multistorey Apartment,Unfurnished,4.0,Unknown,7,Bhopal,1000.0,2,1,1500000
Multistorey Apartment,Semi-Furnished,2.0,Unknown,4,Bhopal,1000.0,3,3,12500000
Multistorey Apartment,Unfurnished,2.0,East,2,Bhopal,450.0,1,1,2550000
Residential House,Unfurnished,2.0,Unknown,2,Bhopal,1000.0,4,3,6500000
Multistorey Apartment,Unfurnished,6.0,East,6,Bhopal,1000.0,4,3,4500000
Residential House,Unfurnished,2.0,Unknown,2,Bhopal,1000.0,3,2,2900000
Multistorey Apartment,Unfurnished,6.0,South -West,6,Bhopal,1000.0,2,2,2700000
Multistorey Apartment,Unfurnished,2.0,Unknown,6,Bhopal,640.0,2,2,1700000
Multistorey Apartment,Unfurnished,38.0,Unknown,40,Mumbai,620.0,2,2,24000000
Residential House,Semi-Furnished,0.0,South,4,Bhopal,1650.0,5,6,25000000
Multistorey Apartment,Semi-Furnished,0.0,East,3,Bhopal,600.0,2,2,2100000
Multistorey Apartment,Unfurnished,11.0,Unknown,12,Mumbai,1000.0,1,1,9500000
Multistorey Apartment,Unfurnished,5.0,Unknown,6,Bhopal,735.0,2,2,3200000
Multistorey Apartment,Semi-Furnished,14.0,West,45,Mumbai,985.0,2,2,29700000
Multistorey Apartment,Unfurnished,3.0,Unknown,3,Bhopal,800.0,3,2,3850000
Multistorey Apartment,Unknown,2.0,Unknown,4,Bhopal,1000.0,2,2,1800000
Multistorey Apartment,Unknown,2.0,Unknown,4,Mumbai,1000.0,3,2,49000000
Multistorey Apartment,Furnished,10.0,North - East,15,Mumbai,900.0,3,3,16000000
Multistorey Apartment,Unfurnished,4.0,West,7,Mumbai,680.0,3,3,19000000
Multistorey Apartment,Unfurnished,37.0,North - East,47,Mumbai,368.0,1,2,8260000
Multistorey Apartment,Semi-Furnished,6.0,West,11,Mumbai,785.0,2,2,42500000
Multistorey Apartment,Semi-Furnished,6.0,East,7,Mumbai,1000.0,3,3,45000000
Multistorey Apartment,Unfurnished,21.0,Unknown,37,Mumbai,1000.0,2,2,18500000
Multistorey Apartment,Furnished,2.0,East,3,Mumbai,620.0,2,2,26000000
Multistorey Apartment,Semi-Furnished,3.0,North - West,12,Mumbai,1050.0,3,3,47500000
Multistorey Apartment,Unfurnished,8.0,East,12,Mumbai,562.0,1,2,22100000
Multistorey Apartment,Furnished,5.0,East,12,Mumbai,1000.0,3,3,45000000
Multistorey Apartment,Unfurnished,6.0,East,7,Mumbai,1100.0,3,3,36000000
Multistorey Apartment,Semi-Furnished,18.0,East,19,Mumbai,371.0,1,1,7100000
Multistorey Apartment,Semi-Furnished,8.0,Unknown,8,Mumbai,960.0,3,3,42500000
Multistorey Apartment,Unfurnished,10.0,North - East,20,Mumbai,845.0,3,3,18800000
Multistorey Apartment,Semi-Furnished,14.0,East,20,Mumbai,1009.0,3,3,32600000
Multistorey Apartment,Unfurnished,3.0,North,22,Mumbai,600.0,2,2,14900000
Multistorey Apartment,Furnished,7.0,East,4,Mumbai,700.0,2,2,39000000
Multistorey Apartment,Unfurnished,12.0,Unknown,18,Mumbai,650.0,2,2,19200000
Villa,Semi-Furnished,2.0,East,1,Mumbai,1300.0,3,3,30000000
Multistorey Apartment,Unfurnished,20.0,East,20,Mumbai,1300.0,4,4,38000000
Multistorey Apartment,Unfurnished,12.0,North,22,Mumbai,685.0,2,2,28000000
Multistorey Apartment,Semi-Furnished,7.0,West,16,Mumbai,423.0,1,1,7000000
Multistorey Apartment,Unfurnished,2.0,North - East,22,Mumbai,1163.0,3,3,39500000
Multistorey Apartment,Semi-Furnished,5.0,East,69,Mumbai,2150.0,4,4,80000000
Multistorey Apartment,Furnished,3.0,East,7,Mumbai,1300.0,3,3,85000000
Multistorey Apartment,Semi-Furnished,6.0,Unknown,16,Mumbai,1366.0,4,4,50000000
Multistorey Apartment,Semi-Furnished,10.0,North - East,14,Mumbai,750.0,2,2,18500000
Builder Floor Apartment,Unfurnished,2.0,West,4,Mumbai,418.0,1,1,3700000
Builder Floor Apartment,Semi-Furnished,0.0,Unknown,3,Jaipur,1000.0,3,2,2000000
Multistorey Apartment,Semi-Furnished,18.0,South -West,21,Mumbai,3200.0,6,6,500000000
Multistorey Apartment,Unfurnished,4.0,East,6,Jaipur,1100.0,2,2,5400000
Villa,Semi-Furnished,2.0,Unknown,2,Jaipur,1800.0,3,3,9122000
Multistorey Apartment,Semi-Furnished,14.0,South -West,16,Mumbai,1200.0,4,4,44000000
Multistorey Apartment,Furnished,2.0,East,10,Mumbai,740.0,2,2,47500000
Multistorey Apartment,Unfurnished,3.0,Unknown,4,Jaipur,1000.0,3,3,4500000
Multistorey Apartment,Semi-Furnished,3.0,North - East,3,Jaipur,650.0,2,2,3500000
Multistorey Apartment,Semi-Furnished,3.0,Unknown,3,Jaipur,1550.0,3,2,10000000
Residential House,Semi-Furnished,2.0,Unknown,2,Jaipur,1000.0,3,3,13000000
Villa,Unfurnished,2.0,Unknown,1,Jaipur,2350.0,4,4,7500000
Multistorey Apartment,Semi-Furnished,5.0,East,12,Jaipur,900.0,1,1,9000000
Residential House,Semi-Furnished,2.0,Unknown,2,Jaipur,1000.0,4,4,2800000
Multistorey Apartment,Semi-Furnished,3.0,East,4,Jaipur,1300.0,3,4,9500000
Residential House,Semi-Furnished,0.0,Unknown,3,Jaipur,1000.0,6,8,18500000
Residential House,Furnished,2.0,Unknown,2,Jaipur,1000.0,4,4,70000000
Multistorey Apartment,Semi-Furnished,2.0,Unknown,10,Jaipur,1000.0,2,1,2890000
Villa,Semi-Furnished,2.0,Unknown,2,Jaipur,1000.0,3,3,8400000
Multistorey Apartment,Unfurnished,2.0,East,3,Jaipur,900.0,2,2,2700000
Multistorey Apartment,Semi-Furnished,2.0,Unknown,10,Jaipur,1000.0,3,3,7500000
Multistorey Apartment,Unfurnished,5.0,Unknown,11,Jaipur,1000.0,3,2,6500000
Multistorey Apartment,Semi-Furnished,7.0,Unknown,10,Jaipur,1000.0,2,2,2700000
Multistorey Apartment,Furnished,3.0,Unknown,5,Jaipur,1000.0,3,3,31500000
Residential House,Unfurnished,1.0,East,3,Jaipur,1000.0,6,4,18000000
Multistorey Apartment,Furnished,1.0,Unknown,4,Jaipur,1000.0,2,2,4800000
Builder Floor Apartment,Semi-Furnished,0.0,West,2,Jaipur,1000.0,3,2,3100000
Multistorey Apartment,Semi-Furnished,8.0,North - West,13,Chandigarh,1247.0,3,3,9800000
Multistorey Apartment,Furnished,3.0,Unknown,5,Jaipur,1000.0,3,2,5000000
Builder Floor Apartment,Furnished,2.0,Unknown,4,Jaipur,1000.0,2,1,1800000
Multistorey Apartment,Semi-Furnished,3.0,North - East,3,Chandigarh,1350.0,3,3,7700000
Multistorey Apartment,Semi-Furnished,7.0,North - East,14,Chandigarh,1000.0,3,3,11500000
Multistorey Apartment,Semi-Furnished,3.0,North,14,Chandigarh,1600.0,4,4,12500000
Multistorey Apartment,Semi-Furnished,4.0,North - East,12,Chandigarh,1350.0,3,3,8000000
Multistorey Apartment,Semi-Furnished,8.0,North - East,11,Chandigarh,1000.0,3,3,6690000
Multistorey Apartment,Semi-Furnished,5.0,East,14,Chandigarh,1564.0,3,4,9900000
Multistorey Apartment,Semi-Furnished,2.0,East,4,Chandigarh,1664.0,3,3,8050000
Multistorey Apartment,Semi-Furnished,5.0,North - East,13,Chandigarh,1300.0,3,3,13500000
Multistorey Apartment,Semi-Furnished,5.0,East,13,Chandigarh,1420.0,3,3,6200000
Multistorey Apartment,Semi-Furnished,4.0,North - East,13,Chandigarh,902.0,3,3,8790000
Multistorey Apartment,Semi-Furnished,5.0,East,4,Chandigarh,691.0,2,2,3981000
Multistorey Apartment,Semi-Furnished,5.0,North - East,22,Chandigarh,2160.0,4,6,21970000
Builder Floor Apartment,Semi-Furnished,2.0,East,4,Chandigarh,1000.0,3,3,12000000
Multistorey Apartment,Semi-Furnished,5.0,North - East,13,Chandigarh,985.0,2,2,6190000
Multistorey Apartment,Semi-Furnished,2.0,North - East,24,Chandigarh,994.0,3,3,10319850
Multistorey Apartment,Semi-Furnished,5.0,South - East,13,Chandigarh,1450.0,3,4,11500000
Multistorey Apartment,Semi-Furnished,5.0,East,13,Chandigarh,1510.0,4,4,10455000
Multistorey Apartment,Semi-Furnished,6.0,North - East,14,Chandigarh,900.0,3,2,9390000
Villa,Semi-Furnished,2.0,North - East,3,Chandigarh,5000.0,6,5,45000000
Multistorey Apartment,Furnished,2.0,Unknown,4,Bhopal,550.0,2,2,2250000
Multistorey Apartment,Semi-Furnished,7.0,East,12,Chandigarh,1700.0,3,3,18200000
Residential House,Unfurnished,1.0,South - East,2,Chandigarh,2250.0,5,5,105000000
Residential House,Semi-Furnished,0.0,Unknown,2,Bhopal,1000.0,4,3,20000000
Multistorey Apartment,Furnished,3.0,East,5,Bhopal,700.0,2,2,1900000
Villa,Unfurnished,2.0,West,3,Bhopal,1000.0,6,6,10000000
Multistorey Apartment,Semi-Furnished,2.0,Unknown,6,Bhopal,900.0,2,2,2300000
Residential House,Semi-Furnished,1.0,Unknown,1,Bhopal,1000.0,2,2,5000000
Multistorey Apartment,Unfurnished,3.0,Unknown,4,Bhopal,800.0,2,2,2500000
Multistorey Apartment,Unfurnished,0.0,Unknown,3,Bhopal,1000.0,2,2,2700000
Residential House,Unfurnished,1.0,Unknown,2,Bhopal,2200.0,4,4,8500000
Multistorey Apartment,Unfurnished,1.0,East,6,Bhopal,1000.0,2,1,2100000
Residential House,Semi-Furnished,1.0,Unknown,3,Bhopal,1100.0,3,2,8000000
Villa,Furnished,2.0,Unknown,1,Bhopal,774.0,4,2,7000000
Residential House,Unfurnished,2.0,West,3,Bhopal,1000.0,3,3,4500000
Multistorey Apartment,Semi-Furnished,3.0,Unknown,6,Bhopal,1150.0,2,2,3100000
Residential House,Unfurnished,1.0,East,1,Bhopal,540.0,1,1,1250000
Multistorey Apartment,Unfurnished,4.0,Unknown,4,Bhopal,708.0,2,1,3200000
Residential House,Unfurnished,2.0,Unknown,2,Bhopal,1000.0,4,4,3300000
Residential House,Furnished,0.0,Unknown,2,Bhopal,1000.0,2,2,4500000
Residential House,Furnished,2.0,North,2,Bhopal,1000.0,4,4,3200000
Multistorey Apartment,Furnished,0.0,East,2,Bhopal,900.0,2,2,3800000
Multistorey Apartment,Furnished,3.0,Unknown,3,Bhopal,1000.0,2,2,2300000
Villa,Unfurnished,2.0,Unknown,1,Bhopal,800.0,4,3,6500000
Multistorey Apartment,Unfurnished,7.0,Unknown,4,Bhopal,600.0,2,2,4000000
Builder Floor Apartment,Semi-Furnished,4.0,Unknown,6,Bhopal,1000.0,2,2,2200000
Multistorey Apartment,Furnished,6.0,East,6,Bhopal,1000.0,3,2,3200000
Residential House,Semi-Furnished,0.0,East,1,Bhopal,1200.0,4,3,9650000
Multistorey Apartment,Unfurnished,2.0,Unknown,4,Mumbai,403.0,1,2,6475152
Residential House,Furnished,0.0,Unknown,3,Bhopal,1000.0,3,10,17000000
Multistorey Apartment,Unfurnished,5.0,East,7,Mumbai,435.0,1,2,9500000
Residential House,Unfurnished,2.0,Unknown,2,Bhopal,600.0,2,3,3300000
Multistorey Apartment,Semi-Furnished,8.0,East,8,Mumbai,680.0,2,2,12200000
Multistorey Apartment,Semi-Furnished,7.0,East,21,Mumbai,1068.0,3,2,30000000
Multistorey Apartment,Semi-Furnished,22.0,West,29,Mumbai,900.0,2,2,40500000
Multistorey Apartment,Unfurnished,5.0,East,11,Mumbai,1000.0,1,2,13500000
Multistorey Apartment,Semi-Furnished,7.0,North,7,Mumbai,397.0,1,1,12100000
Multistorey Apartment,Semi-Furnished,58.0,South -West,76,Mumbai,1400.0,3,4,75000000
Multistorey Apartment,Unfurnished,6.0,North,7,Mumbai,660.0,2,2,21500000
Multistorey Apartment,Semi-Furnished,19.0,West,36,Mumbai,1166.0,3,3,47000000
Multistorey Apartment,Unfurnished,2.0,Unknown,4,Mumbai,590.0,2,2,21900000
Multistorey Apartment,Furnished,2.0,East,13,Mumbai,415.0,1,1,11999000
Multistorey Apartment,Semi-Furnished,2.0,East,6,Mumbai,750.0,2,2,18000000
Multistorey Apartment,Furnished,3.0,East,8,Mumbai,415.0,1,2,13000000
Multistorey Apartment,Semi-Furnished,12.0,East,14,Mumbai,914.0,2,2,59900000
Multistorey Apartment,Furnished,12.0,East,17,Mumbai,1525.0,3,3,115500000
Multistorey Apartment,Semi-Furnished,7.0,West,11,Mumbai,554.0,2,2,15200000
Multistorey Apartment,Semi-Furnished,4.0,East,12,Mumbai,750.0,2,2,24500000
Multistorey Apartment,Unfurnished,15.0,East,36,Mumbai,425.0,1,2,7900000
Multistorey Apartment,Unfurnished,2.0,Unknown,20,Mumbai,1000.0,2,2,23600000
Multistorey Apartment,Unfurnished,2.0,Unknown,4,Mumbai,483.0,2,2,14500000
Multistorey Apartment,Semi-Furnished,11.0,West,21,Mumbai,545.0,2,2,13600000
Multistorey Apartment,Unfurnished,15.0,North,21,Mumbai,1000.0,2,2,15228000
Multistorey Apartment,Semi-Furnished,3.0,North - East,8,Mumbai,620.0,2,2,15000000
Multistorey Apartment,Semi-Furnished,5.0,Unknown,5,Jaipur,1600.0,3,3,12500000
Multistorey Apartment,Furnished,5.0,South,12,Mumbai,645.0,2,2,22500000
Residential House,Furnished,0.0,East,2,Jaipur,1000.0,6,5,18500000
Multistorey Apartment,Unfurnished,6.0,East,7,Mumbai,700.0,2,2,19000000
Multistorey Apartment,Unfurnished,21.0,North - East,30,Mumbai,575.0,2,2,15200000
Multistorey Apartment,Furnished,3.0,Unknown,4,Jaipur,1250.0,2,3,13000000
Builder Floor Apartment,Furnished,2.0,Unknown,4,Jaipur,1000.0,3,3,6300000
Multistorey Apartment,Unfurnished,12.0,North - East,19,Mumbai,692.0,2,2,21500000
Builder Floor Apartment,Semi-Furnished,1.0,Unknown,3,Jaipur,1000.0,3,3,3500000
Multistorey Apartment,Semi-Furnished,3.0,Unknown,12,Jaipur,1000.0,3,3,6200000
Residential House,Unfurnished,0.0,Unknown,2,Jaipur,1000.0,8,1,16000000
Multistorey Apartment,Semi-Furnished,4.0,Unknown,8,Jaipur,1000.0,2,3,4000000
Residential House,Semi-Furnished,2.0,Unknown,2,Jaipur,1000.0,8,6,15000000
Builder Floor Apartment,Semi-Furnished,0.0,Unknown,3,Jaipur,1000.0,2,2,1800000
Multistorey Apartment,Semi-Furnished,1.0,Unknown,3,Jaipur,1250.0,3,2,4300000
Residential House,Unfurnished,0.0,Unknown,2,Jaipur,1000.0,5,5,12000000
Multistorey Apartment,Semi-Furnished,2.0,Unknown,4,Jaipur,1000.0,3,3,4500000
Residential House,Semi-Furnished,0.0,Unknown,3,Jaipur,1000.0,6,6,12000000
Builder Floor Apartment,Semi-Furnished,0.0,Unknown,2,Jaipur,1000.0,2,2,2200000
Multistorey Apartment,Semi-Furnished,0.0,Unknown,5,Jaipur,1000.0,3,3,5000000
Builder Floor Apartment,Semi-Furnished,3.0,Unknown,3,Jaipur,850.0,2,2,4200000
Multistorey Apartment,Furnished,15.0,East,18,Jaipur,1000.0,2,2,7000000
Multistorey Apartment,Semi-Furnished,4.0,North,4,Jaipur,1320.0,3,3,11500000
Builder Floor Apartment,Furnished,3.0,Unknown,3,Jaipur,1000.0,3,2,6600000
Multistorey Apartment,Semi-Furnished,6.0,Unknown,6,Jaipur,1270.0,3,2,9000000
Multistorey Apartment,Semi-Furnished,5.0,Unknown,4,Jaipur,1000.0,3,2,7000000
Residential House,Semi-Furnished,2.0,Unknown,2,Jaipur,118.0,4,4,12500000
Builder Floor Apartment,Semi-Furnished,2.0,Unknown,3,Jaipur,1400.0,3,3,3500000
Multistorey Apartment,Semi-Furnished,4.0,Unknown,4,Jaipur,1000.0,2,2,4900000
Multistorey Apartment,Semi-Furnished,1.0,Unknown,1,Jaipur,2000.0,4,2,19000000
Residential House,Unfurnished,0.0,South -West,3,Chandigarh,250.0,5,3,50000000
Multistorey Apartment,Semi-Furnished,7.0,North - East,10,Chandigarh,1000.0,3,3,7290000
Multistorey Apartment,Semi-Furnished,2.0,West,14,Chandigarh,1730.0,4,4,11000000
Builder Floor Apartment,Semi-Furnished,2.0,North - East,3,Chandigarh,1200.0,3,3,4390000
Multistorey Apartment,Unfurnished,2.0,East,10,Chandigarh,1329.0,3,3,7320000
Multistorey Apartment,Semi-Furnished,3.0,East,7,Chandigarh,1525.0,3,3,7150000
Residential House,Unfurnished,0.0,North - West,2,Chandigarh,300.0,4,4,65000000
Multistorey Apartment,Semi-Furnished,2.0,North - West,3,Chandigarh,1000.0,3,2,15500000
Residential House,Semi-Furnished,0.0,South - East,2,Chandigarh,4560.0,6,5,85000000
Villa,Semi-Furnished,2.0,East,3,Chandigarh,8.0,3,2,50000000
Multistorey Apartment,Semi-Furnished,2.0,Unknown,4,Chandigarh,1000.0,4,4,21000000
Multistorey Apartment,Semi-Furnished,4.0,North - East,14,Chandigarh,1300.0,3,3,12500000
Residential House,Unfurnished,0.0,East,3,Chandigarh,2200.0,5,4,31500000
Villa,Semi-Furnished,2.0,East,3,Chandigarh,4500.0,3,2,70000000
Villa,Semi-Furnished,2.0,North - East,2,Chandigarh,3.0,6,5,370000000
Residential House,Unfurnished,0.0,South - East,3,Chandigarh,1000.0,5,4,36000000
Residential House,Semi-Furnished,0.0,North - East,1,Chandigarh,2499.0,6,5,50000000
Multistorey Apartment,Semi-Furnished,20.0,East,21,Chandigarh,1200.0,3,3,11000000
Multistorey Apartment,Semi-Furnished,5.0,East,7,Chandigarh,1350.0,3,3,7990000
Multistorey Apartment,Semi-Furnished,8.0,East,21,Chandigarh,976.0,3,2,7100000
Multistorey Apartment,Unfurnished,5.0,West,10,Bhopal,1810.0,3,3,4500000
Multistorey Apartment,Furnished,4.0,Unknown,10,Chandigarh,1800.0,3,3,9800000
Multistorey Apartment,Unfurnished,1.0,West,3,Bhopal,650.0,2,1,2000000
Multistorey Apartment,Semi-Furnished,4.0,North - East,13,Chandigarh,1100.0,2,2,4490000
Multistorey Apartment,Unfurnished,0.0,North,2,Bhopal,750.0,2,2,2600000
Builder Floor Apartment,Unfurnished,0.0,East,4,Bhopal,1000.0,2,2,2500000
Builder Floor Apartment,Furnished,1.0,Unknown,4,Bhopal,1000.0,2,2,1700000
Multistorey Apartment,Unfurnished,4.0,Unknown,6,Bhopal,815.0,2,2,1700000
Multistorey Apartment,Semi-Furnished,4.0,Unknown,6,Bhopal,1000.0,3,2,2310000
Multistorey Apartment,Furnished,2.0,West,2,Bhopal,700.0,2,2,2500000
Residential House,Semi-Furnished,0.0,Unknown,1,Bhopal,1000.0,4,3,7000000
Multistorey Apartment,Semi-Furnished,1.0,Unknown,3,Bhopal,670.0,2,2,2300000
Penthouse,Unfurnished,2.0,Unknown,2,Bhopal,1000.0,3,3,2500000
Residential House,Semi-Furnished,2.0,Unknown,3,Bhopal,1000.0,10,6,12000000
Residential House,Unfurnished,2.0,Unknown,2,Bhopal,1000.0,4,3,7000000
Residential House,Semi-Furnished,1.0,Unknown,2,Bhopal,1000.0,3,3,6000000
Multistorey Apartment,Unfurnished,1.0,East,4,Bhopal,1000.0,2,2,2499000
Multistorey Apartment,Unfurnished,7.0,East,8,Bhopal,1000.0,3,2,3400000
Multistorey Apartment,Unfurnished,6.0,East,8,Bhopal,1150.0,3,2,3400000
Builder Floor Apartment,Unfurnished,2.0,West,6,Bhopal,1000.0,3,2,2800000
Residential House,Unfurnished,2.0,Unknown,2,Bhopal,800.0,4,4,4200000
Residential House,Unfurnished,2.0,North - East,1,Bhopal,1000.0,2,2,7500000
Multistorey Apartment,Unfurnished,3.0,East,4,Mumbai,1062.0,2,2,65000000
Multistorey Apartment,Semi-Furnished,10.0,East,11,Mumbai,1100.0,3,3,30800000
Multistorey Apartment,Unfurnished,8.0,North - East,22,Mumbai,800.0,2,2,27000000
Multistorey Apartment,Unfurnished,8.0,East,12,Mumbai,1168.0,3,3,56000000
Multistorey Apartment,Unfurnished,15.0,West,15,Mumbai,455.0,1,2,12100000
Multistorey Apartment,Furnished,1.0,East,7,Mumbai,700.0,2,2,22500000
Multistorey Apartment,Furnished,5.0,East,21,Mumbai,1700.0,4,5,47500000
Multistorey Apartment,Unfurnished,2.0,East,4,Mumbai,655.0,2,2,20660000
Multistorey Apartment,Unfurnished,3.0,East,12,Mumbai,700.0,2,2,20000000
Multistorey Apartment,Furnished,5.0,North - East,18,Mumbai,1210.0,3,3,32000000
Multistorey Apartment,Unfurnished,6.0,East,22,Mumbai,1650.0,4,4,60000000
Studio Apartment,Unfurnished,2.0,Unknown,4,Mumbai,305.0,3,2,5700000
Multistorey Apartment,Unfurnished,5.0,East,6,Mumbai,220.0,1,1,5200000
Multistorey Apartment,Unfurnished,5.0,East,14,Mumbai,795.0,3,3,22500000
Multistorey Apartment,Semi-Furnished,8.0,West,10,Mumbai,1100.0,3,3,27500000
Multistorey Apartment,Semi-Furnished,3.0,East,13,Mumbai,400.0,1,1,13500000
Multistorey Apartment,Unfurnished,1.0,East,3,Mumbai,684.0,2,2,27400000
Multistorey Apartment,Semi-Furnished,8.0,East,45,Mumbai,1800.0,4,4,62500000
Multistorey Apartment,Semi-Furnished,4.0,East,14,Mumbai,440.0,1,2,4100100
Residential House,Unfurnished,2.0,Unknown,2,Jaipur,1050.0,3,2,4750000
Multistorey Apartment,Furnished,7.0,North,15,Mumbai,1050.0,2,2,33000000
Residential House,Furnished,2.0,Unknown,2,Jaipur,1000.0,2,2,4500000
Residential House,Semi-Furnished,0.0,Unknown,2,Jaipur,1000.0,7,7,22500000
Multistorey Apartment,Semi-Furnished,3.0,Unknown,3,Jaipur,1000.0,2,2,3500000
Builder Floor Apartment,Unfurnished,1.0,East,3,Jaipur,900.0,3,3,4500000
Builder Floor Apartment,Semi-Furnished,3.0,Unknown,3,Jaipur,1000.0,3,2,3500000
Multistorey Apartment,Unfurnished,18.0,East,22,Mumbai,369.0,1,1,7000000
Multistorey Apartment,Semi-Furnished,4.0,East,12,Mumbai,700.0,2,2,18500000
Multistorey Apartment,Furnished,6.0,South - East,6,Jaipur,900.0,2,2,5200000
Multistorey Apartment,Semi-Furnished,3.0,Unknown,3,Jaipur,1000.0,3,2,4500000
Multistorey Apartment,Furnished,2.0,West,2,Jaipur,1200.0,3,3,7000000
Multistorey Apartment,Semi-Furnished,2.0,Unknown,4,Jaipur,1000.0,3,3,7500000
Penthouse,Semi-Furnished,6.0,North - East,6,Jaipur,1000.0,3,3,7500000
Multistorey Apartment,Semi-Furnished,1.0,North,5,Jaipur,1552.0,3,3,5600000
Multistorey Apartment,Furnished,6.0,South,6,Jaipur,1000.0,2,2,5200000
Multistorey Apartment,Semi-Furnished,3.0,East,10,Jaipur,1000.0,3,3,7000000
Builder Floor Apartment,Semi-Furnished,2.0,East,4,Jaipur,1000.0,3,2,2900000
Villa,Semi-Furnished,2.0,South,2,Jaipur,2700.0,3,4,11000000
Villa,Unfurnished,2.0,North - East,2,Jaipur,1600.0,3,2,4200000
Multistorey Apartment,Furnished,5.0,Unknown,8,Jaipur,1400.0,2,2,14000000
Multistorey Apartment,Unfurnished,1.0,Unknown,5,Jaipur,1000.0,3,2,3600000
Residential House,Semi-Furnished,0.0,East,1,Jaipur,85.0,2,1,2650000
Multistorey Apartment,Semi-Furnished,0.0,Unknown,4,Jaipur,1250.0,4,3,5600000
Residential House,Unfurnished,2.0,Unknown,2,Jaipur,5000.0,5,4,23000000
Multistorey Apartment,Semi-Furnished,3.0,Unknown,12,Jaipur,1000.0,2,2,3800000
Villa,Unfurnished,2.0,Unknown,2,Jaipur,1000.0,6,2,6500000
Residential House,Unfurnished,2.0,Unknown,1,Jaipur,1000.0,2,2,13000000
Multistorey Apartment,Semi-Furnished,5.0,Unknown,4,Jaipur,1000.0,1,1,1700000
Residential House,Semi-Furnished,2.0,Unknown,2,Jaipur,1480.0,4,4,13000000
Residential House,Unfurnished,0.0,Unknown,1,Jaipur,1000.0,2,2,3200000
Builder Floor Apartment,Semi-Furnished,2.0,Unknown,3,Jaipur,780.0,2,2,2300000
Residential House,Semi-Furnished,0.0,Unknown,3,Jaipur,1000.0,5,4,22500000
Multistorey Apartment,Unfurnished,3.0,Unknown,3,Jaipur,1000.0,1,1,2400000
Builder Floor Apartment,Semi-Furnished,0.0,Unknown,3,Jaipur,1000.0,3,2,2500000
Multistorey Apartment,Semi-Furnished,5.0,Unknown,7,Jaipur,1000.0,3,3,9700000
Villa,Unfurnished,2.0,North - West,3,Chandigarh,3600.0,3,7,56500000
Residential House,Semi-Furnished,2.0,North - East,2,Chandigarh,1800.0,3,3,27000000
Multistorey Apartment,Unfurnished,5.0,North - East,12,Chandigarh,1550.0,3,3,15300000
Residential House,Unfurnished,0.0,Unknown,2,Chandigarh,2300.0,6,5,50000000
Multistorey Apartment,Semi-Furnished,2.0,East,3,Chandigarh,1000.0,3,2,3347000
Multistorey Apartment,Unfurnished,2.0,North - East,7,Chandigarh,1350.0,3,3,7450000
Residential House,Unfurnished,0.0,North - West,2,Chandigarh,1000.0,5,4,120000000
Multistorey Apartment,Semi-Furnished,15.0,North - East,15,Chandigarh,2080.0,3,3,12500000
Builder Floor Apartment,Semi-Furnished,3.0,Unknown,4,Jaipur,1000.0,3,3,3500000
Multistorey Apartment,Semi-Furnished,2.0,Unknown,4,Chandigarh,1000.0,3,3,9850000
Studio Apartment,Semi-Furnished,2.0,Unknown,5,Chandigarh,1000.0,3,1,6300000
Multistorey Apartment,Semi-Furnished,2.0,Unknown,13,Chandigarh,1000.0,3,3,9357800
Multistorey Apartment,Furnished,2.0,Unknown,6,Chandigarh,1000.0,2,2,5571320
Multistorey Apartment,Unfurnished,5.0,North - East,13,Chandigarh,1000.0,3,4,12500000
Multistorey Apartment,Semi-Furnished,1.0,East,5,Chandigarh,1000.0,3,3,4800000
Multistorey Apartment,Semi-Furnished,5.0,North - East,22,Chandigarh,1000.0,3,3,11500000
Multistorey Apartment,Semi-Furnished,2.0,East,4,Chandigarh,1050.0,3,3,6900000
Multistorey Apartment,Semi-Furnished,5.0,North - East,13,Chandigarh,1000.0,3,3,14490000
Multistorey Apartment,Semi-Furnished,10.0,North - East,14,Chandigarh,1000.0,3,3,9200000
Multistorey Apartment,Unfurnished,6.0,North - East,13,Chandigarh,1000.0,3,3,9280000
Multistorey Apartment,Semi-Furnished,3.0,East,4,Chandigarh,1350.0,3,3,7000000
Villa,Semi-Furnished,2.0,East,2,Chandigarh,2100.0,3,4,11500000
Villa,Semi-Furnished,2.0,East,2,Chandigarh,1070.0,5,5,8990000
Residential House,Semi-Furnished,0.0,East,2,Chandigarh,1530.0,3,3,27000000
Multistorey Apartment,Semi-Furnished,5.0,North - East,13,Chandigarh,1450.0,3,3,7650000
Multistorey Apartment,Semi-Furnished,2.0,North,11,Chandigarh,1000.0,3,2,6000000
Multistorey Apartment,Semi-Furnished,6.0,East,13,Chandigarh,1550.0,3,3,8500000
Builder Floor Apartment,Semi-Furnished,3.0,North - East,3,Chandigarh,1060.0,3,3,6890000
Residential House,Unfurnished,1.0,South -West,3,Chandigarh,2850.0,4,4,135000000
Multistorey Apartment,Semi-Furnished,5.0,North,14,Chandigarh,1000.0,3,3,8500000
Multistorey Apartment,Unfurnished,1.0,East,3,Chandigarh,900.0,2,2,8000000
Builder Floor Apartment,Semi-Furnished,2.0,North - East,4,Chandigarh,1195.0,3,3,6850000
Multistorey Apartment,Semi-Furnished,6.0,North - East,7,Chandigarh,1448.0,3,3,5900000
Multistorey Apartment,Semi-Furnished,5.0,North - East,12,Chandigarh,1350.0,3,4,14800000
Multistorey Apartment,Unfurnished,2.0,North - East,3,Chandigarh,1000.0,3,3,5721000
Multistorey Apartment,Semi-Furnished,3.0,Unknown,6,Chandigarh,841.0,2,2,5010000
Residential House,Unfurnished,2.0,Unknown,2,Bhopal,950.0,4,4,5000000
Multistorey Apartment,Semi-Furnished,8.0,North - East,11,Chandigarh,1000.0,3,3,9560000
Multistorey Apartment,Semi-Furnished,1.0,North - East,14,Chandigarh,989.0,3,2,9357800
Multistorey Apartment,Unfurnished,4.0,North,14,Chandigarh,1600.0,4,4,13995000
Multistorey Apartment,Semi-Furnished,5.0,North - East,14,Chandigarh,1000.0,3,3,8500000
Residential House,Unfurnished,1.0,East,1,Bhopal,646.0,2,2,2990000
Multistorey Apartment,Semi-Furnished,3.0,East,3,Bhopal,350.0,1,1,1825000
Residential House,Semi-Furnished,0.0,Unknown,2,Bhopal,1000.0,4,4,13000000
Multistorey Apartment,Unfurnished,4.0,North - East,5,Bhopal,991.0,2,2,1990000
Villa,Semi-Furnished,2.0,East,2,Bhopal,1600.0,3,3,22000000
Residential House,Unfurnished,0.0,Unknown,2,Bhopal,880.0,3,3,5800000
Multistorey Apartment,Semi-Furnished,3.0,East,3,Bhopal,520.0,2,2,1850000
Multistorey Apartment,Unfurnished,6.0,Unknown,7,Bhopal,1000.0,3,2,2200000
Residential House,Semi-Furnished,0.0,Unknown,2,Bhopal,1000.0,5,5,23000000
Multistorey Apartment,Semi-Furnished,6.0,Unknown,6,Bhopal,1000.0,2,2,2500000
Residential House,Unfurnished,1.0,East,2,Bhopal,2100.0,3,3,2700000
Multistorey Apartment,Semi-Furnished,3.0,Unknown,4,Bhopal,1000.0,4,3,8500000
Builder Floor Apartment,Unfurnished,2.0,Unknown,3,Bhopal,1000.0,2,2,2500000
Penthouse,Unfurnished,2.0,East,3,Bhopal,1000.0,3,3,2400000
Residential House,Semi-Furnished,0.0,Unknown,3,Bhopal,1000.0,5,5,2200000
Residential House,Semi-Furnished,1.0,Unknown,2,Bhopal,1000.0,4,4,4200000
Multistorey Apartment,Semi-Furnished,4.0,Unknown,6,Bhopal,1000.0,3,3,4500000
Residential House,Unfurnished,2.0,Unknown,1,Bhopal,1000.0,3,2,5500000
Multistorey Apartment,Unfurnished,3.0,East,6,Bhopal,1027.0,2,2,2300000
Multistorey Apartment,Semi-Furnished,1.0,Unknown,4,Bhopal,1100.0,3,2,4300000
Multistorey Apartment,Semi-Furnished,2.0,Unknown,3,Bhopal,1000.0,2,2,2300000
Builder Floor Apartment,Semi-Furnished,1.0,Unknown,4,Bhopal,1000.0,2,2,2000000
Residential House,Unfurnished,0.0,Unknown,2,Bhopal,1000.0,3,3,6500000
Multistorey Apartment,Unfurnished,1.0,Unknown,4,Bhopal,1000.0,2,2,2400000
Multistorey Apartment,Unfurnished,1.0,East,3,Bhopal,565.0,2,2,3400000
Multistorey Apartment,Unfurnished,1.0,East,24,Mumbai,705.0,2,2,19500000
Multistorey Apartment,Unfurnished,2.0,East,18,Mumbai,3250.0,5,6,149999999
Multistorey Apartment,Unfurnished,10.0,East,36,Mumbai,900.0,3,2,42500000
Multistorey Apartment,Furnished,13.0,East,14,Mumbai,1850.0,3,4,70000000
Multistorey Apartment,Semi-Furnished,12.0,East,24,Mumbai,370.0,1,3,3500000
Builder Floor Apartment,Unfurnished,0.0,Unknown,3,Bhopal,1000.0,2,2,2000000
Multistorey Apartment,Unfurnished,10.0,North - East,35,Mumbai,800.0,2,2,13500000
Residential House,Semi-Furnished,1.0,Unknown,1,Bhopal,1000.0,3,2,7900000
Multistorey Apartment,Semi-Furnished,2.0,East,16,Mumbai,616.0,2,2,15200000
Multistorey Apartment,Unfurnished,8.0,North,10,Mumbai,830.0,2,2,22000000
Multistorey Apartment,Unfurnished,14.0,East,17,Mumbai,1450.0,3,3,62000000
Multistorey Apartment,Unfurnished,18.0,East,23,Mumbai,645.0,2,2,18000000
Multistorey Apartment,Furnished,7.0,West,8,Mumbai,800.0,2,2,20000000
Multistorey Apartment,Semi-Furnished,13.0,East,22,Mumbai,625.0,2,2,13500000
Multistorey Apartment,Unfurnished,12.0,East,17,Mumbai,1250.0,3,3,55000000
Multistorey Apartment,Unfurnished,2.0,East,20,Mumbai,1000.0,3,3,36000000
Multistorey Apartment,Semi-Furnished,14.0,East,19,Mumbai,1100.0,3,3,76000000
Multistorey Apartment,Unfurnished,5.0,East,23,Mumbai,671.0,2,2,9560000
Multistorey Apartment,Unfurnished,15.0,East,20,Mumbai,1150.0,3,3,70000000
Multistorey Apartment,Semi-Furnished,22.0,North - East,33,Mumbai,571.0,2,2,4900000
Multistorey Apartment,Semi-Furnished,2.0,East,22,Mumbai,680.0,2,2,17700000
Multistorey Apartment,Unfurnished,5.0,East,19,Mumbai,435.0,1,2,8400000
Multistorey Apartment,Unfurnished,10.0,North - West,13,Mumbai,742.0,2,2,24335526
Multistorey Apartment,Unfurnished,12.0,East,39,Mumbai,639.0,2,2,16961281
Multistorey Apartment,Unfurnished,6.0,East,20,Mumbai,418.0,1,2,5000000
Multistorey Apartment,Semi-Furnished,2.0,East,16,Mumbai,950.0,3,3,26500000
Multistorey Apartment,Unfurnished,8.0,East,28,Mumbai,380.0,1,2,17000000
Multistorey Apartment,Unfurnished,7.0,West,14,Mumbai,382.0,1,1,7200000
Multistorey Apartment,Unfurnished,1.0,Unknown,3,Jaipur,700.0,2,2,4500000
Multistorey Apartment,Semi-Furnished,15.0,Unknown,24,Mumbai,965.0,3,2,33500000
Residential House,Semi-Furnished,2.0,Unknown,2,Jaipur,1000.0,3,2,10000000
Residential House,Semi-Furnished,0.0,West,2,Jaipur,1485.0,5,3,12000000
Multistorey Apartment,Unfurnished,2.0,Unknown,4,Jaipur,1410.0,3,2,7000000
Multistorey Apartment,Unfurnished,3.0,North - East,11,Jaipur,1000.0,3,4,6000000
Multistorey Apartment,Unfurnished,3.0,East,5,Jaipur,1100.0,3,3,7000000
Multistorey Apartment,Semi-Furnished,1.0,North,3,Jaipur,900.0,2,2,4100000
Builder Floor Apartment,Semi-Furnished,1.0,Unknown,6,Jaipur,1000.0,3,2,4900000
Residential House,Unknown,2.0,Unknown,4,Jaipur,1000.0,2,2,9000000
Villa,Semi-Furnished,2.0,West,2,Jaipur,1000.0,3,4,5000000
Builder Floor Apartment,Semi-Furnished,2.0,Unknown,4,Jaipur,1000.0,1,1,2900000
Villa,Unfurnished,2.0,Unknown,1,Jaipur,1000.0,2,2,5000000
Residential House,Unfurnished,-1.0,Unknown,2,Jaipur,1000.0,4,4,9200000
Builder Floor Apartment,Semi-Furnished,0.0,Unknown,1,Jaipur,1000.0,2,2,1300000
Multistorey Apartment,Semi-Furnished,2.0,Unknown,4,Jaipur,1000.0,2,2,3500000
Multistorey Apartment,Semi-Furnished,3.0,North,4,Jaipur,1000.0,2,2,6000000
Multistorey Apartment,Semi-Furnished,0.0,East,3,Jaipur,1000.0,2,2,4800000
Multistorey Apartment,Semi-Furnished,1.0,Unknown,3,Jaipur,1000.0,3,2,4200000
Residential House,Furnished,0.0,Unknown,1,Jaipur,1000.0,4,2,8500000
Villa,Furnished,2.0,Unknown,2,Jaipur,2000.0,3,4,16500000
Multistorey Apartment,Furnished,1.0,East,3,Jaipur,1185.0,3,2,8500000
Multistorey Apartment,Furnished,2.0,East,10,Jaipur,1000.0,2,2,3200000
Multistorey Apartment,Unfurnished,5.0,Unknown,13,Jaipur,1000.0,3,3,5600000
Residential House,Semi-Furnished,2.0,Unknown,1,Jaipur,200.0,3,3,20000000
Residential House,Unknown,2.0,Unknown,4,Jaipur,1000.0,3,2,8500000
Multistorey Apartment,Furnished,2.0,North - East,4,Chandigarh,1300.0,3,3,8650000
Multistorey Apartment,Semi-Furnished,0.0,Unknown,6,Jaipur,1120.0,3,2,5500000
Multistorey Apartment,Unfurnished,5.0,East,8,Chandigarh,1321.0,3,3,8500000
Multistorey Apartment,Semi-Furnished,2.0,Unknown,12,Chandigarh,1350.0,3,3,7150000
Multistorey Apartment,Semi-Furnished,4.0,East,12,Chandigarh,1000.0,3,3,12800000
Multistorey Apartment,Unfurnished,2.0,North - East,13,Chandigarh,910.0,2,2,7701000
Multistorey Apartment,Semi-Furnished,8.0,East,13,Chandigarh,1130.0,3,3,8900000
Multistorey Apartment,Semi-Furnished,8.0,North - East,10,Chandigarh,1000.0,3,3,7200000
Multistorey Apartment,Semi-Furnished,5.0,East,13,Chandigarh,1420.0,3,3,7300000
Multistorey Apartment,Semi-Furnished,5.0,East,14,Chandigarh,1600.0,4,4,16950000
Multistorey Apartment,Semi-Furnished,2.0,East,12,Chandigarh,1000.0,3,3,13000000
Multistorey Apartment,Semi-Furnished,3.0,North - East,11,Chandigarh,1050.0,3,3,10600000
Multistorey Apartment,Semi-Furnished,5.0,North,22,Chandigarh,1681.0,3,5,17225000
Multistorey Apartment,Unfurnished,4.0,East,10,Chandigarh,950.0,2,2,3950000
Multistorey Apartment,Semi-Furnished,2.0,North - East,4,Chandigarh,1305.0,3,3,5990000
Builder Floor Apartment,Semi-Furnished,1.0,Unknown,3,Chandigarh,1000.0,3,3,6990000
Multistorey Apartment,Semi-Furnished,12.0,Unknown,14,Chandigarh,1138.0,3,4,7200000
Residential House,Semi-Furnished,2.0,South - East,1,Chandigarh,1000.0,4,3,102500000
Multistorey Apartment,Semi-Furnished,2.0,North - East,3,Chandigarh,1090.0,2,2,8500000
Villa,Semi-Furnished,2.0,Unknown,3,Bhopal,1000.0,3,4,8400000
Multistorey Apartment,Semi-Furnished,2.0,North - East,13,Chandigarh,732.0,2,2,7900000
Villa,Unfurnished,2.0,Unknown,3,Bhopal,2600.0,4,3,9300000
Multistorey Apartment,Unknown,2.0,Unknown,4,Chandigarh,1000.0,3,2,4500000
Multistorey Apartment,Semi-Furnished,2.0,South,6,Bhopal,1000.0,2,2,3000000
Multistorey Apartment,Unfurnished,3.0,Unknown,4,Bhopal,1000.0,2,2,2700000
Villa,Unfurnished,2.0,Unknown,1,Bhopal,1250.0,4,2,3800000
Multistorey Apartment,Semi-Furnished,3.0,Unknown,3,Bhopal,1000.0,2,2,3200000
Multistorey Apartment,Semi-Furnished,1.0,East,3,Chandigarh,800.0,2,2,2900000
Multistorey Apartment,Semi-Furnished,3.0,Unknown,6,Bhopal,1000.0,3,2,3000000
Villa,Furnished,2.0,East,2,Bhopal,1000.0,4,4,16000000
Residential House,Semi-Furnished,2.0,Unknown,1,Bhopal,1100.0,3,4,9000000
Builder Floor Apartment,Semi-Furnished,1.0,Unknown,4,Bhopal,1000.0,2,2,2600000
Villa,Unfurnished,2.0,Unknown,2,Bhopal,840.0,3,2,4000000
Residential House,Furnished,2.0,Unknown,1,Bhopal,800.0,2,2,4500000
Builder Floor Apartment,Unknown,2.0,Unknown,4,Bhopal,1000.0,3,2,3500000
Multistorey Apartment,Unfurnished,1.0,Unknown,8,Bhopal,1000.0,3,2,4000000
Residential House,Semi-Furnished,2.0,Unknown,2,Bhopal,1000.0,5,3,15000000
Builder Floor Apartment,Unknown,2.0,Unknown,2,Bhopal,1000.0,2,2,4000000
Residential House,Semi-Furnished,1.0,South,1,Bhopal,1300.0,2,2,8000000
Residential House,Unfurnished,2.0,Unknown,1,Bhopal,1035.0,4,3,6500000
Residential House,Unfurnished,1.0,Unknown,2,Bhopal,1000.0,3,2,2700000
Residential House,Semi-Furnished,2.0,Unknown,3,Bhopal,1000.0,2,3,6200000
Multistorey Apartment,Unfurnished,5.0,Unknown,7,Bhopal,1000.0,2,2,2100000
Multistorey Apartment,Unfurnished,3.0,Unknown,3,Bhopal,1000.0,3,3,2700000
Residential House,Semi-Furnished,0.0,Unknown,3,Bhopal,1000.0,6,6,15000000
Multistorey Apartment,Unfurnished,1.0,Unknown,3,Bhopal,1000.0,3,2,3000000
Multistorey Apartment,Unfurnished,15.0,East,23,Mumbai,375.0,1,1,2950000
Multistorey Apartment,Unfurnished,15.0,North,15,Mumbai,400.0,1,1,4500000
Multistorey Apartment,Unfurnished,2.0,East,14,Mumbai,1197.0,3,4,37100000
Multistorey Apartment,Unfurnished,21.0,East,36,Mumbai,655.0,2,2,17400000
Multistorey Apartment,Unfurnished,2.0,North,23,Mumbai,520.0,2,2,10600000
Multistorey Apartment,Unfurnished,16.0,East,22,Mumbai,560.0,2,2,14700000
Multistorey Apartment,Semi-Furnished,56.0,East,78,Mumbai,1092.0,3,3,62500000
Multistorey Apartment,Semi-Furnished,10.0,East,18,Mumbai,810.0,2,2,21100000
Multistorey Apartment,Furnished,5.0,North,11,Mumbai,622.0,2,2,15500000
Multistorey Apartment,Semi-Furnished,3.0,East,7,Mumbai,1300.0,3,3,56000000
Multistorey Apartment,Semi-Furnished,8.0,East,21,Mumbai,900.0,3,3,26000000
Multistorey Apartment,Unfurnished,45.0,East,54,Mumbai,864.0,2,2,22000000
Multistorey Apartment,Unfurnished,11.0,East,30,Mumbai,1121.0,3,3,67900000
Multistorey Apartment,Furnished,4.0,East,4,Mumbai,700.0,2,2,13000000
Multistorey Apartment,Unfurnished,14.0,East,62,Mumbai,912.0,3,2,27500000
Multistorey Apartment,Unfurnished,26.0,East,33,Mumbai,572.0,2,2,12000000
Multistorey Apartment,Unfurnished,25.0,East,32,Mumbai,415.0,1,2,3550000
Multistorey Apartment,Unfurnished,2.0,East,23,Mumbai,780.0,3,2,7500000
Multistorey Apartment,Unfurnished,26.0,North - East,35,Mumbai,1270.0,3,3,56000000
Multistorey Apartment,Furnished,2.0,East,7,Mumbai,1600.0,4,4,54800000
Multistorey Apartment,Unfurnished,7.0,Unknown,12,Mumbai,681.0,2,2,22000000
Multistorey Apartment,Unfurnished,5.0,East,21,Mumbai,428.0,1,2,11000000
Multistorey Apartment,Unfurnished,10.0,North - East,35,Mumbai,330.0,1,2,9400000
Multistorey Apartment,Unfurnished,7.0,East,14,Mumbai,1200.0,2,2,24500000
Multistorey Apartment,Unfurnished,11.0,North,15,Mumbai,788.0,2,2,47500000
Multistorey Apartment,Unfurnished,3.0,East,8,Jaipur,929.0,2,2,4500000
Multistorey Apartment,Unfurnished,15.0,North - West,32,Mumbai,645.0,2,2,11616000
Multistorey Apartment,Semi-Furnished,4.0,Unknown,10,Jaipur,1000.0,2,2,2700000
Multistorey Apartment,Semi-Furnished,4.0,East,4,Mumbai,400.0,1,2,3100000
Multistorey Apartment,Semi-Furnished,6.0,West,7,Mumbai,1560.0,4,4,100000000
Residential House,Semi-Furnished,0.0,Unknown,2,Jaipur,1000.0,3,2,3500000
Multistorey Apartment,Semi-Furnished,2.0,Unknown,12,Jaipur,1000.0,2,2,4200000
Multistorey Apartment,Semi-Furnished,3.0,Unknown,5,Jaipur,1800.0,3,3,9000000
Multistorey Apartment,Furnished,1.0,East,4,Jaipur,538.0,2,2,4000000
Builder Floor Apartment,Semi-Furnished,2.0,Unknown,3,Jaipur,1000.0,2,2,2500000
Builder Floor Apartment,Semi-Furnished,0.0,Unknown,3,Jaipur,1000.0,3,2,2600000
Residential House,Unfurnished,0.0,Unknown,1,Jaipur,1000.0,2,1,5500000
Builder Floor Apartment,Semi-Furnished,0.0,Unknown,3,Jaipur,1000.0,2,2,3800000
Residential House,Unfurnished,1.0,North,1,Jaipur,508.0,1,1,3500000
Residential House,Semi-Furnished,0.0,Unknown,1,Jaipur,1000.0,2,1,13000000
Villa,Semi-Furnished,2.0,Unknown,2,Jaipur,1000.0,4,4,12100000
Builder Floor Apartment,Unfurnished,2.0,Unknown,3,Jaipur,1000.0,2,2,2300000
Builder Floor Apartment,Unfurnished,0.0,Unknown,3,Jaipur,1000.0,3,3,5000000
Builder Floor Apartment,Furnished,5.0,Unknown,5,Jaipur,1400.0,3,2,5500000
Multistorey Apartment,Semi-Furnished,2.0,Unknown,3,Jaipur,947.0,2,2,5500000
Multistorey Apartment,Unfurnished,0.0,Unknown,3,Jaipur,900.0,2,2,3000000
Builder Floor Apartment,Semi-Furnished,0.0,Unknown,3,Jaipur,1000.0,2,2,2300000
Residential House,Semi-Furnished,2.0,Unknown,2,Jaipur,1000.0,7,7,14000000
Multistorey Apartment,Semi-Furnished,2.0,Unknown,10,Jaipur,1000.0,2,2,2900000
Residential House,Semi-Furnished,0.0,Unknown,2,Jaipur,1050.0,4,4,10500000
Residential House,Unfurnished,0.0,East,1,Jaipur,100.0,3,3,5000000
Builder Floor Apartment,Semi-Furnished,2.0,Unknown,2,Jaipur,1000.0,2,2,2200000
Multistorey Apartment,Semi-Furnished,1.0,Unknown,3,Jaipur,950.0,3,2,2890000
Builder Floor Apartment,Semi-Furnished,2.0,West,2,Jaipur,1000.0,2,2,2450000
Residential House,Furnished,0.0,Unknown,2,Jaipur,1000.0,3,3,11000000
Residential House,Unfurnished,1.0,South -West,3,Chandigarh,5000.0,7,7,120000000
Multistorey Apartment,Semi-Furnished,3.0,North - East,4,Chandigarh,1445.0,3,3,4590000
Multistorey Apartment,Semi-Furnished,2.0,North - West,4,Chandigarh,925.0,3,3,6290000
Villa,Unfurnished,2.0,East,3,Chandigarh,4500.0,6,5,42500000
Multistorey Apartment,Semi-Furnished,3.0,East,6,Chandigarh,1012.0,3,2,5650000
Residential House,Semi-Furnished,2.0,North,3,Chandigarh,6500.0,3,8,85000000
Multistorey Apartment,Semi-Furnished,7.0,North - East,10,Chandigarh,1000.0,3,3,7228200
Builder Floor Apartment,Semi-Furnished,2.0,North - East,4,Chandigarh,1500.0,3,3,6990000
Multistorey Apartment,Semi-Furnished,5.0,East,10,Chandigarh,1435.0,3,3,6900000
Residential House,Unfurnished,0.0,South - East,1,Chandigarh,500.0,5,5,90000000
Multistorey Apartment,Semi-Furnished,1.0,North - West,2,Chandigarh,1000.0,2,2,11000000
Multistorey Apartment,Semi-Furnished,1.0,North - East,4,Chandigarh,1050.0,3,3,6590000
Villa,Semi-Furnished,2.0,East,2,Chandigarh,1000.0,6,6,185000000
Residential House,Unfurnished,0.0,North - East,2,Chandigarh,4520.0,6,5,84500000
Multistorey Apartment,Semi-Furnished,8.0,North - East,12,Chandigarh,1000.0,2,2,4500000
Multistorey Apartment,Semi-Furnished,4.0,North - East,13,Chandigarh,1735.0,3,3,6600000
Residential House,Unfurnished,0.0,East,1,Chandigarh,2400.0,4,4,47500000
Multistorey Apartment,Semi-Furnished,2.0,Unknown,4,Chandigarh,1000.0,4,4,15900000
Villa,Semi-Furnished,2.0,East,2,Chandigarh,1.0,5,5,120000000
Multistorey Apartment,Semi-Furnished,3.0,North - East,13,Chandigarh,2200.0,5,4,19900000
Multistorey Apartment,Unfurnished,2.0,South - East,6,Chandigarh,1000.0,3,3,14000000
Multistorey Apartment,Semi-Furnished,10.0,Unknown,10,Chandigarh,2200.0,5,5,12500000
Multistorey Apartment,Semi-Furnished,5.0,North,5,Chandigarh,1000.0,4,3,13500000
Multistorey Apartment,Semi-Furnished,1.0,East,2,Chandigarh,1100.0,3,2,14000000
Residential House,Unfurnished,1.0,North,3,Bhopal,925.0,3,3,8800000
Residential House,Unfurnished,2.0,Unknown,2,Bhopal,1200.0,2,2,4000000
Multistorey Apartment,Semi-Furnished,8.0,South - East,13,Chandigarh,1100.0,3,3,10500000
Residential House,Semi-Furnished,2.0,East,2,Bhopal,1000.0,3,3,3000000
Builder Floor Apartment,Semi-Furnished,2.0,Unknown,3,Bhopal,1000.0,2,2,2000000
Builder Floor Apartment,Unfurnished,1.0,Unknown,3,Bhopal,1000.0,2,2,3200000
Residential House,Unfurnished,2.0,Unknown,3,Bhopal,1000.0,6,6,6500000
Residential House,Furnished,1.0,West,1,Bhopal,1000.0,3,2,2500000
Builder Floor Apartment,Unknown,1.0,Unknown,2,Bhopal,1000.0,3,2,2400000
Builder Floor Apartment,Unfurnished,4.0,Unknown,5,Bhopal,1000.0,2,2,3000000
Multistorey Apartment,Semi-Furnished,4.0,Unknown,5,Bhopal,1000.0,2,2,2600000
Residential House,Unfurnished,0.0,Unknown,1,Bhopal,1000.0,2,1,16000000
Villa,Furnished,2.0,Unknown,2,Bhopal,1000.0,4,3,12000000
Multistorey Apartment,Unfurnished,0.0,Unknown,6,Bhopal,1000.0,2,2,2100000
Residential House,Furnished,3.0,East,3,Bhopal,1000.0,5,5,20000000
Residential House,Furnished,2.0,South,3,Bhopal,1000.0,4,4,20000000
Multistorey Apartment,Semi-Furnished,5.0,East,6,Bhopal,1500.0,4,3,4900000
Multistorey Apartment,Semi-Furnished,4.0,Unknown,6,Bhopal,1525.0,3,3,3800000
Multistorey Apartment,Furnished,2.0,Unknown,2,Bhopal,300.0,1,1,1100000
Builder Floor Apartment,Semi-Furnished,2.0,Unknown,4,Bhopal,1000.0,2,2,4000000
Residential House,Semi-Furnished,0.0,East,2,Bhopal,1000.0,4,4,5000000
Multistorey Apartment,Semi-Furnished,1.0,Unknown,3,Bhopal,1000.0,2,2,4500000
Multistorey Apartment,Unfurnished,2.0,North - East,7,Mumbai,468.0,1,2,3450000
Multistorey Apartment,Semi-Furnished,7.0,East,18,Mumbai,492.0,2,2,4700000
Multistorey Apartment,Unfurnished,11.0,East,22,Mumbai,500.0,1,2,17200000
Studio Apartment,Unfurnished,2.0,West,20,Mumbai,240.0,3,1,2950000
Multistorey Apartment,Semi-Furnished,2.0,East,71,Mumbai,893.0,2,2,46500000
Multistorey Apartment,Furnished,4.0,South,6,Mumbai,480.0,1,1,26000000
Multistorey Apartment,Unfurnished,34.0,East,44,Mumbai,1394.0,4,4,48500000
Residential House,Semi-Furnished,2.0,Unknown,2,Bhopal,1000.0,3,3,4500000
Multistorey Apartment,Unfurnished,7.0,East,16,Mumbai,700.0,2,2,25000000
Multistorey Apartment,Unfurnished,7.0,North,32,Mumbai,2300.0,4,4,105000000
Multistorey Apartment,Unfurnished,15.0,East,22,Mumbai,888.0,2,2,25000000
Multistorey Apartment,Semi-Furnished,19.0,South,25,Mumbai,1615.0,3,4,120000000
Multistorey Apartment,Semi-Furnished,14.0,East,65,Mumbai,5500.0,6,7,525000000
Multistorey Apartment,Unfurnished,31.0,North - East,45,Mumbai,1050.0,3,3,33000000
Multistorey Apartment,Unfurnished,7.0,East,7,Mumbai,1000.0,2,2,20500000
Multistorey Apartment,Semi-Furnished,14.0,West,22,Mumbai,605.0,2,2,32500000
Multistorey Apartment,Unfurnished,18.0,Unknown,32,Mumbai,1160.0,3,3,85075522
Multistorey Apartment,Unfurnished,7.0,East,10,Mumbai,1000.0,3,3,45000000
Multistorey Apartment,Unfurnished,7.0,South -West,12,Mumbai,2200.0,5,5,100000000
Multistorey Apartment,Unfurnished,4.0,South,12,Mumbai,626.0,2,2,15500000
Multistorey Apartment,Unfurnished,14.0,East,22,Mumbai,1000.0,3,3,24500000
Builder Floor Apartment,Semi-Furnished,2.0,Unknown,3,Jaipur,1000.0,2,2,2400000
Multistorey Apartment,Unfurnished,4.0,East,5,Mumbai,700.0,2,2,22500000
Residential House,Unknown,2.0,Unknown,4,Jaipur,2000.0,3,2,22500000
Multistorey Apartment,Semi-Furnished,3.0,Unknown,3,Jaipur,1100.0,3,2,3000000
Multistorey Apartment,Unfurnished,7.0,North,20,Mumbai,1000.0,3,3,38500000
Multistorey Apartment,Semi-Furnished,10.0,East,23,Mumbai,1005.0,3,3,32500000
Residential House,Unfurnished,0.0,North - West,1,Jaipur,1000.0,4,2,21000000
Multistorey Apartment,Unfurnished,2.0,East,56,Mumbai,900.0,2,2,35000000
Multistorey Apartment,Unfurnished,2.0,North - East,13,Jaipur,1400.0,3,2,5650000
Multistorey Apartment,Semi-Furnished,1.0,Unknown,4,Jaipur,1275.0,3,2,4600000
Residential House,Unfurnished,2.0,Unknown,2,Jaipur,2907.0,4,3,38000000
Multistorey Apartment,Semi-Furnished,6.0,West,6,Jaipur,1270.0,3,2,9000000
Builder Floor Apartment,Semi-Furnished,2.0,Unknown,3,Jaipur,1000.0,3,2,5500000
Multistorey Apartment,Furnished,6.0,Unknown,13,Jaipur,1000.0,2,2,3650000
Residential House,Semi-Furnished,0.0,Unknown,2,Jaipur,1000.0,3,3,7500000
Multistorey Apartment,Semi-Furnished,0.0,Unknown,3,Jaipur,1000.0,3,2,4500000
Residential House,Unfurnished,0.0,Unknown,2,Jaipur,1000.0,3,2,2700000
Residential House,Semi-Furnished,0.0,Unknown,1,Jaipur,1000.0,3,2,8500000
Multistorey Apartment,Semi-Furnished,1.0,Unknown,12,Jaipur,800.0,2,2,2500000
Multistorey Apartment,Semi-Furnished,0.0,Unknown,4,Jaipur,1000.0,3,2,5500000
Multistorey Apartment,Semi-Furnished,2.0,Unknown,4,Jaipur,880.0,2,2,3800000
Multistorey Apartment,Furnished,1.0,Unknown,2,Jaipur,1000.0,3,2,6500000
Studio Apartment,Unknown,2.0,Unknown,4,Jaipur,1000.0,3,2,500000
Multistorey Apartment,Furnished,1.0,Unknown,4,Jaipur,900.0,3,2,5500000
Multistorey Apartment,Furnished,1.0,Unknown,11,Jaipur,1000.0,2,2,4000000
Villa,Semi-Furnished,2.0,Unknown,5,Jaipur,550.0,2,2,2500000
Residential House,Semi-Furnished,2.0,East,1,Jaipur,900.0,3,1,3500000
Residential House,Unfurnished,0.0,Unknown,1,Jaipur,1000.0,8,8,20075000
Residential House,Unfurnished,0.0,Unknown,2,Jaipur,1000.0,8,6,17600000
Residential House,Unfurnished,2.0,Unknown,2,Jaipur,1000.0,6,3,9000000
Residential House,Semi-Furnished,2.0,Unknown,2,Jaipur,100.0,3,2,5000000
Residential House,Semi-Furnished,0.0,Unknown,1,Jaipur,1000.0,4,2,11000000
Residential House,Unfurnished,2.0,Unknown,1,Jaipur,1000.0,2,2,3000000
Builder Floor Apartment,Furnished,3.0,Unknown,4,Jaipur,1000.0,3,2,2500000
Multistorey Apartment,Semi-Furnished,3.0,Unknown,6,Jaipur,1000.0,3,2,4900000
Multistorey Apartment,Semi-Furnished,3.0,Unknown,6,Jaipur,1000.0,2,2,2700000
Multistorey Apartment,Semi-Furnished,4.0,East,12,Chandigarh,1778.0,4,4,21000000
Multistorey Apartment,Semi-Furnished,5.0,North - East,12,Chandigarh,1350.0,4,4,18400000
Multistorey Apartment,Semi-Furnished,0.0,North - East,3,Chandigarh,900.0,2,2,9000000
Residential House,Unfurnished,0.0,Unknown,3,Chandigarh,3000.0,6,5,50000000
Multistorey Apartment,Unfurnished,5.0,North - East,10,Chandigarh,1400.0,3,3,6990000
Multistorey Apartment,Semi-Furnished,3.0,Unknown,3,Jaipur,900.0,2,2,2200000
Villa,Unfurnished,2.0,East,1,Jaipur,850.0,2,2,2500000
Multistorey Apartment,Semi-Furnished,2.0,East,3,Chandigarh,1000.0,3,2,3348000
Multistorey Apartment,Semi-Furnished,2.0,East,13,Chandigarh,2500.0,4,4,14000000
Villa,Unfurnished,2.0,North - West,3,Chandigarh,5000.0,8,8,71500000
Villa,Semi-Furnished,2.0,South - East,3,Chandigarh,1000.0,6,5,73500000
Multistorey Apartment,Semi-Furnished,2.0,Unknown,4,Chandigarh,1000.0,2,2,6650000
Multistorey Apartment,Semi-Furnished,2.0,East,4,Chandigarh,1400.0,3,3,7500000
Multistorey Apartment,Semi-Furnished,3.0,North - East,4,Chandigarh,1197.0,3,3,6894000
Studio Apartment,Semi-Furnished,2.0,Unknown,5,Chandigarh,1000.0,3,1,4600000
Multistorey Apartment,Furnished,2.0,Unknown,6,Chandigarh,1000.0,2,2,5420781
Multistorey Apartment,Semi-Furnished,10.0,East,22,Chandigarh,1000.0,2,2,8500000
Multistorey Apartment,Unfurnished,4.0,North - East,13,Chandigarh,1000.0,4,4,16000000
Builder Floor Apartment,Semi-Furnished,1.0,North,3,Chandigarh,1650.0,3,3,6890000
Multistorey Apartment,Semi-Furnished,1.0,East,23,Chandigarh,1900.0,3,3,9900000
Multistorey Apartment,Semi-Furnished,4.0,East,13,Chandigarh,1000.0,3,3,13020000
Residential House,Semi-Furnished,3.0,East,3,Chandigarh,1300.0,2,2,7500000
Multistorey Apartment,Semi-Furnished,2.0,East,3,Chandigarh,1200.0,3,3,4444000
Multistorey Apartment,Semi-Furnished,2.0,Unknown,2,Chandigarh,1100.0,2,2,10000000
Villa,Semi-Furnished,2.0,North - East,2,Chandigarh,1000.0,4,3,10500000
Multistorey Apartment,Semi-Furnished,2.0,North - East,13,Chandigarh,1432.0,3,3,7000000
Multistorey Apartment,Semi-Furnished,2.0,Unknown,13,Chandigarh,1000.0,2,2,8844000
Builder Floor Apartment,Semi-Furnished,1.0,North - East,3,Chandigarh,1120.0,3,3,6790000
Multistorey Apartment,Furnished,1.0,East,6,Bhopal,1800.0,4,3,10000000
Residential House,Semi-Furnished,1.0,Unknown,1,Bhopal,1000.0,4,2,3600000
Multistorey Apartment,Unfurnished,2.0,Unknown,6,Bhopal,800.0,2,2,3500000
Multistorey Apartment,Semi-Furnished,2.0,North - East,14,Chandigarh,1000.0,3,3,10300000
Residential House,Unfurnished,2.0,East,2,Bhopal,810.0,2,2,3500000
Villa,Unfurnished,2.0,Unknown,2,Bhopal,788.0,3,3,3500000
Residential House,Semi-Furnished,0.0,East,3,Bhopal,1600.0,3,2,6500000
Residential House,Unfurnished,0.0,Unknown,2,Bhopal,1600.0,3,3,3800000
Villa,Unfurnished,2.0,East,1,Bhopal,1000.0,3,2,12500000
Residential House,Unfurnished,2.0,West,2,Bhopal,720.0,3,3,4800000
Multistorey Apartment,Unfurnished,3.0,Unknown,3,Bhopal,850.0,3,2,2400000
Multistorey Apartment,Unfurnished,6.0,East,6,Bhopal,1500.0,3,2,3200000
Multistorey Apartment,Unfurnished,1.0,East,3,Bhopal,590.0,2,1,1200000
Multistorey Apartment,Semi-Furnished,1.0,East,4,Bhopal,1000.0,3,3,5500000
Multistorey Apartment,Furnished,1.0,Unknown,2,Bhopal,1000.0,2,2,3000000
Residential House,Semi-Furnished,2.0,East,1,Bhopal,1000.0,3,3,4200000
Builder Floor Apartment,Semi-Furnished,1.0,Unknown,2,Bhopal,1000.0,3,3,6000000
Multistorey Apartment,Unfurnished,3.0,East,4,Bhopal,1000.0,3,3,3500000
Multistorey Apartment,Unfurnished,3.0,Unknown,3,Bhopal,1000.0,2,2,1800000
Multistorey Apartment,Unfurnished,1.0,East,3,Bhopal,750.0,2,2,2500000
Builder Floor Apartment,Furnished,2.0,Unknown,3,Bhopal,1000.0,2,1,2500000
Builder Floor Apartment,Semi-Furnished,4.0,Unknown,5,Bhopal,1000.0,2,2,1700000
Multistorey Apartment,Furnished,2.0,Unknown,4,Mumbai,375.0,2,1,9000000
Residential House,Unfurnished,0.0,North - West,1,Bhopal,1400.0,5,2,19500000
Builder Floor Apartment,Semi-Furnished,3.0,Unknown,4,Bhopal,1000.0,1,1,1300000
Villa,Unfurnished,2.0,Unknown,2,Bhopal,900.0,2,2,3000000
Multistorey Apartment,Furnished,5.0,Unknown,6,Bhopal,915.0,3,2,3500000
Multistorey Apartment,Unfurnished,8.0,East,8,Mumbai,470.0,1,1,12500000
Villa,Furnished,2.0,Unknown,2,Bhopal,800.0,3,3,4200000
Multistorey Apartment,Semi-Furnished,1.0,Unknown,3,Bhopal,650.0,2,2,6500000
Multistorey Apartment,Unfurnished,13.0,East,16,Mumbai,650.0,2,2,17500000
Multistorey Apartment,Furnished,20.0,East,20,Mumbai,970.0,3,3,32500000
Multistorey Apartment,Furnished,8.0,East,12,Mumbai,1850.0,3,4,55000000
Multistorey Apartment,Furnished,4.0,East,15,Mumbai,1200.0,3,3,52000000
Multistorey Apartment,Unfurnished,21.0,West,37,Mumbai,1084.0,3,3,29600000
Multistorey Apartment,Unfurnished,7.0,North,15,Mumbai,654.0,2,2,16950000
Multistorey Apartment,Unfurnished,1.0,Unknown,4,Mumbai,500.0,1,2,9500000
Multistorey Apartment,Unfurnished,5.0,East,11,Mumbai,700.0,2,2,15000000
Multistorey Apartment,Furnished,6.0,West,10,Mumbai,1350.0,3,3,77500000
Multistorey Apartment,Unfurnished,32.0,Unknown,34,Mumbai,1000.0,2,2,20000000
Multistorey Apartment,Furnished,1.0,North,4,Mumbai,480.0,1,2,11700000
Multistorey Apartment,Furnished,1.0,Unknown,7,Mumbai,1260.0,2,3,58000000
Multistorey Apartment,Unfurnished,6.0,West,19,Mumbai,857.0,3,2,48500000
Multistorey Apartment,Unfurnished,3.0,North,4,Mumbai,450.0,1,2,2600000
Multistorey Apartment,Unfurnished,21.0,West,21,Mumbai,630.0,2,2,15000000
Multistorey Apartment,Semi-Furnished,6.0,West,10,Mumbai,3000.0,4,4,170000000
Multistorey Apartment,Unfurnished,6.0,East,11,Mumbai,1100.0,3,3,26500000
Multistorey Apartment,Unfurnished,3.0,East,13,Mumbai,865.0,3,2,22500000
Multistorey Apartment,Furnished,2.0,North,17,Mumbai,415.0,1,2,12800000
Multistorey Apartment,Unfurnished,6.0,North,7,Mumbai,411.0,1,2,12000000
Multistorey Apartment,Unfurnished,6.0,Unknown,8,Mumbai,500.0,1,1,9000000
Multistorey Apartment,Unfurnished,6.0,North - East,7,Mumbai,390.0,1,1,11000000
Residential House,Semi-Furnished,2.0,South,2,Jaipur,1000.0,6,4,13000000
Residential House,Semi-Furnished,2.0,Unknown,2,Jaipur,44.0,2,2,4500000
Residential House,Unfurnished,0.0,East,1,Jaipur,1000.0,2,2,5500000
Multistorey Apartment,Unfurnished,4.0,North,16,Mumbai,700.0,2,2,15000000
Multistorey Apartment,Unfurnished,6.0,Unknown,4,Jaipur,1000.0,3,2,3000000
Multistorey Apartment,Unfurnished,11.0,Unknown,12,Jaipur,1000.0,2,2,2589000
Residential House,Unfurnished,2.0,Unknown,2,Jaipur,1000.0,3,2,2250000
Villa,Semi-Furnished,2.0,Unknown,2,Jaipur,1000.0,4,4,8500000
Multistorey Apartment,Furnished,2.0,Unknown,3,Jaipur,1000.0,3,2,3500000
Multistorey Apartment,Semi-Furnished,3.0,East,3,Jaipur,1000.0,3,2,2040000
Multistorey Apartment,Semi-Furnished,0.0,West,2,Jaipur,903.0,2,2,3500000
Residential House,Unfurnished,0.0,Unknown,1,Jaipur,1000.0,3,3,13000000
Multistorey Apartment,Furnished,2.0,Unknown,2,Jaipur,1050.0,2,2,3500000
Residential House,Unfurnished,2.0,Unknown,1,Jaipur,1000.0,4,2,15000000
Multistorey Apartment,Semi-Furnished,6.0,Unknown,12,Jaipur,700.0,2,2,2500000
Multistorey Apartment,Semi-Furnished,3.0,North - East,3,Jaipur,1550.0,3,2,10000000
Multistorey Apartment,Furnished,2.0,Unknown,4,Jaipur,1093.0,3,2,4000000
Multistorey Apartment,Unfurnished,1.0,Unknown,11,Jaipur,1000.0,2,2,2550000
Multistorey Apartment,Semi-Furnished,4.0,North,4,Jaipur,1675.0,3,3,6000000
Builder Floor Apartment,Unfurnished,1.0,East,2,Jaipur,1495.0,3,2,6200000
Villa,Unfurnished,2.0,Unknown,2,Jaipur,2295.0,4,4,8640000
Residential House,Unfurnished,2.0,Unknown,1,Jaipur,1000.0,3,1,9000000
Multistorey Apartment,Unfurnished,0.0,Unknown,5,Jaipur,1150.0,3,2,3500000
Multistorey Apartment,Unfurnished,2.0,East,14,Jaipur,700.0,2,2,5400000
Residential House,Furnished,2.0,Unknown,2,Jaipur,1000.0,2,2,3200000
Residential House,Unfurnished,0.0,Unknown,1,Jaipur,1000.0,2,2,2250000
Multistorey Apartment,Furnished,2.0,North,4,Jaipur,1000.0,2,2,2800000
Multistorey Apartment,Semi-Furnished,1.0,Unknown,3,Jaipur,1000.0,3,2,3000000
Multistorey Apartment,Semi-Furnished,1.0,North,4,Jaipur,2009.0,4,4,35000000
Builder Floor Apartment,Furnished,0.0,Unknown,4,Jaipur,1000.0,3,3,8000000
Multistorey Apartment,Unfurnished,12.0,South - East,12,Jaipur,1300.0,3,3,6400000
Villa,Unfurnished,2.0,East,2,Jaipur,121.0,3,3,4800000
Multistorey Apartment,Semi-Furnished,0.0,North,4,Chandigarh,700.0,2,2,11000000
Multistorey Apartment,Semi-Furnished,2.0,North - East,12,Chandigarh,1250.0,3,2,5950000
Multistorey Apartment,Semi-Furnished,3.0,North - East,15,Chandigarh,1397.0,3,3,9500000
Multistorey Apartment,Semi-Furnished,3.0,North - East,14,Chandigarh,989.0,3,2,9357800
Villa,Unknown,2.0,Unknown,4,Chandigarh,1000.0,5,2,95000000
Residential House,Unfurnished,1.0,North - East,3,Chandigarh,1.0,5,5,110000000
Multistorey Apartment,Semi-Furnished,7.0,North - East,15,Chandigarh,1000.0,3,4,9900000
Multistorey Apartment,Semi-Furnished,2.0,East,4,Chandigarh,1000.0,3,3,6465000
Residential House,Semi-Furnished,0.0,Unknown,3,Chandigarh,1000.0,5,5,34000000
Multistorey Apartment,Semi-Furnished,3.0,North - East,3,Chandigarh,973.0,3,3,5990000
Multistorey Apartment,Unfurnished,3.0,South,11,Chandigarh,1750.0,4,4,11500000
Multistorey Apartment,Unfurnished,12.0,East,22,Chandigarh,1012.0,3,3,11200000
Multistorey Apartment,Semi-Furnished,3.0,North - East,6,Chandigarh,841.0,2,2,5010000
Multistorey Apartment,Unfurnished,5.0,North - East,12,Chandigarh,1000.0,3,2,7590000
Multistorey Apartment,Semi-Furnished,4.0,North - East,14,Chandigarh,1000.0,2,2,6600000
Multistorey Apartment,Semi-Furnished,5.0,East,12,Chandigarh,1000.0,3,3,8990000
Multistorey Apartment,Semi-Furnished,5.0,East,8,Chandigarh,998.0,3,3,7200000
Multistorey Apartment,Furnished,8.0,North - East,13,Chandigarh,3323.0,5,5,39192999
Multistorey Apartment,Semi-Furnished,4.0,North - East,13,Chandigarh,1650.0,3,4,12800000
Multistorey Apartment,Semi-Furnished,2.0,North - East,14,Chandigarh,1000.0,3,3,14500000
Multistorey Apartment,Semi-Furnished,5.0,Unknown,11,Chandigarh,963.0,3,3,6590000
Multistorey Apartment,Semi-Furnished,2.0,East,14,Chandigarh,1210.0,3,3,8250000
Multistorey Apartment,Unfurnished,2.0,North - East,4,Chandigarh,2200.0,4,4,15530000
Multistorey Apartment,Semi-Furnished,5.0,East,13,Chandigarh,1420.0,3,3,6450000
Multistorey Apartment,Semi-Furnished,5.0,North - West,13,Chandigarh,1000.0,3,3,6700000
Multistorey Apartment,Semi-Furnished,2.0,East,12,Chandigarh,1000.0,3,3,10500000
Villa,Unfurnished,2.0,Unknown,1,Bhopal,840.0,2,2,2400000
Multistorey Apartment,Semi-Furnished,5.0,East,22,Chandigarh,1350.0,3,3,13975000
Multistorey Apartment,Semi-Furnished,6.0,North - East,17,Chandigarh,1060.0,3,4,9900000
Residential House,Unfurnished,0.0,Unknown,2,Bhopal,1000.0,3,3,15000000
Multistorey Apartment,Unfurnished,0.0,Unknown,2,Bhopal,840.0,3,2,3300000
Multistorey Apartment,Semi-Furnished,7.0,North,21,Chandigarh,1681.0,3,3,18000000
Residential House,Semi-Furnished,2.0,Unknown,2,Bhopal,1550.0,8,6,14500000
Residential House,Unfurnished,1.0,South -West,1,Bhopal,600.0,2,1,2900000
Residential House,Unfurnished,0.0,East,2,Bhopal,1125.0,3,2,2600000
Multistorey Apartment,Semi-Furnished,0.0,North,4,Bhopal,600.0,2,1,2400000
Multistorey Apartment,Semi-Furnished,2.0,Unknown,6,Bhopal,1000.0,3,2,3500000
Residential House,Unfurnished,1.0,East,1,Bhopal,1250.0,3,2,3300000
Multistorey Apartment,Semi-Furnished,4.0,North - East,4,Chandigarh,1741.0,4,4,23400000
Residential House,Unfurnished,2.0,Unknown,2,Bhopal,1000.0,2,2,1600000
Multistorey Apartment,Unfurnished,3.0,North - East,6,Bhopal,740.0,2,2,1900000
Multistorey Apartment,Unfurnished,6.0,Unknown,6,Bhopal,600.0,2,2,2100000
Multistorey Apartment,Unfurnished,3.0,Unknown,5,Bhopal,1000.0,3,2,3500000
Builder Floor Apartment,Unknown,2.0,Unknown,4,Bhopal,1000.0,3,2,4500000
Multistorey Apartment,Unfurnished,1.0,Unknown,1,Bhopal,1000.0,2,2,2000000
Residential House,Semi-Furnished,0.0,Unknown,2,Bhopal,1000.0,5,4,15000000
Multistorey Apartment,Semi-Furnished,6.0,Unknown,4,Bhopal,1000.0,2,2,3500000
Multistorey Apartment,Unfurnished,1.0,Unknown,10,Bhopal,1000.0,3,2,3800000
Multistorey Apartment,Unfurnished,3.0,Unknown,6,Bhopal,1000.0,3,3,6500000
Multistorey Apartment,Furnished,3.0,Unknown,3,Bhopal,600.0,2,2,2050000
Multistorey Apartment,Unfurnished,15.0,North,36,Mumbai,661.0,2,2,16900000
Builder Floor Apartment,Unfurnished,0.0,East,1,Bhopal,1000.0,1,1,600000
Multistorey Apartment,Unfurnished,1.0,Unknown,3,Bhopal,1000.0,2,1,1100000
Residential House,Unfurnished,0.0,Unknown,2,Bhopal,1000.0,3,3,4200000
Multistorey Apartment,Unfurnished,4.0,East,16,Mumbai,580.0,2,2,17000000
Multistorey Apartment,Unfurnished,2.0,Unknown,12,Bhopal,1000.0,2,2,3000000
Multistorey Apartment,Semi-Furnished,11.0,North,13,Mumbai,1485.0,4,4,56500000
Multistorey Apartment,Semi-Furnished,7.0,East,14,Mumbai,359.0,1,2,3800000
Multistorey Apartment,Semi-Furnished,6.0,East,22,Mumbai,825.0,3,3,30000000
Multistorey Apartment,Unfurnished,15.0,West,35,Mumbai,1510.0,3,5,95000000
Multistorey Apartment,Unfurnished,18.0,North,63,Mumbai,1431.0,3,3,60000000
Multistorey Apartment,Unfurnished,8.0,East,18,Mumbai,657.0,2,2,13600000
Multistorey Apartment,Unfurnished,20.0,East,44,Mumbai,689.0,2,2,24200000
Multistorey Apartment,Unfurnished,30.0,East,32,Mumbai,537.0,2,2,11100000
Multistorey Apartment,Semi-Furnished,10.0,North,15,Mumbai,750.0,2,2,26500000
Multistorey Apartment,Semi-Furnished,10.0,East,15,Mumbai,834.0,3,3,61000000
Multistorey Apartment,Unfurnished,20.0,West,45,Mumbai,1040.0,2,2,23500000
Multistorey Apartment,Semi-Furnished,15.0,Unknown,20,Mumbai,900.0,2,2,30000000
Multistorey Apartment,Unfurnished,20.0,East,35,Mumbai,2900.0,4,5,182700000
Builder Floor Apartment,Unfurnished,6.0,North - East,6,Mumbai,450.0,1,2,10100000
Multistorey Apartment,Semi-Furnished,5.0,East,7,Mumbai,810.0,2,2,4950000
Multistorey Apartment,Unfurnished,8.0,North - East,12,Mumbai,1000.0,2,2,11800000
Multistorey Apartment,Semi-Furnished,4.0,East,8,Mumbai,434.0,1,1,13000000
Multistorey Apartment,Furnished,18.0,East,35,Mumbai,2390.0,4,5,109900000
Multistorey Apartment,Semi-Furnished,18.0,East,23,Mumbai,440.0,1,2,22000000
Multistorey Apartment,Furnished,8.0,East,13,Mumbai,1000.0,2,2,23100000
Multistorey Apartment,Furnished,6.0,North - East,20,Mumbai,1125.0,3,3,45000000
Multistorey Apartment,Unfurnished,13.0,North - East,14,Jaipur,861.0,2,2,4305000
Multistorey Apartment,Unfurnished,2.0,East,12,Mumbai,1100.0,3,2,32200000
Multistorey Apartment,Semi-Furnished,1.0,North,4,Jaipur,1500.0,3,3,8500000
Multistorey Apartment,Unfurnished,5.0,East,7,Mumbai,750.0,2,2,23751000
Residential House,Semi-Furnished,2.0,Unknown,2,Jaipur,1500.0,4,3,6500000
Multistorey Apartment,Furnished,5.0,East,10,Mumbai,735.0,2,2,43000000
Multistorey Apartment,Semi-Furnished,2.0,Unknown,14,Jaipur,1000.0,2,2,3600000
Multistorey Apartment,Unfurnished,7.0,Unknown,14,Jaipur,631.0,2,2,4664000
Multistorey Apartment,Unfurnished,11.0,Unknown,12,Jaipur,1000.0,2,2,3100000
Multistorey Apartment,Unfurnished,1.0,Unknown,4,Jaipur,1550.0,3,3,7500000
Builder Floor Apartment,Semi-Furnished,2.0,South - East,4,Jaipur,1000.0,3,2,3200000
Multistorey Apartment,Semi-Furnished,5.0,Unknown,11,Jaipur,900.0,2,2,5800000
Builder Floor Apartment,Unfurnished,1.0,Unknown,5,Jaipur,1000.0,2,3,5500000
Multistorey Apartment,Furnished,1.0,Unknown,6,Jaipur,1000.0,3,2,3550000
Builder Floor Apartment,Semi-Furnished,0.0,Unknown,3,Jaipur,1000.0,2,2,3200000
Multistorey Apartment,Semi-Furnished,2.0,South,2,Jaipur,1200.0,3,2,6500000
Builder Floor Apartment,Furnished,4.0,Unknown,5,Jaipur,1000.0,2,2,3100000
Multistorey Apartment,Semi-Furnished,2.0,Unknown,5,Jaipur,1050.0,3,3,4300000
Builder Floor Apartment,Unfurnished,0.0,Unknown,4,Jaipur,1000.0,3,2,2750000
Multistorey Apartment,Semi-Furnished,2.0,Unknown,4,Jaipur,1000.0,2,2,6800000
Residential House,Semi-Furnished,0.0,East,1,Jaipur,1000.0,2,3,3700000
Residential House,Unfurnished,0.0,Unknown,1,Jaipur,1000.0,6,2,40000000
Villa,Semi-Furnished,2.0,East,2,Jaipur,1600.0,3,3,6500000
Builder Floor Apartment,Semi-Furnished,1.0,Unknown,3,Jaipur,1000.0,3,2,3000000
Multistorey Apartment,Furnished,1.0,Unknown,7,Jaipur,699.0,2,2,5500000
Builder Floor Apartment,Semi-Furnished,2.0,Unknown,3,Jaipur,1000.0,3,2,2800000
Residential House,Semi-Furnished,0.0,West,1,Jaipur,375.0,3,2,30000000
Multistorey Apartment,Unfurnished,11.0,South -West,11,Jaipur,1000.0,3,4,5000000
Residential House,Unfurnished,0.0,Unknown,1,Jaipur,1000.0,3,2,6500000
Multistorey Apartment,Unfurnished,0.0,North - East,3,Chandigarh,1251.0,2,2,5850000
Multistorey Apartment,Semi-Furnished,3.0,South - East,3,Jaipur,1008.0,2,2,6300000
Multistorey Apartment,Semi-Furnished,5.0,East,13,Chandigarh,797.0,2,2,8039000
Multistorey Apartment,Semi-Furnished,3.0,East,14,Chandigarh,1350.0,3,3,7895000
Builder Floor Apartment,Semi-Furnished,3.0,Unknown,3,Chandigarh,1000.0,3,3,6990000
Multistorey Apartment,Semi-Furnished,2.0,North - East,13,Chandigarh,852.0,3,2,9200000
Multistorey Apartment,Unknown,2.0,Unknown,4,Chandigarh,1000.0,2,2,9500000
Multistorey Apartment,Furnished,1.0,Unknown,3,Chandigarh,1054.0,3,2,15000000
Villa,Unfurnished,2.0,Unknown,1,Bhopal,600.0,2,2,2800000
Residential House,Furnished,0.0,Unknown,3,Bhopal,1000.0,3,2,5500000
Multistorey Apartment,Unfurnished,4.0,North,5,Bhopal,550.0,2,2,2500000
Residential House,Unfurnished,1.0,East,2,Bhopal,1000.0,3,3,3800000
Multistorey Apartment,Unfurnished,0.0,Unknown,2,Bhopal,1000.0,3,2,2500000
Builder Floor Apartment,Unfurnished,0.0,Unknown,3,Bhopal,1000.0,2,1,2800000
Multistorey Apartment,Unfurnished,2.0,Unknown,12,Bhopal,1000.0,1,1,1900000
Multistorey Apartment,Semi-Furnished,2.0,Unknown,4,Bhopal,1000.0,2,2,2500000
Multistorey Apartment,Semi-Furnished,3.0,Unknown,3,Bhopal,1000.0,3,3,2800000
Multistorey Apartment,Unfurnished,4.0,Unknown,6,Bhopal,1000.0,3,2,3100000
Multistorey Apartment,Semi-Furnished,0.0,Unknown,4,Bhopal,1000.0,3,2,3700000
Builder Floor Apartment,Furnished,4.0,Unknown,5,Bhopal,1000.0,3,2,3400000
Villa,Unfurnished,2.0,Unknown,2,Bhopal,1000.0,5,5,10000000
Residential House,Unfurnished,0.0,Unknown,1,Bhopal,1500.0,2,2,6500000
Residential House,Unfurnished,0.0,Unknown,1,Bhopal,1000.0,2,2,7500000
Multistorey Apartment,Unfurnished,3.0,Unknown,6,Bhopal,1175.0,3,3,4500000
Multistorey Apartment,Semi-Furnished,0.0,Unknown,4,Bhopal,960.0,2,2,3000000
Builder Floor Apartment,Unfurnished,0.0,Unknown,2,Bhopal,400.0,1,1,2100000
Multistorey Apartment,Unfurnished,2.0,Unknown,12,Bhopal,1000.0,2,2,4900000
Builder Floor Apartment,Unfurnished,3.0,Unknown,4,Bhopal,1000.0,2,2,2500000
Residential House,Unfurnished,2.0,Unknown,4,Bhopal,1000.0,2,2,3500000
Multistorey Apartment,Furnished,6.0,East,6,Bhopal,1000.0,3,3,4000000
Multistorey Apartment,Furnished,2.0,Unknown,7,Bhopal,1750.0,3,2,5900000
Multistorey Apartment,Unfurnished,6.0,Unknown,7,Bhopal,752.0,2,1,1500000
Residential House,Unfurnished,2.0,Unknown,1,Bhopal,1700.0,3,2,5200000
Builder Floor Apartment,Unfurnished,2.0,East,3,Bhopal,550.0,1,1,2000000
Multistorey Apartment,Semi-Furnished,3.0,North,5,Bhopal,1000.0,3,3,6500000
Residential House,Unfurnished,2.0,North,1,Bhopal,1350.0,4,3,6000000
Villa,Semi-Furnished,2.0,Unknown,3,Bhopal,1000.0,7,7,12500000
Residential House,Furnished,0.0,East,1,Bhopal,1000.0,2,2,3800000
Residential House,Furnished,2.0,Unknown,3,Bhopal,800.0,2,2,1200000
Multistorey Apartment,Unfurnished,1.0,Unknown,6,Bhopal,1000.0,2,2,1200000
Multistorey Apartment,Semi-Furnished,5.0,North,6,Bhopal,1000.0,3,3,5500000
Multistorey Apartment,Semi-Furnished,6.0,Unknown,6,Bhopal,1349.0,3,3,4500000
Residential House,Unknown,2.0,Unknown,4,Bhopal,1000.0,3,2,3800000
Multistorey Apartment,Semi-Furnished,11.0,East,17,Mumbai,681.0,2,2,18200000
Villa,Semi-Furnished,2.0,Unknown,3,Bhopal,850.0,3,3,3800000
Residential House,Unfurnished,2.0,Unknown,2,Bhopal,800.0,3,5,8500000
Multistorey Apartment,Semi-Furnished,2.0,Unknown,5,Bhopal,1000.0,2,2,1670000
Villa,Furnished,2.0,Unknown,2,Bhopal,1000.0,1,1,7000000
Multistorey Apartment,Furnished,10.0,East,12,Mumbai,1200.0,3,3,67500000
Multistorey Apartment,Semi-Furnished,7.0,South -West,7,Mumbai,720.0,2,1,28500000
Multistorey Apartment,Furnished,1.0,Unknown,4,Bhopal,1000.0,2,2,1600000
Multistorey Apartment,Unfurnished,3.0,East,14,Mumbai,676.0,2,2,14500000
Multistorey Apartment,Unfurnished,3.0,North,7,Mumbai,420.0,1,2,13000000
Multistorey Apartment,Unfurnished,17.0,East,32,Mumbai,717.0,3,2,8891000
Multistorey Apartment,Unfurnished,5.0,East,22,Mumbai,654.0,2,2,16000000
Multistorey Apartment,Semi-Furnished,7.0,East,22,Mumbai,604.0,2,2,20000009
Multistorey Apartment,Unfurnished,3.0,North,4,Mumbai,593.0,2,2,16100000
Multistorey Apartment,Semi-Furnished,6.0,North,12,Mumbai,1800.0,3,4,80000000
Multistorey Apartment,Unfurnished,33.0,East,36,Mumbai,738.0,2,2,29000000
Multistorey Apartment,Unfurnished,10.0,East,17,Mumbai,450.0,1,2,11500000
Multistorey Apartment,Unfurnished,17.0,North,22,Mumbai,485.0,2,2,9900000
Multistorey Apartment,Semi-Furnished,13.0,East,22,Mumbai,541.0,2,2,12300000
Multistorey Apartment,Unfurnished,20.0,North,27,Mumbai,1130.0,3,3,45100000
Multistorey Apartment,Unfurnished,10.0,East,24,Mumbai,410.0,1,1,9200000
Multistorey Apartment,Semi-Furnished,12.0,East,18,Mumbai,788.0,2,2,28900000
Multistorey Apartment,Unfurnished,2.0,East,65,Mumbai,2270.0,3,4,107500000
Multistorey Apartment,Unfurnished,5.0,East,15,Mumbai,800.0,2,2,31500000
Multistorey Apartment,Furnished,2.0,East,7,Mumbai,1000.0,3,2,57500000
Multistorey Apartment,Semi-Furnished,8.0,West,8,Mumbai,650.0,2,2,13000000
Multistorey Apartment,Furnished,6.0,West,7,Mumbai,525.0,1,1,10800000
Multistorey Apartment,Unfurnished,5.0,West,16,Mumbai,765.0,3,2,25000000
Multistorey Apartment,Semi-Furnished,8.0,North,22,Mumbai,645.0,2,2,17400000
Multistorey Apartment,Semi-Furnished,1.0,South,4,Mumbai,550.0,2,2,14000000
Multistorey Apartment,Unfurnished,13.0,East,42,Mumbai,1106.0,3,3,29500000
Multistorey Apartment,Semi-Furnished,8.0,East,20,Mumbai,474.0,1,2,11000000
Multistorey Apartment,Unfurnished,3.0,West,7,Mumbai,1000.0,1,1,6000000
Multistorey Apartment,Semi-Furnished,14.0,East,39,Mumbai,1655.0,3,4,66000000
Multistorey Apartment,Unfurnished,5.0,East,38,Mumbai,850.0,2,2,23000000
Multistorey Apartment,Unfurnished,25.0,East,42,Mumbai,763.0,2,2,27000000
Multistorey Apartment,Semi-Furnished,11.0,East,11,Mumbai,413.0,1,2,10700000
Multistorey Apartment,Unfurnished,1.0,North,1,Mumbai,1500.0,4,4,53900000
Multistorey Apartment,Semi-Furnished,1.0,South -West,10,Mumbai,1000.0,3,3,52500000
Multistorey Apartment,Semi-Furnished,4.0,West,20,Mumbai,838.0,3,2,42000000
Multistorey Apartment,Unfurnished,2.0,East,13,Mumbai,617.0,2,2,12000000
Multistorey Apartment,Unfurnished,11.0,West,16,Mumbai,665.0,2,2,28500000
Multistorey Apartment,Unfurnished,22.0,North - East,24,Mumbai,1105.0,3,3,34400000
Residential House,Semi-Furnished,2.0,Unknown,2,Jaipur,72.0,4,2,6500000
Multistorey Apartment,Semi-Furnished,5.0,East,13,Jaipur,1235.0,3,4,8650000
Multistorey Apartment,Semi-Furnished,1.0,Unknown,3,Jaipur,1000.0,2,2,3000000
Multistorey Apartment,Unfurnished,0.0,East,5,Jaipur,950.0,2,1,3000000
Residential House,Furnished,0.0,Unknown,3,Jaipur,1000.0,3,3,7500000
Multistorey Apartment,Semi-Furnished,-1.0,East,5,Jaipur,1150.0,3,2,4600000
Multistorey Apartment,Semi-Furnished,4.0,Unknown,4,Jaipur,1000.0,3,3,16100000
Builder Floor Apartment,Furnished,2.0,East,3,Jaipur,1000.0,2,2,2100000
Residential House,Semi-Furnished,2.0,Unknown,3,Jaipur,1000.0,3,3,6800000
Residential House,Unfurnished,0.0,East,2,Jaipur,50.0,2,1,2300000
Multistorey Apartment,Semi-Furnished,3.0,Unknown,3,Jaipur,1000.0,3,2,2800000
Multistorey Apartment,Furnished,4.0,North - East,12,Jaipur,550.0,1,1,2500000
Multistorey Apartment,Semi-Furnished,8.0,South,10,Jaipur,952.0,2,2,2975000
Multistorey Apartment,Semi-Furnished,3.0,Unknown,4,Jaipur,800.0,2,2,4000000
Multistorey Apartment,Unfurnished,1.0,East,5,Jaipur,1000.0,2,2,3400000
Multistorey Apartment,Semi-Furnished,7.0,Unknown,12,Jaipur,850.0,2,2,3250000
Villa,Semi-Furnished,2.0,North - East,2,Jaipur,1800.0,3,3,9000000
Multistorey Apartment,Furnished,3.0,East,3,Jaipur,2450.0,3,4,12500000
Villa,Furnished,2.0,Unknown,2,Jaipur,1952.0,6,5,9000000
Residential House,Semi-Furnished,4.0,East,4,Jaipur,1000.0,6,7,25000000
Villa,Unfurnished,2.0,Unknown,2,Jaipur,2295.0,3,3,8640000
Studio Apartment,Furnished,4.0,East,4,Jaipur,1000.0,3,1,1500000
Residential House,Furnished,0.0,East,1,Jaipur,880.0,2,2,4500000
Residential House,Semi-Furnished,0.0,Unknown,1,Jaipur,1000.0,3,3,20000000
Residential House,Unfurnished,0.0,West,2,Jaipur,2800.0,5,4,6500000
Multistorey Apartment,Semi-Furnished,3.0,Unknown,3,Jaipur,770.0,2,2,5500000
Multistorey Apartment,Furnished,1.0,South - East,4,Jaipur,1000.0,3,3,6800000
Multistorey Apartment,Semi-Furnished,4.0,Unknown,12,Jaipur,1000.0,1,1,2500000
Multistorey Apartment,Semi-Furnished,1.0,East,12,Jaipur,1000.0,2,2,5000000
Multistorey Apartment,Unfurnished,8.0,East,4,Jaipur,840.0,2,2,3500000
Multistorey Apartment,Semi-Furnished,2.0,East,4,Jaipur,683.0,2,2,2500000
Multistorey Apartment,Furnished,2.0,Unknown,3,Jaipur,1000.0,2,2,3000000
Multistorey Apartment,Furnished,1.0,Unknown,5,Jaipur,1750.0,4,3,8600000
Multistorey Apartment,Semi-Furnished,1.0,Unknown,5,Jaipur,1120.0,2,2,4000000
Multistorey Apartment,Semi-Furnished,2.0,East,2,Jaipur,850.0,2,2,3500000
Villa,Semi-Furnished,2.0,East,2,Jaipur,1300.0,3,3,5200000
Multistorey Apartment,Furnished,10.0,North,13,Jaipur,1630.0,4,4,13100000
Multistorey Apartment,Furnished,1.0,East,3,Jaipur,1400.0,3,2,5500000
Villa,Semi-Furnished,2.0,West,2,Jaipur,980.0,3,3,5200000
Builder Floor Apartment,Semi-Furnished,3.0,West,4,Jaipur,1053.0,3,2,4000000
Residential House,Unfurnished,0.0,South - East,2,Jaipur,1300.0,2,2,8000000
Multistorey Apartment,Furnished,2.0,North,3,Jaipur,900.0,2,2,4700000
Residential House,Unfurnished,2.0,Unknown,1,Jaipur,1000.0,6,2,15000000
Multistorey Apartment,Semi-Furnished,1.0,East,8,Jaipur,1151.0,2,2,3400000
Multistorey Apartment,Semi-Furnished,2.0,East,4,Jaipur,1000.0,2,2,2000000
Multistorey Apartment,Semi-Furnished,2.0,Unknown,5,Jaipur,1000.0,3,3,6300000
Multistorey Apartment,Semi-Furnished,3.0,Unknown,6,Bhopal,1200.0,3,2,4500000
Residential House,Unfurnished,2.0,East,2,Bhopal,1000.0,3,3,3500000
Residential House,Unfurnished,2.0,West,2,Bhopal,1620.0,3,2,4800000
Residential House,Unfurnished,2.0,Unknown,2,Bhopal,1092.0,6,3,7500000
Multistorey Apartment,Unfurnished,1.0,Unknown,5,Bhopal,1000.0,4,3,5500000
Residential House,Semi-Furnished,1.0,Unknown,2,Bhopal,1000.0,3,2,5300000
Multistorey Apartment,Semi-Furnished,3.0,Unknown,5,Bhopal,1200.0,2,2,4000000
Multistorey Apartment,Unfurnished,4.0,East,7,Bhopal,1000.0,1,1,1600000
Residential House,Unfurnished,2.0,Unknown,2,Bhopal,1500.0,4,4,130000000
Multistorey Apartment,Semi-Furnished,2.0,Unknown,3,Bhopal,1000.0,3,2,4000000
Multistorey Apartment,Furnished,3.0,Unknown,6,Bhopal,1000.0,4,4,8500000
Villa,Semi-Furnished,2.0,North - East,2,Bhopal,2000.0,3,4,5000000
Multistorey Apartment,Semi-Furnished,0.0,Unknown,1,Bhopal,840.0,3,2,3300000
Multistorey Apartment,Furnished,2.0,Unknown,6,Bhopal,1000.0,2,2,2200000
Residential House,Semi-Furnished,2.0,Unknown,2,Bhopal,940.0,3,2,6200000
Residential House,Unfurnished,2.0,North - West,3,Bhopal,2500.0,7,7,8500000
Multistorey Apartment,Unfurnished,3.0,Unknown,8,Bhopal,1000.0,2,2,2600000
Residential House,Unfurnished,2.0,Unknown,2,Bhopal,1000.0,4,4,5300000
Residential House,Unfurnished,0.0,Unknown,1,Bhopal,1000.0,1,1,3600000
Residential House,Semi-Furnished,1.0,West,1,Bhopal,650.0,2,1,18000000
Multistorey Apartment,Semi-Furnished,2.0,Unknown,2,Bhopal,510.0,2,2,2800000
Residential House,Unfurnished,0.0,Unknown,1,Bhopal,1000.0,6,1,9000000
Residential House,Unfurnished,0.0,Unknown,2,Bhopal,1000.0,3,2,4000000
Multistorey Apartment,Semi-Furnished,0.0,West,1,Bhopal,1000.0,2,2,2800000
Residential House,Unfurnished,2.0,Unknown,2,Bhopal,1000.0,4,4,5000000
Multistorey Apartment,Unfurnished,0.0,East,4,Bhopal,690.0,2,2,2700000
Villa,Semi-Furnished,2.0,North - East,1,Bhopal,1000.0,4,4,15000000
Multistorey Apartment,Semi-Furnished,3.0,East,6,Bhopal,1180.0,3,3,4200000
Residential House,Furnished,2.0,Unknown,1,Bhopal,1000.0,2,2,6000000
Multistorey Apartment,Unfurnished,1.0,West,3,Bhopal,686.0,2,2,2100000
Multistorey Apartment,Unfurnished,5.0,East,4,Mumbai,575.0,2,2,17500000
Multistorey Apartment,Semi-Furnished,2.0,West,7,Mumbai,480.0,1,2,11000000
Multistorey Apartment,Furnished,8.0,East,10,Mumbai,2000.0,4,4,115000000
Multistorey Apartment,Furnished,10.0,East,18,Mumbai,1000.0,3,3,60000000
Multistorey Apartment,Unfurnished,2.0,East,11,Mumbai,1200.0,3,3,30000000
Multistorey Apartment,Semi-Furnished,2.0,East,17,Mumbai,1630.0,4,4,60000000
Multistorey Apartment,Unfurnished,24.0,East,47,Mumbai,1893.0,4,4,62500000
Multistorey Apartment,Unfurnished,28.0,Unknown,36,Mumbai,1000.0,2,2,26000000
Multistorey Apartment,Semi-Furnished,4.0,West,5,Mumbai,1092.0,2,2,82500000
Multistorey Apartment,Unfurnished,10.0,North - West,17,Mumbai,380.0,1,1,15000000
Multistorey Apartment,Unfurnished,7.0,East,4,Mumbai,685.0,2,2,18500000
Multistorey Apartment,Unfurnished,8.0,North,13,Mumbai,785.0,2,3,25100000
Multistorey Apartment,Unfurnished,2.0,East,42,Mumbai,955.0,2,2,28000000
Multistorey Apartment,Unfurnished,33.0,West,48,Mumbai,1120.0,3,3,50000000
Multistorey Apartment,Unfurnished,30.0,North - East,43,Mumbai,511.0,1,1,15000000
Multistorey Apartment,Unfurnished,16.0,East,16,Mumbai,930.0,2,2,18000000
Multistorey Apartment,Unfurnished,8.0,South,14,Mumbai,650.0,2,3,11800000
Multistorey Apartment,Unfurnished,3.0,East,7,Mumbai,540.0,2,1,12550000
Multistorey Apartment,Unfurnished,19.0,North - East,36,Mumbai,777.0,2,2,32000000
Multistorey Apartment,Semi-Furnished,7.0,South -West,7,Mumbai,1100.0,3,2,32500000
Multistorey Apartment,Furnished,6.0,East,7,Mumbai,2000.0,3,3,70000000
Multistorey Apartment,Furnished,22.0,East,23,Mumbai,550.0,2,2,18000000
Multistorey Apartment,Furnished,10.0,East,14,Mumbai,1590.0,4,4,60000000
Multistorey Apartment,Unfurnished,6.0,North - East,31,Mumbai,480.0,1,2,7700000
Multistorey Apartment,Furnished,14.0,West,20,Mumbai,465.0,1,2,14500000
Multistorey Apartment,Furnished,3.0,East,5,Mumbai,1320.0,2,2,97500000
Multistorey Apartment,Furnished,18.0,East,24,Mumbai,1420.0,3,3,68900000
Multistorey Apartment,Unfurnished,1.0,East,18,Mumbai,1100.0,3,3,52500000
Multistorey Apartment,Unfurnished,3.0,North,4,Jaipur,967.0,2,2,2350000
Multistorey Apartment,Semi-Furnished,2.0,Unknown,3,Jaipur,1000.0,2,2,2800000
Multistorey Apartment,Unfurnished,1.0,Unknown,13,Jaipur,1000.0,2,2,3700000
Builder Floor Apartment,Semi-Furnished,3.0,Unknown,5,Jaipur,1000.0,2,2,6500000
Multistorey Apartment,Semi-Furnished,2.0,Unknown,2,Jaipur,320.0,1,1,2100000
Builder Floor Apartment,Unfurnished,1.0,Unknown,2,Jaipur,1000.0,3,1,1500000
Villa,Semi-Furnished,2.0,North,2,Jaipur,2000.0,3,3,8500000
Multistorey Apartment,Furnished,3.0,Unknown,3,Jaipur,950.0,3,3,4500000
Multistorey Apartment,Unfurnished,0.0,Unknown,8,Jaipur,1000.0,2,1,2800000
Multistorey Apartment,Furnished,2.0,West,5,Jaipur,2000.0,4,3,7500000
Multistorey Apartment,Semi-Furnished,2.0,Unknown,3,Jaipur,1000.0,2,2,3600000
Residential House,Unfurnished,2.0,South - East,2,Jaipur,1000.0,7,2,27500000
Residential House,Semi-Furnished,2.0,North - West,3,Jaipur,900.0,5,4,7500000
Multistorey Apartment,Semi-Furnished,5.0,North - East,12,Jaipur,1000.0,2,2,4800000
Residential House,Unfurnished,0.0,Unknown,1,Jaipur,850.0,2,1,4000000
Multistorey Apartment,Unfurnished,7.0,East,4,Jaipur,1262.0,2,2,6000000
Multistorey Apartment,Semi-Furnished,7.0,Unknown,12,Jaipur,1000.0,3,3,11500000
Multistorey Apartment,Semi-Furnished,2.0,East,2,Jaipur,1300.0,3,3,5000000
Residential House,Furnished,0.0,Unknown,1,Jaipur,1000.0,4,3,12500000
Multistorey Apartment,Semi-Furnished,1.0,West,5,Jaipur,950.0,2,2,3500000
Residential House,Unfurnished,0.0,West,2,Jaipur,900.0,3,2,5000000
Multistorey Apartment,Semi-Furnished,12.0,East,13,Jaipur,540.0,2,2,2400000
Multistorey Apartment,Semi-Furnished,2.0,South,3,Jaipur,1200.0,2,2,6000000
Residential House,Semi-Furnished,0.0,Unknown,2,Jaipur,71.0,4,3,9500000
Multistorey Apartment,Unfurnished,12.0,Unknown,13,Jaipur,1000.0,2,2,2700000
Multistorey Apartment,Furnished,1.0,West,6,Jaipur,1100.0,3,2,3550000
Multistorey Apartment,Furnished,3.0,Unknown,4,Jaipur,1000.0,3,3,4500000
Multistorey Apartment,Semi-Furnished,7.0,Unknown,10,Jaipur,658.0,2,2,4500000
Multistorey Apartment,Furnished,5.0,Unknown,12,Jaipur,1000.0,2,2,5000000
Residential House,Semi-Furnished,0.0,East,1,Jaipur,1000.0,2,2,7000000
Multistorey Apartment,Semi-Furnished,1.0,Unknown,10,Jaipur,1000.0,2,2,4100000
Multistorey Apartment,Semi-Furnished,1.0,Unknown,1,Jaipur,1000.0,3,2,4500000
Builder Floor Apartment,Unfurnished,3.0,Unknown,3,Bhopal,1000.0,2,1,2400000
Residential House,Unfurnished,1.0,East,2,Bhopal,750.0,3,2,4000000
Multistorey Apartment,Semi-Furnished,6.0,Unknown,6,Bhopal,780.0,2,2,3200000
Residential House,Semi-Furnished,0.0,Unknown,2,Bhopal,1000.0,5,5,5000000
Builder Floor Apartment,Furnished,2.0,Unknown,3,Bhopal,1000.0,2,2,2000000
Multistorey Apartment,Unfurnished,0.0,North,4,Bhopal,650.0,2,2,1500000
Multistorey Apartment,Unfurnished,0.0,Unknown,5,Bhopal,1000.0,1,1,1400000
Builder Floor Apartment,Semi-Furnished,2.0,Unknown,3,Bhopal,1000.0,3,2,4000000
Multistorey Apartment,Furnished,4.0,Unknown,5,Bhopal,1000.0,2,2,2700000
Multistorey Apartment,Unfurnished,5.0,East,6,Bhopal,1000.0,4,3,7500000
Builder Floor Apartment,Furnished,3.0,Unknown,3,Bhopal,1000.0,2,2,2800000
Residential House,Semi-Furnished,0.0,Unknown,3,Bhopal,1000.0,6,6,13000000
Villa,Semi-Furnished,2.0,North - East,2,Bhopal,9000.0,6,5,31500000
Residential House,Unfurnished,0.0,Unknown,2,Bhopal,1000.0,4,3,6200000
Multistorey Apartment,Furnished,5.0,Unknown,6,Bhopal,1000.0,2,2,2400000
Residential House,Furnished,1.0,West,1,Bhopal,1000.0,4,3,16000000
Multistorey Apartment,Unfurnished,2.0,Unknown,3,Bhopal,1000.0,1,2,2100000
Multistorey Apartment,Furnished,4.0,Unknown,6,Bhopal,1000.0,2,2,2050000
Multistorey Apartment,Unfurnished,5.0,Unknown,8,Bhopal,1000.0,2,2,2200000
Multistorey Apartment,Semi-Furnished,1.0,Unknown,6,Bhopal,1160.0,2,2,2600000
Residential House,Unfurnished,1.0,Unknown,2,Bhopal,1000.0,3,2,5200000
Residential House,Unfurnished,0.0,East,3,Bhopal,1500.0,6,5,12000000
Multistorey Apartment,Unfurnished,3.0,Unknown,6,Bhopal,1000.0,4,3,3800000
Multistorey Apartment,Unfurnished,1.0,Unknown,11,Bhopal,1000.0,3,3,6500000
Residential House,Unfurnished,0.0,Unknown,2,Bhopal,1000.0,6,6,6500000
Multistorey Apartment,Semi-Furnished,3.0,Unknown,7,Bhopal,1000.0,3,3,7000000
Residential House,Semi-Furnished,2.0,North,2,Bhopal,1200.0,3,2,4400000
Residential House,Semi-Furnished,1.0,Unknown,2,Bhopal,1000.0,3,2,3700000
Residential House,Unfurnished,1.0,Unknown,1,Bhopal,3300.0,1,1,22000000
Residential House,Semi-Furnished,0.0,North - East,2,Bhopal,1700.0,3,2,8000000
Residential House,Semi-Furnished,0.0,East,2,Bhopal,1000.0,4,2,4700000
Builder Floor Apartment,Furnished,2.0,Unknown,4,Bhopal,1000.0,2,2,2100000
Builder Floor Apartment,Semi-Furnished,2.0,Unknown,2,Bhopal,1000.0,2,2,4000000
Multistorey Apartment,Unfurnished,1.0,Unknown,8,Bhopal,1000.0,3,2,2300000
Multistorey Apartment,Unfurnished,5.0,East,6,Bhopal,1000.0,3,3,2500000
Multistorey Apartment,Unfurnished,2.0,Unknown,2,Bhopal,1000.0,1,1,1100000
Multistorey Apartment,Unfurnished,2.0,East,5,Bhopal,1650.0,3,4,11000000
Builder Floor Apartment,Unfurnished,2.0,East,3,Bhopal,1000.0,2,2,2800000
Residential House,Furnished,0.0,West,2,Bhopal,1000.0,4,3,7000000
Multistorey Apartment,Unfurnished,2.0,Unknown,8,Bhopal,1000.0,2,2,2800000
Multistorey Apartment,Unknown,2.0,Unknown,4,Bhopal,1000.0,2,2,2800000
Residential House,Semi-Furnished,0.0,East,2,Bhopal,1400.0,2,3,4600000
Residential House,Unfurnished,6.0,East,11,Mumbai,385.0,1,2,10400000
Multistorey Apartment,Unfurnished,5.0,East,8,Mumbai,670.0,2,2,31100000
Multistorey Apartment,Unfurnished,16.0,West,20,Mumbai,356.0,1,2,8000000
Multistorey Apartment,Unfurnished,21.0,East,25,Mumbai,405.0,1,2,6900000
Multistorey Apartment,Unfurnished,10.0,East,14,Mumbai,480.0,1,2,6200000
Multistorey Apartment,Semi-Furnished,5.0,East,16,Mumbai,800.0,2,2,21500000
Multistorey Apartment,Unfurnished,7.0,East,16,Mumbai,1369.0,3,4,67500000
Multistorey Apartment,Semi-Furnished,10.0,East,18,Mumbai,1032.0,3,3,55000000
Multistorey Apartment,Unfurnished,7.0,South -West,21,Mumbai,936.0,3,2,32500000
Multistorey Apartment,Unfurnished,2.0,North,22,Mumbai,1978.0,3,3,205000000
Multistorey Apartment,Unfurnished,34.0,East,52,Mumbai,1180.0,3,3,35000000
Multistorey Apartment,Semi-Furnished,45.0,East,50,Mumbai,2455.0,4,4,172500000
Multistorey Apartment,Unfurnished,10.0,East,15,Mumbai,435.0,1,2,6100000
Multistorey Apartment,Unfurnished,2.0,East,5,Mumbai,580.0,2,2,14500000
Multistorey Apartment,Semi-Furnished,21.0,West,29,Mumbai,900.0,2,2,37500000
Multistorey Apartment,Unfurnished,12.0,East,20,Mumbai,790.0,2,2,20000000
Multistorey Apartment,Semi-Furnished,2.0,East,14,Mumbai,485.0,2,2,13000000
Multistorey Apartment,Unfurnished,15.0,West,22,Mumbai,1044.0,3,3,37500000
Multistorey Apartment,Semi-Furnished,2.0,North - East,18,Mumbai,885.0,2,2,42500000
Multistorey Apartment,Unfurnished,14.0,East,23,Mumbai,400.0,1,2,8100000
Multistorey Apartment,Semi-Furnished,5.0,Unknown,16,Mumbai,900.0,2,2,40000000
Multistorey Apartment,Unfurnished,10.0,East,40,Mumbai,520.0,2,2,11500000
Multistorey Apartment,Semi-Furnished,1.0,East,7,Mumbai,645.0,2,2,16200000
Multistorey Apartment,Semi-Furnished,7.0,North - East,29,Mumbai,447.0,1,2,6150000
Multistorey Apartment,Unfurnished,8.0,East,40,Mumbai,569.0,2,2,16000000
Multistorey Apartment,Semi-Furnished,1.0,Unknown,3,Jaipur,1000.0,3,3,6000000
Multistorey Apartment,Unfurnished,12.0,East,23,Mumbai,634.0,2,2,14200000
Multistorey Apartment,Semi-Furnished,2.0,North,3,Jaipur,1000.0,2,2,4000000
Multistorey Apartment,Unfurnished,28.0,West,41,Mumbai,1565.0,3,3,82100000
Multistorey Apartment,Furnished,2.0,Unknown,3,Jaipur,1000.0,3,3,9000000
Multistorey Apartment,Semi-Furnished,3.0,West,4,Jaipur,1000.0,2,2,5500000
Multistorey Apartment,Semi-Furnished,0.0,Unknown,5,Jaipur,1000.0,3,2,2900000
Multistorey Apartment,Semi-Furnished,12.0,North - East,18,Mumbai,1109.0,3,2,50500000
Multistorey Apartment,Unfurnished,1.0,East,8,Jaipur,750.0,2,2,3200000
Residential House,Furnished,0.0,East,1,Jaipur,2000.0,3,3,42500000
Residential House,Unfurnished,2.0,East,2,Jaipur,1230.0,4,3,5600000
Multistorey Apartment,Unfurnished,25.0,West,39,Mumbai,1600.0,4,4,49500000
Multistorey Apartment,Semi-Furnished,2.0,Unknown,5,Jaipur,946.0,2,2,3500000
Multistorey Apartment,Furnished,7.0,East,14,Jaipur,1000.0,4,4,11500000
Multistorey Apartment,Unfurnished,0.0,West,3,Jaipur,1000.0,2,2,1800000
Multistorey Apartment,Unfurnished,7.0,Unknown,8,Jaipur,733.0,3,3,3000000
Residential House,Unknown,2.0,Unknown,4,Jaipur,1000.0,3,2,26000000
Residential House,Semi-Furnished,0.0,Unknown,2,Jaipur,1000.0,2,4,16000000
Residential House,Unfurnished,0.0,Unknown,2,Jaipur,1000.0,5,3,17000000
Multistorey Apartment,Unknown,2.0,Unknown,17,Jaipur,1300.0,3,3,18800000
Builder Floor Apartment,Semi-Furnished,0.0,Unknown,4,Jaipur,1000.0,3,3,9800000
Multistorey Apartment,Unfurnished,2.0,Unknown,5,Jaipur,1000.0,3,3,2750000
Builder Floor Apartment,Furnished,2.0,Unknown,3,Jaipur,1000.0,2,2,2650000
Multistorey Apartment,Furnished,4.0,Unknown,12,Jaipur,1000.0,2,2,5000000
Multistorey Apartment,Furnished,2.0,Unknown,6,Jaipur,1000.0,3,2,6000000
Multistorey Apartment,Furnished,1.0,Unknown,10,Jaipur,1000.0,3,3,6000000
Multistorey Apartment,Furnished,3.0,Unknown,8,Jaipur,1000.0,3,2,6500000
Multistorey Apartment,Furnished,8.0,Unknown,12,Jaipur,1110.0,2,2,6000000
Multistorey Apartment,Semi-Furnished,1.0,Unknown,11,Jaipur,1000.0,2,2,3500000
Multistorey Apartment,Furnished,11.0,Unknown,12,Jaipur,1000.0,3,3,7000000
Multistorey Apartment,Semi-Furnished,0.0,Unknown,2,Jaipur,900.0,2,2,2000000
Multistorey Apartment,Semi-Furnished,6.0,Unknown,12,Jaipur,1000.0,2,2,6500000
Multistorey Apartment,Furnished,1.0,Unknown,14,Jaipur,1000.0,3,3,8000000
Multistorey Apartment,Unfurnished,1.0,Unknown,3,Bhopal,450.0,1,1,750000
Residential House,Semi-Furnished,1.0,Unknown,2,Bhopal,1600.0,3,2,8500000
Multistorey Apartment,Semi-Furnished,2.0,Unknown,3,Bhopal,1000.0,2,1,2400000
Residential House,Unfurnished,0.0,North,3,Bhopal,1350.0,4,4,3850000
Multistorey Apartment,Semi-Furnished,4.0,East,6,Bhopal,850.0,2,2,3000000
Multistorey Apartment,Semi-Furnished,2.0,East,4,Bhopal,700.0,2,2,2500000
Multistorey Apartment,Unfurnished,5.0,East,6,Bhopal,670.0,2,2,2500000
Residential House,Unfurnished,2.0,Unknown,1,Bhopal,600.0,2,1,1500000
Multistorey Apartment,Unfurnished,3.0,Unknown,3,Bhopal,600.0,1,1,1350000
Residential House,Unfurnished,0.0,Unknown,1,Bhopal,500.0,2,2,6400000
Villa,Semi-Furnished,2.0,Unknown,2,Bhopal,1600.0,2,2,4000000
Multistorey Apartment,Semi-Furnished,1.0,Unknown,6,Bhopal,1000.0,2,2,2600000
Multistorey Apartment,Unfurnished,2.0,Unknown,5,Bhopal,1000.0,2,2,2800000
Residential House,Unfurnished,2.0,Unknown,2,Bhopal,1000.0,2,1,1000000
Multistorey Apartment,Semi-Furnished,2.0,Unknown,4,Bhopal,720.0,2,2,2800000
Builder Floor Apartment,Semi-Furnished,2.0,Unknown,2,Bhopal,1000.0,1,1,1400000
Residential House,Semi-Furnished,0.0,Unknown,2,Bhopal,1000.0,3,3,4500000
Multistorey Apartment,Semi-Furnished,3.0,Unknown,5,Bhopal,1000.0,2,1,1250000
Multistorey Apartment,Unfurnished,2.0,East,6,Bhopal,850.0,3,2,3200000
Residential House,Semi-Furnished,0.0,East,3,Bhopal,1000.0,4,4,8550000
Multistorey Apartment,Semi-Furnished,2.0,Unknown,4,Bhopal,850.0,2,2,4000000
Multistorey Apartment,Unfurnished,3.0,East,6,Bhopal,850.0,2,2,2500000
Multistorey Apartment,Semi-Furnished,3.0,Unknown,7,Bhopal,900.0,3,2,3500000
Multistorey Apartment,Semi-Furnished,3.0,Unknown,4,Bhopal,1200.0,4,2,14000000
Residential House,Semi-Furnished,2.0,Unknown,1,Bhopal,1000.0,3,3,4200000
Multistorey Apartment,Semi-Furnished,4.0,East,6,Bhopal,1000.0,3,2,4000000
Multistorey Apartment,Furnished,3.0,Unknown,3,Bhopal,1000.0,2,2,3900000
Multistorey Apartment,Semi-Furnished,12.0,North - East,50,Mumbai,535.0,2,2,14500000
Multistorey Apartment,Semi-Furnished,17.0,North,50,Mumbai,365.0,1,2,15000000
Multistorey Apartment,Furnished,20.0,East,21,Mumbai,2806.0,6,6,85000000
Multistorey Apartment,Furnished,13.0,East,15,Mumbai,500.0,1,2,46000000
Multistorey Apartment,Unfurnished,2.0,East,8,Mumbai,700.0,2,2,21000000
Residential House,Semi-Furnished,0.0,West,3,Mumbai,450.0,1,1,21000000
Multistorey Apartment,Furnished,30.0,East,45,Mumbai,1378.0,3,5,55000000
Multistorey Apartment,Furnished,10.0,East,13,Mumbai,1400.0,4,3,47500000
Multistorey Apartment,Semi-Furnished,-0.5,East,18,Mumbai,437.0,1,2,11488000
Multistorey Apartment,Unfurnished,31.0,East,46,Mumbai,680.0,2,2,14500000
Multistorey Apartment,Semi-Furnished,5.0,South -West,45,Mumbai,1121.0,3,2,34500000
Multistorey Apartment,Semi-Furnished,4.0,North - East,23,Mumbai,617.0,2,2,21500000
Multistorey Apartment,Semi-Furnished,7.0,East,22,Mumbai,777.0,2,2,29000000
Multistorey Apartment,Furnished,32.0,North,59,Mumbai,1350.0,4,4,120000000
Multistorey Apartment,Semi-Furnished,4.0,East,10,Mumbai,2300.0,4,4,125000000
Multistorey Apartment,Semi-Furnished,10.0,North - East,22,Mumbai,1100.0,3,3,41000000
Multistorey Apartment,Furnished,2.0,East,16,Mumbai,1200.0,3,3,44500000
Multistorey Apartment,Semi-Furnished,7.0,Unknown,12,Mumbai,385.0,1,1,2800000
Multistorey Apartment,Unfurnished,12.0,East,21,Mumbai,580.0,2,2,14900000
Multistorey Apartment,Unfurnished,6.0,East,18,Mumbai,300.0,1,1,7500000
Multistorey Apartment,Unfurnished,10.0,East,20,Mumbai,734.0,2,2,40000000
Multistorey Apartment,Unfurnished,2.0,East,39,Mumbai,1800.0,3,3,47500000
Multistorey Apartment,Unfurnished,2.0,West,50,Mumbai,950.0,2,2,33000000
Multistorey Apartment,Unfurnished,5.0,North - East,8,Mumbai,945.0,3,3,42997500
Multistorey Apartment,Unfurnished,13.0,East,15,Mumbai,2600.0,5,5,150050000
Multistorey Apartment,Unfurnished,5.0,North - East,10,Jaipur,1421.0,2,2,5500000
Residential House,Unfurnished,0.0,Unknown,2,Jaipur,1000.0,2,3,7000000
Residential House,Furnished,2.0,North - West,3,Jaipur,1000.0,7,6,15000000
Multistorey Apartment,Unfurnished,10.0,North - East,11,Jaipur,1409.0,3,3,5000000
Multistorey Apartment,Semi-Furnished,4.0,Unknown,12,Jaipur,1000.0,2,2,5000000
Multistorey Apartment,Semi-Furnished,1.0,Unknown,11,Jaipur,950.0,2,2,3500000
Residential House,Semi-Furnished,0.0,Unknown,2,Jaipur,1000.0,2,3,4800000
Residential House,Semi-Furnished,2.0,East,2,Jaipur,172.0,7,3,12500000
Builder Floor Apartment,Unfurnished,2.0,Unknown,2,Jaipur,1000.0,3,3,3000000
Multistorey Apartment,Unfurnished,4.0,Unknown,11,Jaipur,1000.0,3,2,4500000
Multistorey Apartment,Semi-Furnished,5.0,Unknown,4,Jaipur,1000.0,2,2,9100000
Multistorey Apartment,Furnished,2.0,North,13,Jaipur,1297.0,3,4,3750000
Builder Floor Apartment,Semi-Furnished,0.0,Unknown,3,Jaipur,1400.0,3,3,6800000
Multistorey Apartment,Unfurnished,1.0,Unknown,3,Jaipur,800.0,2,2,3200000
Builder Floor Apartment,Semi-Furnished,1.0,Unknown,3,Jaipur,1000.0,3,3,3100000
Multistorey Apartment,Unfurnished,1.0,East,3,Jaipur,1000.0,2,2,5400000
Multistorey Apartment,Semi-Furnished,3.0,Unknown,4,Jaipur,1000.0,2,2,3900000
Residential House,Semi-Furnished,0.0,Unknown,2,Jaipur,1000.0,3,3,7000000
Multistorey Apartment,Furnished,5.0,Unknown,12,Jaipur,1000.0,3,2,2600000
Multistorey Apartment,Furnished,6.0,North,6,Jaipur,1000.0,3,2,5900000
Multistorey Apartment,Semi-Furnished,1.0,East,2,Jaipur,950.0,2,2,2000000
Builder Floor Apartment,Furnished,0.0,North - East,3,Jaipur,1496.0,3,2,5950000
Multistorey Apartment,Semi-Furnished,2.0,Unknown,7,Jaipur,750.0,2,2,4900000
Builder Floor Apartment,Furnished,2.0,Unknown,3,Jaipur,1000.0,3,3,9500000
Multistorey Apartment,Semi-Furnished,4.0,Unknown,7,Jaipur,1000.0,2,2,7000000
Villa,Semi-Furnished,2.0,Unknown,1,Jaipur,718.0,2,1,3000000
Multistorey Apartment,Semi-Furnished,2.0,East,12,Jaipur,806.0,2,2,2400000
Multistorey Apartment,Unfurnished,7.0,North,11,Jaipur,1100.0,2,2,3100000
Multistorey Apartment,Unfurnished,2.0,Unknown,6,Bhopal,1200.0,3,2,3700000
Residential House,Unfurnished,2.0,Unknown,1,Bhopal,840.0,1,1,2000000
Residential House,Semi-Furnished,1.0,West,1,Bhopal,800.0,3,2,5500000
Builder Floor Apartment,Semi-Furnished,5.0,Unknown,6,Bhopal,1000.0,2,2,2300000
Multistorey Apartment,Semi-Furnished,3.0,Unknown,7,Bhopal,1000.0,2,2,3200000
Builder Floor Apartment,Furnished,2.0,Unknown,4,Bhopal,950.0,2,2,2400000
Residential House,Unfurnished,-0.5,Unknown,1,Bhopal,1000.0,1,1,1600000
Multistorey Apartment,Semi-Furnished,2.0,Unknown,4,Bhopal,1000.0,2,2,3200000
Multistorey Apartment,Semi-Furnished,1.0,Unknown,4,Bhopal,1000.0,3,2,3400000
Multistorey Apartment,Unfurnished,1.0,East,6,Bhopal,750.0,2,2,1600000
Residential House,Unfurnished,0.0,Unknown,1,Bhopal,1000.0,2,2,4800000
Residential House,Unfurnished,2.0,North - West,2,Bhopal,800.0,3,3,7500000
Residential House,Semi-Furnished,2.0,Unknown,2,Bhopal,900.0,8,2,4000000
Multistorey Apartment,Unfurnished,1.0,East,3,Bhopal,1000.0,2,1,2800000
Builder Floor Apartment,Furnished,2.0,Unknown,4,Bhopal,1000.0,2,2,2200000
Villa,Unfurnished,2.0,North,1,Bhopal,1444.0,3,2,9000000
Multistorey Apartment,Semi-Furnished,4.0,Unknown,8,Bhopal,1000.0,4,3,5500000
Builder Floor Apartment,Unknown,2.0,Unknown,4,Bhopal,1000.0,3,2,5000000
Multistorey Apartment,Semi-Furnished,4.0,Unknown,4,Bhopal,1100.0,2,2,2500000
Multistorey Apartment,Furnished,4.0,Unknown,6,Bhopal,1000.0,2,2,2600000
Multistorey Apartment,Furnished,1.0,Unknown,1,Bhopal,400.0,1,1,1800000
Multistorey Apartment,Furnished,1.0,East,6,Bhopal,1250.0,3,3,5500000
Multistorey Apartment,Unfurnished,42.0,Unknown,47,Mumbai,864.0,2,2,41100000
Multistorey Apartment,Unfurnished,6.0,East,7,Mumbai,430.0,1,2,10300000
Multistorey Apartment,Furnished,3.0,East,17,Mumbai,780.0,2,2,30000000
Multistorey Apartment,Unfurnished,11.0,Unknown,12,Mumbai,1000.0,2,2,30500000
Multistorey Apartment,Semi-Furnished,4.0,East,30,Mumbai,674.0,2,2,15500000
Multistorey Apartment,Unfurnished,20.0,North - East,42,Mumbai,496.0,1,1,15000000
Multistorey Apartment,Furnished,1.0,West,11,Mumbai,1000.0,2,2,60000000
Multistorey Apartment,Unfurnished,4.0,East,12,Mumbai,650.0,2,2,12500000
Multistorey Apartment,Unfurnished,2.0,Unknown,17,Mumbai,439.0,1,1,11100000
Multistorey Apartment,Unfurnished,2.0,East,23,Mumbai,638.0,2,2,14500000
Multistorey Apartment,Unfurnished,10.0,North - West,15,Mumbai,802.0,3,3,16900000
Multistorey Apartment,Furnished,3.0,Unknown,8,Mumbai,1000.0,2,2,9600000
Residential House,Furnished,4.0,East,5,Mumbai,1200.0,2,2,5000000
Multistorey Apartment,Furnished,11.0,West,18,Mumbai,1000.0,1,2,8800000
Multistorey Apartment,Semi-Furnished,5.0,East,23,Mumbai,618.0,2,2,17400000
Multistorey Apartment,Unfurnished,2.0,Unknown,2,Mumbai,1920.0,4,4,15000000
Multistorey Apartment,Unfurnished,4.0,East,15,Mumbai,885.0,3,3,21800000
Multistorey Apartment,Unfurnished,2.0,Unknown,2,Mumbai,740.0,2,2,5000000
Multistorey Apartment,Unfurnished,1.0,Unknown,5,Jaipur,1000.0,4,3,6000000
Multistorey Apartment,Semi-Furnished,1.0,West,6,Mumbai,1000.0,2,2,10500000
Multistorey Apartment,Semi-Furnished,6.0,Unknown,7,Mumbai,600.0,2,2,17500000
Multistorey Apartment,Semi-Furnished,6.0,South,7,Mumbai,680.0,2,2,39000000
Multistorey Apartment,Unfurnished,6.0,North - West,7,Mumbai,225.0,1,1,4100000
Builder Floor Apartment,Semi-Furnished,1.0,West,2,Jaipur,1400.0,3,2,6000000
Residential House,Furnished,1.0,Unknown,2,Jaipur,1000.0,4,5,18000000
Residential House,Unfurnished,1.0,East,2,Jaipur,1000.0,3,2,8700000
Multistorey Apartment,Semi-Furnished,2.0,Unknown,6,Jaipur,850.0,3,2,3550000
Builder Floor Apartment,Semi-Furnished,1.0,Unknown,3,Jaipur,800.0,2,2,4000000
Multistorey Apartment,Unfurnished,4.0,Unknown,6,Jaipur,1000.0,2,2,4000000
Multistorey Apartment,Semi-Furnished,4.0,East,11,Jaipur,1000.0,2,2,2100000
Villa,Unfurnished,2.0,Unknown,3,Jaipur,3000.0,5,4,18800000
Multistorey Apartment,Unfurnished,3.0,East,10,Jaipur,1100.0,3,3,7000000
Multistorey Apartment,Unknown,2.0,Unknown,4,Jaipur,1000.0,2,2,3500000
Villa,Semi-Furnished,2.0,Unknown,2,Jaipur,1000.0,3,2,11000000
Multistorey Apartment,Unfurnished,1.0,East,11,Jaipur,1500.0,3,3,7500000
Villa,Furnished,2.0,West,2,Jaipur,1680.0,3,3,6500000
Multistorey Apartment,Furnished,3.0,Unknown,12,Jaipur,1000.0,2,2,4300000
Multistorey Apartment,Semi-Furnished,7.0,East,12,Jaipur,1000.0,3,2,3000000
Builder Floor Apartment,Unfurnished,2.0,North,4,Jaipur,1000.0,3,3,6800000
Multistorey Apartment,Unfurnished,1.0,East,4,Jaipur,1000.0,3,2,2800000
Multistorey Apartment,Unfurnished,3.0,Unknown,13,Jaipur,1000.0,3,3,7000000
Multistorey Apartment,Semi-Furnished,0.0,East,5,Jaipur,1000.0,2,2,2700000
Multistorey Apartment,Semi-Furnished,2.0,North - East,3,Jaipur,1100.0,3,3,5500000
Multistorey Apartment,Unfurnished,1.0,North,3,Jaipur,900.0,2,2,3200000
Builder Floor Apartment,Semi-Furnished,2.0,South,2,Jaipur,1415.0,3,3,6500000
Multistorey Apartment,Semi-Furnished,5.0,Unknown,12,Jaipur,1000.0,2,2,4650000
Multistorey Apartment,Unfurnished,3.0,North,4,Jaipur,1000.0,2,2,3500000
Multistorey Apartment,Furnished,2.0,Unknown,12,Jaipur,1175.0,2,2,4500000
Multistorey Apartment,Semi-Furnished,0.0,Unknown,3,Jaipur,1000.0,2,2,3000000
Residential House,Semi-Furnished,2.0,East,2,Jaipur,1000.0,2,3,7800000
Residential House,Unfurnished,1.0,Unknown,1,Bhopal,1000.0,6,6,6000000
Residential House,Unfurnished,2.0,East,1,Bhopal,800.0,4,2,4300000
Multistorey Apartment,Semi-Furnished,5.0,East,6,Bhopal,1000.0,3,2,3000000
Residential House,Semi-Furnished,-1.0,Unknown,3,Bhopal,1620.0,3,3,3400000
Multistorey Apartment,Semi-Furnished,2.0,East,4,Bhopal,450.0,1,1,1150000
Residential House,Semi-Furnished,2.0,Unknown,2,Bhopal,2400.0,8,8,20000000
Multistorey Apartment,Furnished,0.0,South - East,6,Bhopal,1000.0,2,2,3000000
Builder Floor Apartment,Unfurnished,2.0,Unknown,5,Bhopal,1000.0,3,2,4000000
Residential House,Semi-Furnished,0.0,Unknown,2,Bhopal,1000.0,3,3,8000000
Multistorey Apartment,Semi-Furnished,3.0,Unknown,4,Bhopal,1000.0,2,2,2500000
Multistorey Apartment,Unfurnished,4.0,Unknown,4,Bhopal,800.0,2,2,3350000
Residential House,Unfurnished,0.0,Unknown,1,Bhopal,1000.0,3,2,2200000
Residential House,Furnished,2.0,Unknown,2,Bhopal,1000.0,2,2,4200000
Residential House,Unfurnished,2.0,Unknown,2,Bhopal,1260.0,4,3,10000000
Multistorey Apartment,Unfurnished,3.0,North,6,Bhopal,1055.0,2,2,2800000
Multistorey Apartment,Semi-Furnished,1.0,East,6,Bhopal,950.0,2,2,2600000
Builder Floor Apartment,Unfurnished,1.0,Unknown,2,Bhopal,1000.0,1,1,900000
Multistorey Apartment,Unfurnished,5.0,Unknown,6,Bhopal,1350.0,3,3,2500000
Residential House,Furnished,2.0,Unknown,3,Bhopal,1000.0,6,5,6000000
Builder Floor Apartment,Semi-Furnished,0.0,Unknown,4,Bhopal,1000.0,3,2,3000000
Multistorey Apartment,Unfurnished,30.0,East,45,Mumbai,1935.0,4,4,53000000
Multistorey Apartment,Semi-Furnished,4.0,Unknown,8,Mumbai,1000.0,2,4,16500000
Multistorey Apartment,Unfurnished,16.0,East,20,Mumbai,744.0,2,2,27700000
Multistorey Apartment,Unfurnished,5.0,East,7,Mumbai,1000.0,2,2,34000000
Multistorey Apartment,Furnished,50.0,East,60,Mumbai,1882.0,3,4,120000000
Multistorey Apartment,Unfurnished,7.0,Unknown,15,Mumbai,1000.0,2,2,18500000
Multistorey Apartment,Unfurnished,4.0,Unknown,7,Mumbai,225.0,1,1,4000000
Residential House,Semi-Furnished,2.0,North - East,5,Bhopal,360.0,5,4,4500000
Multistorey Apartment,Semi-Furnished,2.0,Unknown,3,Mumbai,1000.0,2,2,21000000
Multistorey Apartment,Semi-Furnished,19.0,Unknown,33,Mumbai,1000.0,3,3,45000000
Multistorey Apartment,Unfurnished,20.0,East,35,Mumbai,583.0,2,2,15800000
Multistorey Apartment,Unfurnished,10.0,Unknown,20,Mumbai,425.0,1,2,13000000
Multistorey Apartment,Unfurnished,5.0,Unknown,7,Mumbai,1000.0,2,2,11000000
Multistorey Apartment,Semi-Furnished,10.0,North - East,21,Mumbai,422.0,1,2,12500000
Multistorey Apartment,Semi-Furnished,53.0,Unknown,75,Mumbai,893.0,2,2,47000000
Multistorey Apartment,Unfurnished,4.0,East,4,Mumbai,300.0,1,1,2500000
Multistorey Apartment,Unfurnished,11.0,West,49,Mumbai,537.0,2,2,14700000
Multistorey Apartment,Unfurnished,8.0,North,16,Mumbai,1502.0,3,3,72500000
Multistorey Apartment,Unfurnished,2.0,North,10,Mumbai,1270.0,3,2,72500000
Multistorey Apartment,Unfurnished,5.0,Unknown,7,Mumbai,1000.0,2,2,6000000
Multistorey Apartment,Unfurnished,18.0,Unknown,32,Mumbai,670.0,2,2,12500000
Multistorey Apartment,Semi-Furnished,2.0,South,7,Mumbai,250.0,1,1,9800000
Multistorey Apartment,Furnished,7.0,Unknown,12,Mumbai,385.0,1,1,8900000
Builder Floor Apartment,Unfurnished,2.0,Unknown,3,Mumbai,442.0,1,1,3200000
Multistorey Apartment,Semi-Furnished,7.0,Unknown,20,Mumbai,1000.0,3,3,20000000
Multistorey Apartment,Unfurnished,15.0,North,36,Mumbai,732.0,2,2,20500000
Multistorey Apartment,Unfurnished,13.0,East,21,Mumbai,700.0,2,2,23000000
Multistorey Apartment,Semi-Furnished,43.0,West,70,Mumbai,2150.0,3,5,105000000
Residential House,Semi-Furnished,2.0,Unknown,2,Jaipur,1000.0,3,2,4200000
Multistorey Apartment,Furnished,6.0,Unknown,4,Jaipur,1000.0,2,2,3100000
Residential House,Unfurnished,1.0,East,1,Jaipur,900.0,1,1,4500000
Residential House,Unfurnished,1.0,East,1,Jaipur,1000.0,2,1,2850000
Multistorey Apartment,Semi-Furnished,1.0,North,13,Jaipur,950.0,2,2,4551111
Multistorey Apartment,Semi-Furnished,1.0,Unknown,6,Jaipur,1000.0,3,2,5200000
Multistorey Apartment,Unfurnished,4.0,Unknown,4,Jaipur,1300.0,3,3,5800000
Villa,Semi-Furnished,2.0,West,2,Jaipur,690.0,2,2,4400000
Multistorey Apartment,Semi-Furnished,2.0,Unknown,12,Jaipur,925.0,2,2,2660000
Multistorey Apartment,Furnished,1.0,South,3,Jaipur,1250.0,3,2,4500000
Multistorey Apartment,Semi-Furnished,1.0,Unknown,4,Jaipur,1000.0,2,2,2300000
Builder Floor Apartment,Unknown,2.0,Unknown,4,Jaipur,1000.0,2,2,3400000
Residential House,Semi-Furnished,2.0,East,2,Jaipur,140.0,4,4,16000000
Builder Floor Apartment,Semi-Furnished,1.0,Unknown,2,Jaipur,960.0,3,2,4000000
Residential House,Unfurnished,2.0,Unknown,1,Jaipur,1000.0,2,1,10000000
Builder Floor Apartment,Semi-Furnished,0.0,Unknown,3,Jaipur,1000.0,3,2,3000000
Residential House,Semi-Furnished,2.0,North,2,Jaipur,3500.0,7,8,15000000
Multistorey Apartment,Semi-Furnished,0.0,Unknown,6,Jaipur,750.0,3,2,3550000
Multistorey Apartment,Semi-Furnished,2.0,Unknown,7,Jaipur,1000.0,2,2,2500000
Residential House,Unfurnished,1.0,South,2,Jaipur,1000.0,4,3,9500000
Villa,Unfurnished,2.0,North,3,Jaipur,5500.0,5,5,15000000
Multistorey Apartment,Semi-Furnished,8.0,Unknown,4,Jaipur,836.0,2,2,2500000
Builder Floor Apartment,Semi-Furnished,3.0,Unknown,3,Jaipur,1000.0,2,2,1550000
Multistorey Apartment,Unfurnished,2.0,East,4,Jaipur,1000.0,2,2,3500000
Multistorey Apartment,Semi-Furnished,1.0,Unknown,4,Jaipur,350.0,1,1,2550000
Multistorey Apartment,Unfurnished,1.0,Unknown,14,Jaipur,1000.0,3,3,5900000
Multistorey Apartment,Semi-Furnished,1.0,Unknown,3,Jaipur,850.0,2,2,2800000
Multistorey Apartment,Semi-Furnished,4.0,West,8,Bhopal,1000.0,2,2,2400000
Residential House,Unknown,2.0,Unknown,4,Bhopal,1000.0,1,2,1100000
Multistorey Apartment,Semi-Furnished,4.0,Unknown,5,Bhopal,1000.0,3,3,4900000
Villa,Semi-Furnished,2.0,Unknown,2,Bhopal,1000.0,3,3,15000000
Residential House,Unfurnished,1.0,North,1,Bhopal,2000.0,2,2,7500000
Multistorey Apartment,Semi-Furnished,3.0,East,4,Bhopal,1000.0,3,3,3600000
Multistorey Apartment,Unfurnished,3.0,Unknown,4,Bhopal,1000.0,2,2,2000000
Residential House,Semi-Furnished,2.0,Unknown,1,Bhopal,1250.0,2,2,2800000
Multistorey Apartment,Unfurnished,0.0,North,3,Bhopal,500.0,2,1,1550000
Multistorey Apartment,Unfurnished,1.0,Unknown,4,Bhopal,800.0,2,2,8000000
Residential House,Semi-Furnished,0.0,Unknown,3,Bhopal,1000.0,3,5,3500000
Residential House,Furnished,2.0,Unknown,1,Bhopal,600.0,3,2,3000000
Multistorey Apartment,Unfurnished,2.0,Unknown,6,Bhopal,1000.0,2,2,2700000
Residential House,Furnished,2.0,West,2,Bhopal,850.0,4,5,8000000
Villa,Semi-Furnished,2.0,Unknown,3,Bhopal,1000.0,3,2,32000000
Builder Floor Apartment,Semi-Furnished,2.0,Unknown,3,Bhopal,1000.0,2,2,3600000
Residential House,Unfurnished,2.0,West,2,Bhopal,1000.0,4,4,7000000
Multistorey Apartment,Semi-Furnished,3.0,West,6,Bhopal,760.0,2,2,2200000
Multistorey Apartment,Unfurnished,0.0,East,2,Bhopal,450.0,1,1,1525000
Multistorey Apartment,Semi-Furnished,4.0,Unknown,4,Bhopal,1000.0,1,1,1200000
Residential House,Semi-Furnished,0.0,Unknown,2,Bhopal,1000.0,7,5,35000000
Multistorey Apartment,Unfurnished,1.0,Unknown,5,Bhopal,1000.0,2,1,1500000
Villa,Unfurnished,2.0,East,2,Bhopal,800.0,3,2,3650000
Multistorey Apartment,Semi-Furnished,0.0,Unknown,3,Mumbai,1000.0,2,1,25000000
Multistorey Apartment,Semi-Furnished,6.0,Unknown,10,Mumbai,850.0,2,2,60000000
Multistorey Apartment,Furnished,3.0,East,12,Mumbai,1175.0,3,3,38800000
Multistorey Apartment,Furnished,14.0,Unknown,22,Mumbai,790.0,2,2,46000000
Residential House,Unfurnished,0.0,North,1,Bhopal,1000.0,2,2,7000000
Multistorey Apartment,Semi-Furnished,2.0,North - East,56,Mumbai,1640.0,3,3,49000000
Multistorey Apartment,Unfurnished,0.0,East,4,Mumbai,470.0,2,1,10000000
Multistorey Apartment,Unfurnished,16.0,Unknown,18,Mumbai,1000.0,1,2,5000000
Multistorey Apartment,Semi-Furnished,5.0,Unknown,6,Mumbai,950.0,2,2,9500000
Multistorey Apartment,Unfurnished,1.0,East,7,Mumbai,688.0,2,2,16100000
Studio Apartment,Semi-Furnished,6.0,East,7,Mumbai,180.0,3,1,3400000
Multistorey Apartment,Semi-Furnished,1.0,Unknown,4,Mumbai,1000.0,1,1,5500000
Multistorey Apartment,Semi-Furnished,2.0,Unknown,10,Mumbai,439.0,1,2,7200000
Multistorey Apartment,Furnished,2.0,Unknown,7,Mumbai,1620.0,4,4,95000000
Multistorey Apartment,Unfurnished,5.0,South -West,7,Mumbai,358.0,1,2,2950000
Multistorey Apartment,Unfurnished,20.0,East,40,Mumbai,471.0,1,2,12000000
Multistorey Apartment,Unfurnished,25.0,East,42,Mumbai,1800.0,5,5,100000000
Multistorey Apartment,Unfurnished,6.0,West,4,Mumbai,1230.0,3,3,67500000
Multistorey Apartment,Furnished,7.0,Unknown,12,Mumbai,2000.0,4,3,120000000
Multistorey Apartment,Furnished,3.0,North - West,7,Mumbai,800.0,2,2,20000000
Multistorey Apartment,Unfurnished,2.0,North - West,29,Mumbai,583.0,2,2,17500000
Multistorey Apartment,Unfurnished,23.0,East,63,Mumbai,1740.0,3,4,105000000
Multistorey Apartment,Semi-Furnished,26.0,East,33,Mumbai,427.0,1,2,11000000
Multistorey Apartment,Semi-Furnished,8.0,East,18,Mumbai,760.0,2,2,18600000
Multistorey Apartment,Semi-Furnished,2.0,West,2,Jaipur,1054.0,3,3,4200000
Residential House,Unfurnished,0.0,South,2,Jaipur,136.0,6,5,6000000
Multistorey Apartment,Furnished,3.0,Unknown,5,Jaipur,2100.0,4,4,11500000
Villa,Unfurnished,2.0,Unknown,2,Jaipur,50.0,3,4,5000000
Villa,Unfurnished,2.0,West,1,Jaipur,1000.0,3,3,7900000
Villa,Unfurnished,2.0,Unknown,2,Jaipur,2200.0,3,3,10000000
Multistorey Apartment,Furnished,12.0,East,14,Jaipur,1000.0,4,5,12500000
Multistorey Apartment,Unfurnished,4.0,Unknown,14,Jaipur,1000.0,3,3,7350000
Multistorey Apartment,Furnished,8.0,West,11,Jaipur,1000.0,2,2,4500000
Residential House,Unfurnished,0.0,South - East,1,Jaipur,1000.0,2,2,8500000
Multistorey Apartment,Unfurnished,8.0,East,14,Mumbai,511.0,1,2,3800000
Villa,Semi-Furnished,2.0,North - West,2,Jaipur,2400.0,4,4,8800000
Multistorey Apartment,Semi-Furnished,3.0,Unknown,11,Jaipur,1000.0,3,2,2490000
Villa,Furnished,2.0,Unknown,2,Jaipur,1000.0,4,4,7500000
Multistorey Apartment,Furnished,5.0,East,4,Jaipur,782.0,1,1,3100000
Residential House,Unfurnished,0.0,West,1,Jaipur,1000.0,3,2,7500000
Multistorey Apartment,Unfurnished,3.0,Unknown,10,Jaipur,1000.0,2,2,2300000
Multistorey Apartment,Semi-Furnished,0.0,Unknown,3,Jaipur,1000.0,1,1,2500000
Residential House,Unfurnished,1.0,West,1,Jaipur,1800.0,5,1,9000000
Multistorey Apartment,Unfurnished,5.0,Unknown,12,Jaipur,1124.0,2,2,5000000
Multistorey Apartment,Unfurnished,7.0,Unknown,13,Jaipur,1000.0,2,2,3600000
Multistorey Apartment,Unfurnished,6.0,East,4,Jaipur,1995.0,3,4,6000000
Multistorey Apartment,Furnished,3.0,Unknown,12,Jaipur,1000.0,3,3,9000000
Multistorey Apartment,Semi-Furnished,4.0,Unknown,12,Jaipur,680.0,2,2,3399000
Builder Floor Apartment,Semi-Furnished,3.0,Unknown,3,Jaipur,1000.0,2,1,4500000
Multistorey Apartment,Semi-Furnished,1.0,North,3,Jaipur,700.0,2,2,2911000
Multistorey Apartment,Furnished,3.0,Unknown,3,Bhopal,1500.0,3,2,4000000
Villa,Semi-Furnished,2.0,Unknown,2,Bhopal,1000.0,2,2,9000000
Residential House,Unfurnished,0.0,South,1,Bhopal,2400.0,5,4,27000000
Villa,Unfurnished,2.0,Unknown,2,Bhopal,1000.0,3,3,6800000
Residential House,Unfurnished,0.0,Unknown,2,Bhopal,1620.0,3,3,5000000
Residential House,Semi-Furnished,0.0,Unknown,1,Bhopal,1000.0,4,2,3000000
Residential House,Semi-Furnished,1.0,Unknown,2,Bhopal,1000.0,3,2,7000000
Multistorey Apartment,Unfurnished,1.0,Unknown,7,Bhopal,1000.0,4,3,6500000
Multistorey Apartment,Furnished,5.0,Unknown,6,Bhopal,1000.0,2,2,2700000
Multistorey Apartment,Unfurnished,5.0,East,5,Bhopal,800.0,2,2,2500000
Multistorey Apartment,Unfurnished,1.0,Unknown,5,Bhopal,1000.0,3,2,4800000
Residential House,Unfurnished,2.0,Unknown,3,Bhopal,1000.0,4,4,4300000
Multistorey Apartment,Unfurnished,5.0,Unknown,5,Bhopal,700.0,2,2,2500000
Residential House,Unfurnished,1.0,Unknown,1,Bhopal,1000.0,1,1,1300000
Residential House,Unfurnished,1.0,South,1,Bhopal,1000.0,3,2,3800000
Builder Floor Apartment,Unfurnished,0.0,Unknown,4,Bhopal,1000.0,2,2,2700000
Villa,Semi-Furnished,2.0,Unknown,2,Bhopal,1000.0,5,4,12500000
Residential House,Semi-Furnished,2.0,Unknown,2,Bhopal,1000.0,3,2,6000000
Multistorey Apartment,Unfurnished,5.0,North - East,28,Mumbai,750.0,2,2,16000000
Multistorey Apartment,Unfurnished,6.0,South,8,Mumbai,380.0,1,2,8900000
Multistorey Apartment,Unfurnished,10.0,North - East,29,Mumbai,435.0,1,2,6000000
Multistorey Apartment,Semi-Furnished,2.0,East,28,Mumbai,1000.0,2,2,26500000
Multistorey Apartment,Semi-Furnished,58.0,East,68,Mumbai,1092.0,2,2,44000000
Residential House,Unfurnished,5.0,North,32,Mumbai,824.0,2,2,12500000
Multistorey Apartment,Semi-Furnished,18.0,East,35,Mumbai,430.0,1,2,11000000
Multistorey Apartment,Unfurnished,2.0,North - East,27,Mumbai,1600.0,3,3,62500000
Multistorey Apartment,Semi-Furnished,12.0,East,35,Mumbai,980.0,3,3,36000000
Multistorey Apartment,Unfurnished,38.0,North - West,58,Mumbai,1373.0,3,4,47500000
Multistorey Apartment,Unfurnished,10.0,North - East,22,Mumbai,770.0,2,2,6300000
Multistorey Apartment,Unfurnished,3.0,East,8,Mumbai,840.0,2,2,24500000
Multistorey Apartment,Semi-Furnished,7.0,North - West,36,Mumbai,732.0,2,2,20000000
Multistorey Apartment,Semi-Furnished,16.0,North - East,39,Mumbai,1088.0,3,3,30000000
Multistorey Apartment,Unfurnished,22.0,East,30,Mumbai,690.0,2,2,16300000
Multistorey Apartment,Unfurnished,4.0,East,8,Mumbai,400.0,1,2,9911000
Multistorey Apartment,Furnished,10.0,South - East,14,Mumbai,761.0,2,2,25000000
Multistorey Apartment,Semi-Furnished,12.0,East,23,Mumbai,1000.0,1,2,8000000
Multistorey Apartment,Unfurnished,15.0,East,38,Mumbai,757.0,2,2,19000000
Multistorey Apartment,Unfurnished,25.0,East,38,Mumbai,750.0,2,2,17900000
Multistorey Apartment,Unfurnished,27.0,East,43,Mumbai,1321.0,3,3,40000000
Multistorey Apartment,Semi-Furnished,6.0,Unknown,4,Jaipur,970.0,2,2,3200000
Residential House,Unfurnished,2.0,West,2,Jaipur,3500.0,4,4,18000000
Multistorey Apartment,Furnished,15.0,West,19,Mumbai,750.0,2,2,26000000
Multistorey Apartment,Unfurnished,1.0,East,4,Jaipur,1000.0,2,2,2000000
Builder Floor Apartment,Semi-Furnished,2.0,Unknown,4,Jaipur,850.0,2,2,2850000
Multistorey Apartment,Semi-Furnished,12.0,West,22,Mumbai,874.0,3,2,30750000
Multistorey Apartment,Semi-Furnished,15.0,North - East,20,Mumbai,800.0,2,2,28400000
Multistorey Apartment,Semi-Furnished,10.0,North - East,69,Mumbai,1795.0,3,3,58200000
Multistorey Apartment,Furnished,3.0,Unknown,5,Jaipur,1250.0,3,2,5000000
Multistorey Apartment,Unfurnished,2.0,Unknown,3,Jaipur,1500.0,3,3,6000000
Multistorey Apartment,Semi-Furnished,6.0,North - East,4,Jaipur,1000.0,2,2,3200000
Multistorey Apartment,Semi-Furnished,1.0,East,2,Jaipur,1250.0,3,2,6500000
Residential House,Unfurnished,2.0,Unknown,2,Jaipur,1000.0,6,5,31000000
Multistorey Apartment,Semi-Furnished,3.0,East,3,Jaipur,1220.0,3,2,5000000
Multistorey Apartment,Furnished,1.0,West,6,Jaipur,1650.0,3,3,11000000
Multistorey Apartment,Semi-Furnished,10.0,Unknown,10,Jaipur,1000.0,2,2,4500000
Residential House,Semi-Furnished,2.0,South - East,2,Jaipur,1000.0,3,4,11000000
Multistorey Apartment,Unfurnished,2.0,North - East,3,Jaipur,300.0,1,1,2500000
Multistorey Apartment,Semi-Furnished,1.0,Unknown,3,Jaipur,1100.0,2,2,3500000
Builder Floor Apartment,Semi-Furnished,2.0,Unknown,2,Jaipur,1000.0,3,3,3100000
Residential House,Semi-Furnished,2.0,East,2,Jaipur,3600.0,3,6,19000000
Multistorey Apartment,Semi-Furnished,5.0,East,25,Jaipur,1000.0,2,2,3900000
Multistorey Apartment,Semi-Furnished,2.0,Unknown,3,Jaipur,1000.0,2,2,2500000
Builder Floor Apartment,Furnished,4.0,Unknown,6,Jaipur,1020.0,3,2,5000000
Builder Floor Apartment,Semi-Furnished,3.0,East,3,Jaipur,748.0,2,2,2600000
Multistorey Apartment,Semi-Furnished,4.0,Unknown,4,Jaipur,1190.0,3,2,5100000
Multistorey Apartment,Semi-Furnished,8.0,North - West,12,Jaipur,1100.0,3,2,6500000
Multistorey Apartment,Unfurnished,3.0,Unknown,7,Bhopal,1352.0,3,2,2550000
Villa,Semi-Furnished,2.0,South,3,Bhopal,3000.0,5,5,16000000
Residential House,Unfurnished,1.0,East,1,Bhopal,1536.0,5,3,8500000
Residential House,Unfurnished,2.0,Unknown,2,Bhopal,600.0,2,2,7500000
Multistorey Apartment,Furnished,4.0,Unknown,6,Bhopal,1000.0,3,2,4000000
Villa,Semi-Furnished,2.0,Unknown,2,Bhopal,1400.0,4,2,18500000
Residential House,Semi-Furnished,0.0,Unknown,2,Bhopal,1000.0,6,1,4000000
Residential House,Semi-Furnished,2.0,Unknown,3,Bhopal,1000.0,3,6,15000000
Multistorey Apartment,Unfurnished,3.0,Unknown,7,Bhopal,1000.0,3,2,2800000
Multistorey Apartment,Unfurnished,3.0,Unknown,4,Bhopal,1000.0,2,2,3500000
Villa,Semi-Furnished,2.0,North,2,Bhopal,1650.0,4,4,17000000
Multistorey Apartment,Furnished,1.0,Unknown,3,Bhopal,1000.0,2,1,2200000
Multistorey Apartment,Unfurnished,3.0,Unknown,6,Bhopal,845.0,2,2,2700000
Multistorey Apartment,Unfurnished,1.0,Unknown,4,Bhopal,1000.0,1,1,1600000
Residential House,Semi-Furnished,0.0,Unknown,3,Bhopal,1000.0,2,3,5000000
Multistorey Apartment,Unknown,2.0,Unknown,4,Bhopal,1000.0,3,2,4000000
Multistorey Apartment,Unfurnished,1.0,Unknown,6,Bhopal,1000.0,3,3,2500000
Residential House,Unfurnished,2.0,Unknown,2,Bhopal,1050.0,3,3,5500000
Builder Floor Apartment,Unfurnished,3.0,Unknown,3,Bhopal,1000.0,3,2,1800000
Residential House,Furnished,2.0,Unknown,2,Bhopal,1000.0,2,4,4000000
Builder Floor Apartment,Furnished,2.0,Unknown,4,Bhopal,1000.0,10,1,3600000
Residential House,Unfurnished,0.0,Unknown,1,Bhopal,1000.0,3,3,4550000
Multistorey Apartment,Semi-Furnished,2.0,South,4,Bhopal,1050.0,3,3,4100000
Multistorey Apartment,Semi-Furnished,5.0,South,6,Mumbai,3700.0,3,4,350000000
Multistorey Apartment,Unfurnished,4.0,East,7,Mumbai,1200.0,3,3,54000000
Multistorey Apartment,Unfurnished,12.0,East,24,Mumbai,467.0,1,2,12000000
Multistorey Apartment,Furnished,12.0,Unknown,13,Mumbai,1800.0,3,4,115000000
Multistorey Apartment,Semi-Furnished,7.0,East,12,Mumbai,680.0,2,2,18800000
Multistorey Apartment,Semi-Furnished,15.0,East,33,Mumbai,2129.0,4,5,210000000
Multistorey Apartment,Semi-Furnished,2.0,Unknown,5,Bhopal,1100.0,3,2,3600000
Multistorey Apartment,Unfurnished,2.0,North - East,19,Mumbai,757.0,2,2,26000000
Multistorey Apartment,Unfurnished,6.0,North,7,Mumbai,450.0,1,1,16000000
Multistorey Apartment,Unfurnished,5.0,East,23,Mumbai,375.0,1,1,2950000
Multistorey Apartment,Unfurnished,11.0,North - East,48,Mumbai,1085.0,3,3,33000000
Multistorey Apartment,Semi-Furnished,2.0,East,32,Mumbai,1100.0,3,3,55000000
Multistorey Apartment,Semi-Furnished,42.0,West,45,Mumbai,1845.0,3,4,110000000
Multistorey Apartment,Unfurnished,32.0,East,72,Mumbai,2100.0,4,4,140000000
Multistorey Apartment,Semi-Furnished,2.0,West,17,Mumbai,2375.0,4,5,130000000
Multistorey Apartment,Semi-Furnished,2.0,East,23,Mumbai,762.0,2,2,32500000
Multistorey Apartment,Unfurnished,10.0,West,13,Mumbai,1230.0,4,3,48000000
Multistorey Apartment,Semi-Furnished,-0.5,East,40,Mumbai,750.0,2,2,22500000
Multistorey Apartment,Semi-Furnished,2.0,East,21,Mumbai,380.0,1,2,2700000
Multistorey Apartment,Unfurnished,12.0,East,20,Mumbai,607.0,2,2,16000000
Multistorey Apartment,Semi-Furnished,2.0,West,15,Jaipur,1000.0,2,2,3300000
Multistorey Apartment,Semi-Furnished,24.0,East,40,Mumbai,424.0,1,2,12500000
Multistorey Apartment,Furnished,1.0,East,12,Jaipur,1000.0,3,3,13000000
Multistorey Apartment,Semi-Furnished,2.0,Unknown,5,Jaipur,1000.0,3,3,3900000
Multistorey Apartment,Unfurnished,10.0,North,14,Jaipur,1085.0,3,3,3800000
Multistorey Apartment,Furnished,0.0,Unknown,3,Jaipur,1000.0,3,3,3500000
Multistorey Apartment,Semi-Furnished,1.0,Unknown,5,Jaipur,1000.0,4,3,6650000
Villa,Semi-Furnished,2.0,North - East,2,Jaipur,1000.0,3,3,8500000
Builder Floor Apartment,Semi-Furnished,2.0,East,4,Jaipur,810.0,2,2,2400000
Multistorey Apartment,Unfurnished,2.0,West,2,Jaipur,850.0,2,2,2550000
Builder Floor Apartment,Semi-Furnished,0.0,Unknown,3,Jaipur,1000.0,2,2,5100000
Residential House,Unfurnished,1.0,East,1,Jaipur,1800.0,3,3,8500000
Multistorey Apartment,Semi-Furnished,4.0,East,4,Jaipur,900.0,2,2,3500000
Villa,Furnished,2.0,Unknown,2,Jaipur,900.0,3,3,8000000
Residential House,Semi-Furnished,2.0,Unknown,3,Jaipur,1000.0,3,3,7100000
Residential House,Furnished,0.0,North - East,2,Jaipur,1000.0,5,4,23500000
Builder Floor Apartment,Semi-Furnished,2.0,Unknown,6,Jaipur,1000.0,3,3,6200000
Multistorey Apartment,Furnished,2.0,Unknown,4,Jaipur,472.0,2,2,3700000
Multistorey Apartment,Semi-Furnished,0.0,North,5,Jaipur,1597.0,4,3,8000000
Studio Apartment,Furnished,2.0,North - East,12,Jaipur,1000.0,3,1,2600000
Multistorey Apartment,Unfurnished,3.0,Unknown,4,Jaipur,1000.0,3,3,5500000
Builder Floor Apartment,Unfurnished,1.0,East,4,Jaipur,900.0,2,2,2499000
Multistorey Apartment,Unfurnished,6.0,East,4,Jaipur,1000.0,1,1,2300000
Multistorey Apartment,Semi-Furnished,0.0,East,6,Jaipur,1000.0,3,2,3750000
Residential House,Unknown,2.0,Unknown,4,Jaipur,1000.0,3,2,3500000
Multistorey Apartment,Semi-Furnished,2.0,South,6,Jaipur,1200.0,4,3,6500000
Multistorey Apartment,Unfurnished,3.0,Unknown,3,Jaipur,1000.0,2,2,1650000
Multistorey Apartment,Furnished,5.0,West,5,Jaipur,1450.0,3,2,6000000
Residential House,Unfurnished,1.0,East,2,Jaipur,1200.0,3,2,5000000
Multistorey Apartment,Unfurnished,0.0,Unknown,3,Chandigarh,1000.0,2,2,2200000
Multistorey Apartment,Unfurnished,3.0,Unknown,5,Bhopal,1000.0,2,1,1300000
Multistorey Apartment,Furnished,1.0,North,3,Chandigarh,972.0,2,2,2800000
Villa,Unfurnished,2.0,West,2,Bhopal,1220.0,3,2,3900000
Multistorey Apartment,Unfurnished,5.0,Unknown,6,Bhopal,1000.0,3,2,2800000
Villa,Unfurnished,2.0,North - East,2,Bhopal,1000.0,3,3,5500000
Multistorey Apartment,Semi-Furnished,3.0,Unknown,4,Bhopal,600.0,2,2,1800000
Residential House,Unfurnished,0.0,East,1,Bhopal,1000.0,3,1,1800000
Multistorey Apartment,Unknown,2.0,Unknown,4,Bhopal,1000.0,2,2,1100000
Multistorey Apartment,Unfurnished,2.0,Unknown,4,Bhopal,1000.0,2,2,3449000
Multistorey Apartment,Unfurnished,2.0,Unknown,6,Bhopal,1000.0,2,2,1599000
Residential House,Unfurnished,0.0,Unknown,2,Bhopal,1000.0,3,3,4000000
Residential House,Semi-Furnished,2.0,Unknown,1,Bhopal,1150.0,5,3,7400000
Residential House,Unfurnished,2.0,Unknown,4,Bhopal,1000.0,3,3,3900000
Residential House,Unknown,2.0,Unknown,4,Bhopal,1000.0,3,2,8500000
Multistorey Apartment,Unfurnished,3.0,East,6,Bhopal,1097.0,3,3,6499710
Villa,Unfurnished,2.0,Unknown,4,Bhopal,1000.0,3,4,7499000
Multistorey Apartment,Furnished,1.0,East,4,Bhopal,1250.0,3,2,3300000
Multistorey Apartment,Semi-Furnished,4.0,Unknown,6,Bhopal,1100.0,3,3,5000000
Residential House,Unfurnished,2.0,East,2,Bhopal,1100.0,3,3,6200000
Residential House,Unfurnished,2.0,East,1,Bhopal,600.0,2,1,3050000
Multistorey Apartment,Unfurnished,5.0,East,10,Mumbai,720.0,2,2,31500000
Multistorey Apartment,Unfurnished,5.0,North - East,22,Mumbai,555.0,2,1,10800000
Multistorey Apartment,Unfurnished,8.0,East,25,Mumbai,394.0,1,2,8200000
Multistorey Apartment,Unfurnished,20.0,East,31,Mumbai,1033.0,3,3,39000000
Multistorey Apartment,Semi-Furnished,30.0,East,47,Mumbai,1054.0,3,3,33700000
Multistorey Apartment,Furnished,3.0,East,13,Mumbai,900.0,3,2,26000000
Multistorey Apartment,Unfurnished,19.0,North,36,Mumbai,1118.0,3,3,40000000
Multistorey Apartment,Unfurnished,1.0,East,3,Mumbai,650.0,2,2,6000000
Multistorey Apartment,Unfurnished,18.0,East,39,Mumbai,715.0,2,2,22000000
Multistorey Apartment,Unfurnished,16.0,East,62,Mumbai,912.0,3,3,26000000
Multistorey Apartment,Unfurnished,10.0,West,60,Mumbai,1034.0,3,3,40000000
Multistorey Apartment,Semi-Furnished,7.0,East,22,Mumbai,382.0,2,2,7300000
Multistorey Apartment,Semi-Furnished,24.0,East,38,Mumbai,1200.0,3,3,33200000
Multistorey Apartment,Unfurnished,34.0,East,60,Mumbai,2170.0,4,4,70000000
Multistorey Apartment,Unfurnished,2.0,East,2,Mumbai,473.0,1,2,3767500
Multistorey Apartment,Unfurnished,4.0,North,7,Mumbai,1000.0,3,3,33000000
Multistorey Apartment,Furnished,7.0,West,13,Mumbai,2400.0,4,4,115000000
Multistorey Apartment,Semi-Furnished,11.0,East,15,Mumbai,1200.0,3,3,35000000
Multistorey Apartment,Unfurnished,41.0,North - West,91,Mumbai,2250.0,3,3,95000000
Multistorey Apartment,Semi-Furnished,10.0,East,14,Mumbai,864.0,3,3,8500000
Multistorey Apartment,Unfurnished,25.0,East,39,Mumbai,644.0,2,2,15000000
Multistorey Apartment,Unfurnished,12.0,East,20,Mumbai,913.0,3,3,25500000
Multistorey Apartment,Semi-Furnished,8.0,Unknown,34,Mumbai,2500.0,4,6,69900000
Multistorey Apartment,Unfurnished,18.0,South - East,37,Mumbai,1206.0,3,2,56500000
Multistorey Apartment,Unfurnished,18.0,North - East,23,Mumbai,812.0,2,2,29500000
Residential House,Semi-Furnished,1.0,East,1,Jaipur,143.0,2,3,7000000
Multistorey Apartment,Semi-Furnished,2.0,East,12,Mumbai,789.0,2,2,24000000
Multistorey Apartment,Unfurnished,2.0,East,22,Mumbai,666.0,2,2,29000000
Multistorey Apartment,Unfurnished,1.0,East,3,Jaipur,1080.0,3,2,3500000
Multistorey Apartment,Semi-Furnished,6.0,East,4,Jaipur,999.0,3,3,5200000
Residential House,Unfurnished,2.0,Unknown,2,Jaipur,1000.0,4,2,9800000
Multistorey Apartment,Unfurnished,4.0,East,8,Jaipur,1250.0,3,3,5500000
Multistorey Apartment,Unfurnished,7.0,Unknown,13,Jaipur,1000.0,2,2,3200000
Multistorey Apartment,Furnished,2.0,West,12,Jaipur,1100.0,2,2,4400000
Residential House,Unfurnished,0.0,Unknown,2,Jaipur,1000.0,3,4,5800000
Multistorey Apartment,Semi-Furnished,3.0,Unknown,3,Jaipur,1200.0,3,2,5000000
Multistorey Apartment,Semi-Furnished,1.0,East,3,Jaipur,1150.0,2,2,3800000
Villa,Semi-Furnished,2.0,Unknown,2,Jaipur,120.0,3,3,4000000
Multistorey Apartment,Unfurnished,3.0,West,3,Jaipur,1000.0,3,2,5000000
Multistorey Apartment,Semi-Furnished,3.0,Unknown,8,Jaipur,1570.0,3,3,5500000
Multistorey Apartment,Furnished,4.0,Unknown,4,Jaipur,1000.0,2,2,5200000
Multistorey Apartment,Semi-Furnished,4.0,Unknown,4,Jaipur,1200.0,3,4,6000000
Multistorey Apartment,Semi-Furnished,1.0,Unknown,2,Jaipur,910.0,3,2,4000000
Multistorey Apartment,Semi-Furnished,2.0,Unknown,12,Jaipur,1072.0,2,2,3600000
Multistorey Apartment,Semi-Furnished,2.0,Unknown,12,Jaipur,1000.0,3,3,7000000
Multistorey Apartment,Unfurnished,6.0,East,10,Jaipur,1280.0,2,2,4000000
Multistorey Apartment,Furnished,3.0,Unknown,4,Jaipur,1350.0,3,3,8000000
Multistorey Apartment,Unfurnished,0.0,Unknown,3,Jaipur,1000.0,3,2,12500000
Multistorey Apartment,Unfurnished,5.0,East,4,Jaipur,1000.0,2,2,2600000
Villa,Semi-Furnished,2.0,East,2,Jaipur,1500.0,3,4,6800000
Multistorey Apartment,Furnished,7.0,Unknown,11,Jaipur,1000.0,2,2,3500000
Multistorey Apartment,Unfurnished,10.0,Unknown,11,Chandigarh,1000.0,2,2,3200000
Villa,Unfurnished,2.0,Unknown,2,Chandigarh,1000.0,2,1,4500000
Multistorey Apartment,Unfurnished,2.0,North - East,4,Jaipur,1000.0,2,2,4700000
Multistorey Apartment,Semi-Furnished,3.0,Unknown,6,Chandigarh,1000.0,2,2,1750000
Multistorey Apartment,Furnished,1.0,Unknown,3,Chandigarh,1000.0,2,1,980000
Multistorey Apartment,Furnished,0.0,Unknown,1,Chandigarh,1000.0,2,2,2640000
Builder Floor Apartment,Furnished,1.0,Unknown,3,Chandigarh,1000.0,2,2,9000000
Multistorey Apartment,Furnished,14.0,Unknown,14,Chandigarh,1000.0,2,2,3000000
Multistorey Apartment,Semi-Furnished,1.0,East,2,Chandigarh,550.0,1,1,1390000
Multistorey Apartment,Furnished,7.0,North - East,14,Chandigarh,1000.0,2,2,3100000
Multistorey Apartment,Unfurnished,4.0,Unknown,6,Chandigarh,1000.0,4,3,2800000
Builder Floor Apartment,Semi-Furnished,2.0,Unknown,5,Chandigarh,1000.0,3,3,10500000
Multistorey Apartment,Semi-Furnished,0.0,Unknown,3,Chandigarh,1000.0,3,3,3000000
Multistorey Apartment,Semi-Furnished,3.0,Unknown,3,Chandigarh,1000.0,1,1,900000
Multistorey Apartment,Furnished,2.0,East,2,Chandigarh,122.0,2,2,2200000
Builder Floor Apartment,Semi-Furnished,5.0,Unknown,6,Chandigarh,1400.0,2,2,2450000
Multistorey Apartment,Semi-Furnished,0.0,Unknown,1,Chandigarh,1200.0,3,3,25000000
Multistorey Apartment,Furnished,2.0,Unknown,4,Chandigarh,1000.0,1,1,1290000
Multistorey Apartment,Semi-Furnished,2.0,Unknown,14,Chandigarh,1000.0,2,2,2850000
Multistorey Apartment,Semi-Furnished,3.0,Unknown,3,Chandigarh,1000.0,2,2,2500000
Residential House,Unfurnished,0.0,Unknown,3,Chandigarh,1000.0,3,3,2800000
Multistorey Apartment,Semi-Furnished,1.0,Unknown,5,Chandigarh,1000.0,3,3,3650000
Residential House,Unfurnished,0.0,Unknown,2,Bhopal,1000.0,5,4,6500000
Multistorey Apartment,Semi-Furnished,2.0,North - East,10,Chandigarh,1000.0,2,2,4700000
Multistorey Apartment,Unfurnished,6.0,Unknown,6,Bhopal,1000.0,3,2,2400000
Multistorey Apartment,Semi-Furnished,1.0,Unknown,8,Bhopal,1000.0,2,2,2300000
Multistorey Apartment,Unfurnished,4.0,North,7,Bhopal,1380.0,3,3,5500000
Multistorey Apartment,Semi-Furnished,2.0,North - East,2,Bhopal,1150.0,2,2,4200000
Multistorey Apartment,Unfurnished,2.0,East,7,Bhopal,1000.0,3,2,3000000
Residential House,Unfurnished,2.0,Unknown,2,Bhopal,1000.0,3,3,8500000
Villa,Unfurnished,2.0,West,2,Bhopal,1000.0,3,2,4700000
Residential House,Unfurnished,0.0,Unknown,2,Bhopal,1000.0,4,3,11000000
Multistorey Apartment,Semi-Furnished,1.0,Unknown,6,Bhopal,1150.0,3,2,3450000
Multistorey Apartment,Unfurnished,3.0,Unknown,4,Bhopal,1000.0,2,2,1600000
Multistorey Apartment,Unfurnished,5.0,Unknown,6,Bhopal,1000.0,3,2,3500000
Residential House,Furnished,2.0,Unknown,2,Bhopal,1000.0,3,2,6500000
Multistorey Apartment,Furnished,2.0,North - East,4,Bhopal,872.0,2,2,3000000
Residential House,Unfurnished,1.0,South - East,1,Bhopal,1800.0,3,3,7500000
Residential House,Unfurnished,0.0,North - East,3,Bhopal,3600.0,6,3,9500000
Multistorey Apartment,Semi-Furnished,5.0,Unknown,6,Bhopal,1000.0,2,2,2800000
Residential House,Semi-Furnished,0.0,West,1,Bhopal,900.0,2,2,2000000
Residential House,Semi-Furnished,0.0,East,2,Bhopal,1000.0,4,2,3050000
Multistorey Apartment,Unfurnished,5.0,Unknown,6,Bhopal,1150.0,2,2,2500000
Residential House,Semi-Furnished,1.0,North - West,1,Bhopal,2500.0,3,3,7200000
Residential House,Unfurnished,4.0,South -West,4,Bhopal,1000.0,10,5,7000000
Residential House,Semi-Furnished,2.0,Unknown,2,Bhopal,1000.0,7,7,30000000
Multistorey Apartment,Semi-Furnished,3.0,East,6,Bhopal,1100.0,3,3,4000000
Multistorey Apartment,Semi-Furnished,5.0,North - East,6,Bhopal,450.0,1,1,1400000
Multistorey Apartment,Unfurnished,20.0,East,34,Mumbai,1410.0,3,4,98600000
Multistorey Apartment,Unfurnished,19.0,West,35,Mumbai,653.0,2,2,18500000
Multistorey Apartment,Unfurnished,5.0,East,10,Mumbai,1100.0,3,3,33900000
Multistorey Apartment,Furnished,17.0,West,40,Mumbai,1060.0,3,3,50000000
Multistorey Apartment,Unfurnished,10.0,East,23,Mumbai,615.0,2,2,24900000
Multistorey Apartment,Unfurnished,4.0,East,21,Mumbai,601.0,2,2,17500000
Multistorey Apartment,Unfurnished,17.0,East,38,Mumbai,384.0,1,2,8100000
Multistorey Apartment,Unfurnished,3.0,South -West,40,Mumbai,774.0,3,2,25000000
Multistorey Apartment,Unfurnished,10.0,North,22,Mumbai,709.0,2,2,24000000
Multistorey Apartment,Unfurnished,10.0,East,13,Mumbai,1340.0,4,4,46000000
Multistorey Apartment,Unfurnished,2.0,West,23,Mumbai,800.0,3,2,21500000
Multistorey Apartment,Unfurnished,21.0,East,35,Mumbai,783.0,2,2,28000000
Multistorey Apartment,Unfurnished,2.0,East,18,Mumbai,510.0,1,1,17560000
Multistorey Apartment,Unfurnished,8.0,East,23,Mumbai,528.0,2,2,14000000
Multistorey Apartment,Unfurnished,13.0,East,65,Mumbai,1000.0,3,3,40000000
Multistorey Apartment,Semi-Furnished,47.0,West,60,Mumbai,1393.0,4,4,63000000
Multistorey Apartment,Unfurnished,28.0,East,54,Mumbai,1080.0,3,3,58900000
Multistorey Apartment,Unfurnished,10.0,East,15,Mumbai,744.0,2,2,24000000
Multistorey Apartment,Unfurnished,16.0,North - East,35,Mumbai,310.0,1,2,5200000
Multistorey Apartment,Unfurnished,2.0,East,18,Mumbai,679.0,2,2,17400000
Multistorey Apartment,Furnished,0.0,North,4,Jaipur,600.0,2,2,2000000
Multistorey Apartment,Semi-Furnished,46.0,South - East,60,Mumbai,800.0,2,2,48900000
Multistorey Apartment,Unfurnished,11.0,East,22,Mumbai,650.0,2,2,16900000
Multistorey Apartment,Unfurnished,10.0,West,29,Mumbai,424.0,1,2,8500000
Multistorey Apartment,Furnished,1.0,Unknown,7,Jaipur,1500.0,3,3,5000000
Multistorey Apartment,Semi-Furnished,4.0,Unknown,12,Jaipur,627.0,2,2,2850000
Residential House,Semi-Furnished,1.0,Unknown,2,Jaipur,1000.0,4,4,8400000
Multistorey Apartment,Furnished,6.0,Unknown,4,Jaipur,1000.0,2,2,3200000
Residential House,Furnished,1.0,Unknown,2,Jaipur,650.0,6,5,200000000
Multistorey Apartment,Furnished,1.0,Unknown,4,Jaipur,1000.0,2,2,3000000
Multistorey Apartment,Semi-Furnished,14.0,Unknown,19,Jaipur,1800.0,3,2,6500000
Multistorey Apartment,Unfurnished,6.0,West,14,Jaipur,1000.0,2,2,1898200
Multistorey Apartment,Unfurnished,2.0,Unknown,4,Jaipur,458.0,2,2,1600000
Multistorey Apartment,Semi-Furnished,2.0,South,4,Jaipur,1475.0,3,3,9513750
Villa,Semi-Furnished,2.0,East,2,Jaipur,1300.0,2,2,4200000
Residential House,Semi-Furnished,0.0,Unknown,4,Jaipur,1000.0,4,4,6000000
Villa,Semi-Furnished,2.0,Unknown,1,Jaipur,486.0,2,2,2100000
Multistorey Apartment,Semi-Furnished,6.0,Unknown,6,Jaipur,1312.0,3,2,4700000
Villa,Unfurnished,2.0,East,2,Jaipur,1000.0,4,4,7740000
Multistorey Apartment,Furnished,1.0,Unknown,3,Jaipur,1000.0,4,3,5200000
Multistorey Apartment,Furnished,1.0,Unknown,3,Jaipur,900.0,3,2,6200000
Multistorey Apartment,Unfurnished,2.0,Unknown,3,Jaipur,390.0,1,1,2100000
Residential House,Semi-Furnished,1.0,Unknown,1,Jaipur,1000.0,3,2,3500000
Multistorey Apartment,Semi-Furnished,7.0,Unknown,4,Jaipur,1000.0,3,3,6700000
Multistorey Apartment,Semi-Furnished,2.0,Unknown,2,Jaipur,1200.0,3,3,4900000
Multistorey Apartment,Unfurnished,1.0,West,6,Jaipur,1132.0,3,3,5500000
Multistorey Apartment,Semi-Furnished,2.0,North,2,Jaipur,650.0,2,2,3700000
Multistorey Apartment,Semi-Furnished,2.0,North,6,Jaipur,1000.0,2,2,3300000
Residential House,Semi-Furnished,2.0,Unknown,1,Chandigarh,1000.0,3,3,10000000
Builder Floor Apartment,Furnished,2.0,Unknown,2,Chandigarh,1000.0,2,2,3300000
Multistorey Apartment,Semi-Furnished,12.0,Unknown,14,Jaipur,1236.0,3,3,5500000
Builder Floor Apartment,Unfurnished,1.0,Unknown,3,Chandigarh,1000.0,2,1,4500000
Residential House,Unfurnished,1.0,Unknown,2,Chandigarh,1000.0,4,2,7500000
Residential House,Unfurnished,0.0,Unknown,1,Chandigarh,2000.0,3,3,110000000
Multistorey Apartment,Unfurnished,3.0,Unknown,3,Chandigarh,1000.0,2,1,7300000
Multistorey Apartment,Semi-Furnished,5.0,Unknown,13,Chandigarh,1000.0,4,4,7500000
Villa,Unfurnished,2.0,Unknown,3,Chandigarh,1000.0,6,3,8500000
Multistorey Apartment,Furnished,4.0,North - East,5,Chandigarh,1600.0,3,3,15000000
Residential House,Semi-Furnished,0.0,Unknown,2,Chandigarh,1000.0,3,2,12500000
Residential House,Unfurnished,2.0,Unknown,2,Chandigarh,1000.0,3,3,3000000
Multistorey Apartment,Furnished,2.0,Unknown,3,Chandigarh,1000.0,4,3,15100000
Multistorey Apartment,Semi-Furnished,1.0,Unknown,4,Chandigarh,1399.0,3,3,6440000
Multistorey Apartment,Unfurnished,1.0,North - East,3,Chandigarh,1000.0,1,1,4200000
Residential House,Furnished,2.0,Unknown,2,Chandigarh,1000.0,6,2,6500000
Multistorey Apartment,Unknown,2.0,Unknown,4,Chandigarh,1000.0,4,3,10000000
Residential House,Unfurnished,0.0,Unknown,2,Chandigarh,1000.0,4,4,10000000
Builder Floor Apartment,Unknown,2.0,Unknown,4,Chandigarh,1000.0,3,2,20000000
Residential House,Unfurnished,1.0,Unknown,1,Bhopal,3200.0,6,4,9500000
Multistorey Apartment,Unfurnished,2.0,West,5,Bhopal,1000.0,2,1,1550000
Multistorey Apartment,Unfurnished,1.0,Unknown,3,Bhopal,650.0,2,2,2200000
Residential House,Semi-Furnished,0.0,Unknown,2,Bhopal,1000.0,5,4,5500000
Residential House,Semi-Furnished,2.0,Unknown,1,Bhopal,507.0,2,1,1600000
Multistorey Apartment,Unfurnished,4.0,North - West,6,Bhopal,1460.0,3,3,5250000
Residential House,Semi-Furnished,0.0,East,1,Bhopal,2500.0,3,3,10000000
Multistorey Apartment,Unfurnished,4.0,Unknown,6,Bhopal,1000.0,3,3,4000000
Multistorey Apartment,Unfurnished,6.0,East,8,Bhopal,1000.0,2,2,2500000
Multistorey Apartment,Semi-Furnished,5.0,East,6,Bhopal,1000.0,3,2,4200000
Multistorey Apartment,Furnished,4.0,Unknown,5,Bhopal,1000.0,2,2,2400000
Multistorey Apartment,Furnished,5.0,Unknown,8,Bhopal,1470.0,3,3,2800000
Residential House,Unfurnished,1.0,East,1,Bhopal,2400.0,4,2,22000000
Builder Floor Apartment,Unfurnished,4.0,Unknown,6,Bhopal,1000.0,2,2,2300000
Multistorey Apartment,Semi-Furnished,4.0,Unknown,4,Bhopal,1000.0,2,1,1300000
Multistorey Apartment,Unfurnished,2.0,East,4,Bhopal,720.0,2,2,2900000
Residential House,Semi-Furnished,0.0,Unknown,3,Bhopal,1000.0,3,2,12500000
Multistorey Apartment,Unfurnished,1.0,Unknown,7,Bhopal,1000.0,2,2,2500000
Residential House,Unfurnished,2.0,Unknown,1,Bhopal,990.0,3,2,4800000
Builder Floor Apartment,Furnished,1.0,Unknown,4,Bhopal,1000.0,3,2,3000000
Residential House,Furnished,0.0,Unknown,2,Bhopal,1000.0,2,1,1600000
Multistorey Apartment,Semi-Furnished,21.0,East,22,Mumbai,700.0,2,2,9600000
Multistorey Apartment,Unfurnished,10.0,East,30,Mumbai,666.0,2,2,20500000
Multistorey Apartment,Semi-Furnished,6.0,North - East,11,Mumbai,1100.0,3,4,65000000
Multistorey Apartment,Unfurnished,2.0,Unknown,21,Mumbai,522.0,2,1,14500000
Multistorey Apartment,Unfurnished,2.0,Unknown,61,Mumbai,647.0,2,2,14190000
Residential House,Unfurnished,0.0,Unknown,2,Bhopal,1000.0,4,2,4800000
Multistorey Apartment,Unfurnished,2.0,North,37,Mumbai,798.0,3,3,18500000
Multistorey Apartment,Unfurnished,4.0,North,32,Mumbai,725.0,2,2,29000000
Multistorey Apartment,Unfurnished,10.0,East,36,Mumbai,999.0,3,3,18000000
Multistorey Apartment,Unfurnished,12.0,East,18,Mumbai,550.0,2,2,17900000
Multistorey Apartment,Unfurnished,41.0,East,67,Mumbai,717.0,2,2,15100000
Multistorey Apartment,Semi-Furnished,37.0,North - East,68,Mumbai,938.0,2,3,45000000
Multistorey Apartment,Semi-Furnished,16.0,West,23,Mumbai,333.0,1,2,7000000
Multistorey Apartment,Semi-Furnished,8.0,North - East,13,Mumbai,753.0,2,2,24000000
Multistorey Apartment,Semi-Furnished,6.0,East,22,Mumbai,365.0,1,2,6800000
Multistorey Apartment,Unfurnished,32.0,Unknown,57,Mumbai,1008.0,3,3,28700000
Multistorey Apartment,Unfurnished,35.0,North,35,Mumbai,702.0,2,2,27000000
Multistorey Apartment,Unfurnished,10.0,East,22,Mumbai,406.0,1,2,11000000
Multistorey Apartment,Unfurnished,15.0,East,19,Mumbai,645.0,2,2,18000000
Multistorey Apartment,Semi-Furnished,2.0,North - East,23,Mumbai,700.0,2,2,5000000
Multistorey Apartment,Semi-Furnished,16.0,North - East,22,Mumbai,658.0,2,2,24000000
Multistorey Apartment,Unfurnished,2.0,East,30,Mumbai,425.0,1,1,10750000
Multistorey Apartment,Unfurnished,22.0,East,38,Mumbai,610.0,2,2,13600000
Multistorey Apartment,Unfurnished,18.0,West,23,Mumbai,698.0,2,2,16900000
Multistorey Apartment,Unfurnished,2.0,East,40,Mumbai,586.0,2,2,30000000
Multistorey Apartment,Unfurnished,5.0,East,19,Mumbai,478.0,1,1,15000000
Multistorey Apartment,Unfurnished,-0.5,East,18,Mumbai,600.0,2,2,18500000
Multistorey Apartment,Unfurnished,34.0,East,41,Mumbai,615.0,2,2,13000000
Multistorey Apartment,Unfurnished,2.0,Unknown,3,Jaipur,700.0,2,2,1800000
Multistorey Apartment,Unfurnished,30.0,East,45,Mumbai,883.0,2,2,40100000
Multistorey Apartment,Semi-Furnished,1.0,Unknown,3,Jaipur,700.0,2,2,2200000
Residential House,Unfurnished,-1.0,West,3,Jaipur,1000.0,3,2,5000000
Multistorey Apartment,Furnished,4.0,East,7,Mumbai,1000.0,1,1,3000000
Multistorey Apartment,Unfurnished,10.0,West,22,Mumbai,659.0,2,2,17000000
Multistorey Apartment,Unfurnished,4.0,East,27,Mumbai,1245.0,4,4,35000000
Multistorey Apartment,Unfurnished,21.0,East,37,Mumbai,750.0,2,2,29000000
Multistorey Apartment,Semi-Furnished,1.0,North,3,Jaipur,1000.0,2,2,3300000
Residential House,Unfurnished,-1.0,East,3,Jaipur,3300.0,4,4,7800000
Multistorey Apartment,Semi-Furnished,4.0,Unknown,6,Jaipur,1000.0,3,3,5300000
Villa,Semi-Furnished,2.0,East,2,Jaipur,2650.0,4,3,16000000
Residential House,Semi-Furnished,0.0,South,1,Jaipur,1242.0,2,2,13800000
Builder Floor Apartment,Unfurnished,2.0,Unknown,3,Jaipur,1000.0,2,2,1400000
Multistorey Apartment,Semi-Furnished,2.0,East,6,Jaipur,850.0,3,2,3650000
Multistorey Apartment,Unfurnished,7.0,Unknown,12,Jaipur,1000.0,2,2,4800000
Multistorey Apartment,Furnished,7.0,East,10,Jaipur,615.0,2,2,3000000
Builder Floor Apartment,Unfurnished,3.0,North - East,3,Jaipur,1450.0,3,2,6800000
Multistorey Apartment,Semi-Furnished,1.0,Unknown,4,Jaipur,1000.0,3,3,4900000
Multistorey Apartment,Unfurnished,2.0,West,2,Jaipur,700.0,2,2,2400000
Multistorey Apartment,Unfurnished,2.0,East,4,Jaipur,1000.0,3,2,7100000
Multistorey Apartment,Unfurnished,2.0,Unknown,3,Jaipur,1500.0,4,3,4800000
Multistorey Apartment,Unfurnished,2.0,North,8,Jaipur,1000.0,3,2,6000000
Multistorey Apartment,Furnished,2.0,Unknown,4,Jaipur,1601.0,3,2,6500000
Builder Floor Apartment,Semi-Furnished,2.0,North - East,3,Jaipur,1000.0,2,2,3500000
Residential House,Semi-Furnished,2.0,East,2,Jaipur,1600.0,6,4,8500000
Residential House,Semi-Furnished,2.0,West,2,Jaipur,1000.0,4,4,8500000
Multistorey Apartment,Unfurnished,1.0,Unknown,1,Jaipur,1000.0,3,3,3700000
Multistorey Apartment,Semi-Furnished,2.0,Unknown,4,Jaipur,1000.0,3,2,5200000
Multistorey Apartment,Unfurnished,2.0,Unknown,12,Jaipur,1000.0,3,3,3400000
Multistorey Apartment,Semi-Furnished,1.0,Unknown,12,Jaipur,1000.0,3,2,2500000
Multistorey Apartment,Semi-Furnished,3.0,West,4,Jaipur,1100.0,3,3,3600000
Residential House,Unfurnished,1.0,North - West,1,Chandigarh,1000.0,4,4,135000000
Multistorey Apartment,Semi-Furnished,2.0,North - East,2,Chandigarh,1700.0,4,3,21000000
Multistorey Apartment,Unfurnished,2.0,North - East,2,Chandigarh,1400.0,3,2,13500000
Residential House,Furnished,2.0,Unknown,2,Chandigarh,1000.0,3,3,3500000
Residential House,Unfurnished,2.0,Unknown,1,Chandigarh,1000.0,3,2,5000000
Residential House,Unfurnished,3.0,South - East,3,Chandigarh,1000.0,5,5,25000000
Multistorey Apartment,Semi-Furnished,3.0,East,3,Chandigarh,1150.0,3,3,4490000
Multistorey Apartment,Furnished,0.0,Unknown,3,Chandigarh,870.0,2,2,2990000
Multistorey Apartment,Furnished,3.0,Unknown,3,Chandigarh,1500.0,4,4,15000000
Multistorey Apartment,Unfurnished,2.0,Unknown,3,Chandigarh,490.0,2,1,3275000
Residential House,Furnished,0.0,North - East,4,Chandigarh,5000.0,4,5,360000000
Builder Floor Apartment,Furnished,2.0,Unknown,3,Chandigarh,1000.0,2,2,9500000
Multistorey Apartment,Semi-Furnished,10.0,North - East,11,Chandigarh,950.0,2,2,3840000
Builder Floor Apartment,Unfurnished,2.0,East,3,Chandigarh,1000.0,3,2,2800000
Residential House,Unfurnished,3.0,Unknown,3,Chandigarh,1000.0,5,4,34500000
Residential House,Semi-Furnished,2.0,Unknown,3,Chandigarh,1000.0,3,2,6000000
Multistorey Apartment,Furnished,11.0,Unknown,12,Chandigarh,1000.0,4,4,7500000
Multistorey Apartment,Semi-Furnished,2.0,Unknown,3,Chandigarh,1000.0,3,3,5000000
Multistorey Apartment,Furnished,1.0,Unknown,3,Chandigarh,1000.0,3,3,5800000
Residential House,Semi-Furnished,0.0,Unknown,1,Chandigarh,1000.0,2,2,6000000
Multistorey Apartment,Unfurnished,1.0,Unknown,3,Chandigarh,860.0,2,2,2700000
Multistorey Apartment,Semi-Furnished,3.0,North - East,3,Chandigarh,1000.0,2,2,7500000
Residential House,Semi-Furnished,0.0,Unknown,2,Bhopal,1000.0,5,5,12500000
Multistorey Apartment,Unfurnished,2.0,East,3,Bhopal,750.0,2,1,4500000
Multistorey Apartment,Semi-Furnished,5.0,Unknown,11,Chandigarh,1050.0,2,2,4000000
Villa,Semi-Furnished,2.0,Unknown,1,Bhopal,1000.0,4,4,25500000
Multistorey Apartment,Semi-Furnished,1.0,Unknown,4,Bhopal,800.0,3,2,3200000
Residential House,Unfurnished,1.0,East,2,Bhopal,1800.0,4,2,18000000
Residential House,Furnished,2.0,Unknown,2,Bhopal,1000.0,3,2,2600000
Builder Floor Apartment,Semi-Furnished,2.0,Unknown,4,Bhopal,1000.0,1,1,1200000
Builder Floor Apartment,Semi-Furnished,2.0,Unknown,6,Bhopal,1000.0,3,2,5600000
Multistorey Apartment,Unfurnished,3.0,Unknown,3,Bhopal,1000.0,2,2,2000000
Multistorey Apartment,Unfurnished,2.0,Unknown,5,Bhopal,1000.0,2,1,2100000
Residential House,Unfurnished,2.0,Unknown,3,Bhopal,1000.0,7,5,9000000
Multistorey Apartment,Unfurnished,3.0,East,10,Bhopal,1000.0,2,2,2800000
Multistorey Apartment,Unfurnished,4.0,East,7,Bhopal,1294.0,3,2,2300000
Builder Floor Apartment,Unfurnished,1.0,Unknown,3,Bhopal,1000.0,3,2,3600000
Multistorey Apartment,Semi-Furnished,2.0,Unknown,6,Bhopal,1000.0,3,2,3200000
Multistorey Apartment,Unfurnished,5.0,East,5,Bhopal,1000.0,2,2,2400000
Multistorey Apartment,Unfurnished,1.0,Unknown,3,Bhopal,500.0,2,2,1650000
Residential House,Semi-Furnished,1.0,West,2,Bhopal,1045.0,4,2,8000000
Multistorey Apartment,Unfurnished,0.0,Unknown,4,Bhopal,1000.0,2,2,2800000
Residential House,Unknown,2.0,Unknown,4,Bhopal,1000.0,3,2,3000000
Multistorey Apartment,Semi-Furnished,1.0,Unknown,6,Bhopal,767.0,2,2,2700000
Residential House,Semi-Furnished,2.0,Unknown,2,Bhopal,3000.0,4,4,15000000
Residential House,Semi-Furnished,2.0,East,3,Bhopal,2800.0,6,5,35000000
Multistorey Apartment,Unfurnished,5.0,Unknown,6,Bhopal,1000.0,3,2,2600000
Multistorey Apartment,Unfurnished,3.0,East,6,Bhopal,900.0,3,2,2500000
Residential House,Semi-Furnished,0.0,Unknown,1,Bhopal,1000.0,3,2,5500000
Residential House,Unfurnished,0.0,Unknown,1,Bhopal,1000.0,1,1,2200000
Villa,Semi-Furnished,2.0,East,2,Bhopal,3000.0,4,4,18000000
Residential House,Semi-Furnished,0.0,West,2,Bhopal,1000.0,7,6,15000000
Multistorey Apartment,Unfurnished,8.0,South - East,52,Mumbai,811.0,2,2,24900000
Multistorey Apartment,Semi-Furnished,20.0,West,25,Mumbai,386.0,1,2,16500000
Multistorey Apartment,Unfurnished,12.0,East,18,Mumbai,660.0,2,2,9200000
Multistorey Apartment,Unfurnished,5.0,East,21,Mumbai,675.0,2,2,19500000
Multistorey Apartment,Unfurnished,10.0,East,23,Mumbai,590.0,2,2,13000000
Multistorey Apartment,Unfurnished,27.0,East,38,Mumbai,750.0,2,2,19900000
Multistorey Apartment,Unfurnished,2.0,North - East,16,Mumbai,380.0,1,2,5719000
Multistorey Apartment,Semi-Furnished,7.0,Unknown,13,Mumbai,1100.0,3,3,32500000
Multistorey Apartment,Unfurnished,10.0,West,12,Mumbai,1275.0,3,3,75000000
Multistorey Apartment,Furnished,4.0,West,7,Mumbai,1800.0,3,3,60000000
Multistorey Apartment,Semi-Furnished,22.0,East,40,Mumbai,513.0,1,1,18000000
Multistorey Apartment,Unfurnished,10.0,East,36,Mumbai,501.0,1,2,10020000
Multistorey Apartment,Unfurnished,24.0,East,46,Mumbai,968.0,3,3,27500000
Multistorey Apartment,Unfurnished,20.0,East,41,Mumbai,1173.0,3,3,38400000
Multistorey Apartment,Unfurnished,18.0,North,34,Mumbai,1528.0,4,4,68000000
Multistorey Apartment,Semi-Furnished,20.0,West,41,Mumbai,882.0,2,2,40000000
Multistorey Apartment,Unfurnished,19.0,North,22,Mumbai,782.0,3,3,40000000
Multistorey Apartment,Unfurnished,2.0,East,17,Mumbai,347.0,1,2,8600000
Multistorey Apartment,Semi-Furnished,13.0,East,19,Mumbai,1350.0,3,3,60000000
Multistorey Apartment,Unfurnished,2.0,West,15,Mumbai,698.0,2,2,18100000
Multistorey Apartment,Unfurnished,2.0,North,8,Mumbai,683.0,2,2,37700000
Multistorey Apartment,Unfurnished,5.0,East,4,Mumbai,608.0,2,2,19000000
Multistorey Apartment,Unfurnished,10.0,West,35,Mumbai,690.0,2,2,16245000
Multistorey Apartment,Unfurnished,2.0,West,35,Mumbai,537.0,2,2,9800000
Multistorey Apartment,Unfurnished,16.0,East,23,Mumbai,579.0,2,2,13700000
Multistorey Apartment,Semi-Furnished,10.0,East,22,Mumbai,447.0,1,2,6160000
Multistorey Apartment,Semi-Furnished,10.0,East,22,Mumbai,388.0,1,2,7500000
Multistorey Apartment,Unfurnished,10.0,East,18,Mumbai,1286.0,3,4,41800000
Multistorey Apartment,Unfurnished,2.0,Unknown,23,Mumbai,335.0,1,2,6900000
Multistorey Apartment,Unfurnished,2.0,East,33,Mumbai,715.0,2,2,17200000
Multistorey Apartment,Semi-Furnished,2.0,Unknown,35,Mumbai,1000.0,1,2,16500000
Multistorey Apartment,Semi-Furnished,5.0,South -West,12,Mumbai,5000.0,5,5,355000000
Multistorey Apartment,Unfurnished,2.0,Unknown,4,Jaipur,1000.0,3,2,4000000
Multistorey Apartment,Furnished,10.0,Unknown,13,Jaipur,1600.0,3,3,7500000
Residential House,Semi-Furnished,2.0,Unknown,1,Jaipur,4500.0,6,6,80000000
Residential House,Semi-Furnished,3.0,North,3,Jaipur,3300.0,5,5,15000000
Multistorey Apartment,Semi-Furnished,3.0,East,4,Jaipur,1170.0,2,2,4000000
Villa,Unfurnished,2.0,East,2,Jaipur,540.0,3,2,3600000
Multistorey Apartment,Semi-Furnished,2.0,Unknown,3,Jaipur,1000.0,3,2,2000000
Multistorey Apartment,Unfurnished,2.0,Unknown,3,Jaipur,1600.0,2,2,6000000
Multistorey Apartment,Unfurnished,5.0,Unknown,11,Jaipur,430.0,2,2,1700000
Villa,Unfurnished,2.0,West,2,Jaipur,111.0,3,2,4000000
Multistorey Apartment,Semi-Furnished,1.0,East,6,Jaipur,1200.0,3,3,3550000
Multistorey Apartment,Semi-Furnished,1.0,Unknown,5,Jaipur,1000.0,3,2,5266000
Multistorey Apartment,Unfurnished,5.0,Unknown,12,Jaipur,725.0,2,2,5200000
Builder Floor Apartment,Semi-Furnished,1.0,East,3,Jaipur,1000.0,2,2,5000000
Villa,Unfurnished,2.0,East,2,Jaipur,467.0,2,2,2000000
Villa,Unfurnished,2.0,South -West,2,Jaipur,1000.0,6,6,68000000
Builder Floor Apartment,Semi-Furnished,1.0,Unknown,3,Jaipur,1000.0,2,2,2250000
Residential House,Unfurnished,1.0,North - East,3,Jaipur,3000.0,5,4,30000000
Multistorey Apartment,Unfurnished,11.0,East,12,Jaipur,570.0,2,2,2950000
Multistorey Apartment,Semi-Furnished,3.0,East,4,Jaipur,800.0,2,2,3000000
Multistorey Apartment,Semi-Furnished,4.0,West,12,Jaipur,1000.0,3,3,4550000
Multistorey Apartment,Semi-Furnished,4.0,Unknown,8,Jaipur,900.0,2,2,3000000
Multistorey Apartment,Semi-Furnished,6.0,Unknown,4,Chandigarh,1000.0,3,3,5500000
Multistorey Apartment,Semi-Furnished,13.0,Unknown,14,Chandigarh,1000.0,3,3,7100000
Multistorey Apartment,Unfurnished,0.0,Unknown,3,Chandigarh,2000.0,3,2,15000000
Multistorey Apartment,Semi-Furnished,2.0,East,3,Chandigarh,927.0,2,3,4000000
Multistorey Apartment,Unfurnished,3.0,East,3,Chandigarh,1000.0,3,3,3650000
Multistorey Apartment,Semi-Furnished,1.0,East,3,Chandigarh,1260.0,3,3,5250000
Multistorey Apartment,Unfurnished,2.0,Unknown,3,Chandigarh,1000.0,2,2,2500000
Builder Floor Apartment,Semi-Furnished,2.0,Unknown,2,Chandigarh,690.0,2,2,2499900
Multistorey Apartment,Semi-Furnished,2.0,Unknown,2,Chandigarh,1050.0,2,2,13000000
Multistorey Apartment,Unfurnished,4.0,East,13,Chandigarh,1346.0,4,4,13200000
Multistorey Apartment,Unfurnished,1.0,East,2,Chandigarh,550.0,2,1,4700000
Multistorey Apartment,Furnished,2.0,Unknown,3,Chandigarh,2100.0,3,2,25000000
Builder Floor Apartment,Semi-Furnished,0.0,East,4,Chandigarh,1000.0,2,2,3100000
Residential House,Semi-Furnished,2.0,Unknown,2,Chandigarh,1000.0,4,2,4000000
Residential House,Unknown,2.0,Unknown,4,Chandigarh,1000.0,2,2,35000000
Multistorey Apartment,Semi-Furnished,5.0,Unknown,6,Chandigarh,1000.0,2,2,3250000
Residential House,Unfurnished,0.0,East,2,Chandigarh,120.0,3,2,4300000
Villa,Semi-Furnished,2.0,East,2,Chandigarh,1000.0,3,3,4400000
Villa,Furnished,2.0,Unknown,3,Chandigarh,3000.0,5,5,8500000
Residential House,Unfurnished,1.0,Unknown,1,Chandigarh,600.0,2,1,2500000
Builder Floor Apartment,Semi-Furnished,1.0,Unknown,4,Chandigarh,1000.0,2,1,4500000
Multistorey Apartment,Semi-Furnished,3.0,Unknown,3,Chandigarh,120.0,2,2,3375000
Residential House,Unfurnished,1.0,East,1,Chandigarh,1000.0,4,4,250000000
Residential House,Unfurnished,2.0,Unknown,1,Bhopal,1000.0,1,1,2000000
Penthouse,Unfurnished,14.0,Unknown,14,Bhopal,1000.0,3,3,13500000
Multistorey Apartment,Unfurnished,2.0,Unknown,6,Bhopal,1250.0,3,2,2900000
Multistorey Apartment,Furnished,3.0,Unknown,3,Bhopal,1000.0,3,2,2372000
Multistorey Apartment,Unfurnished,1.0,Unknown,1,Bhopal,950.0,2,2,2600000
Residential House,Semi-Furnished,1.0,Unknown,2,Bhopal,1000.0,4,3,9500000
Villa,Unfurnished,2.0,Unknown,1,Bhopal,1000.0,3,4,4500000
Multistorey Apartment,Unfurnished,2.0,East,6,Bhopal,1400.0,3,2,2200000
Residential House,Unfurnished,2.0,Unknown,2,Bhopal,851.0,3,3,6200000
Multistorey Apartment,Unfurnished,4.0,Unknown,6,Bhopal,1000.0,3,3,2300000
Residential House,Semi-Furnished,0.0,Unknown,2,Bhopal,1000.0,4,4,3800000
Multistorey Apartment,Semi-Furnished,2.0,Unknown,4,Bhopal,555.0,2,1,1600000
Residential House,Furnished,0.0,Unknown,2,Bhopal,1000.0,3,2,4800000
Residential House,Unfurnished,0.0,Unknown,1,Bhopal,1000.0,4,2,5000000
Residential House,Semi-Furnished,1.0,Unknown,1,Bhopal,1000.0,2,2,2100000
Multistorey Apartment,Unfurnished,1.0,Unknown,1,Bhopal,56.0,1,1,2500000
Multistorey Apartment,Unfurnished,0.0,Unknown,2,Bhopal,1000.0,2,1,1450000
Multistorey Apartment,Unfurnished,1.0,Unknown,5,Bhopal,1000.0,2,2,2100000
Residential House,Semi-Furnished,0.0,Unknown,2,Bhopal,1000.0,4,3,9000000
Multistorey Apartment,Furnished,1.0,Unknown,2,Bhopal,450.0,1,1,1800000
Multistorey Apartment,Semi-Furnished,4.0,Unknown,7,Bhopal,1000.0,2,2,2200000
Residential House,Furnished,2.0,Unknown,1,Bhopal,1200.0,3,2,5500000
Builder Floor Apartment,Unfurnished,2.0,Unknown,4,Bhopal,1000.0,1,1,1100000
Residential House,Unfurnished,2.0,Unknown,2,Bhopal,920.0,5,2,7000000
Residential House,Semi-Furnished,2.0,South,2,Bhopal,2200.0,6,7,21000000
Multistorey Apartment,Unfurnished,14.0,East,40,Mumbai,639.0,2,2,16000000
Villa,Unfurnished,2.0,Unknown,2,Bhopal,3300.0,10,6,140000000
Multistorey Apartment,Semi-Furnished,2.0,Unknown,4,Mumbai,1000.0,2,2,22500000
Multistorey Apartment,Furnished,2.0,Unknown,4,Mumbai,425.0,1,2,6305000
Multistorey Apartment,Unfurnished,4.0,North,8,Mumbai,570.0,2,2,17100000
Multistorey Apartment,Semi-Furnished,15.0,North - East,27,Mumbai,525.0,1,2,6800000
Multistorey Apartment,Semi-Furnished,10.0,East,23,Mumbai,424.0,2,2,9500000
Residential House,Furnished,2.0,Unknown,2,Bhopal,1000.0,6,4,17500000
Multistorey Apartment,Unfurnished,10.0,West,33,Mumbai,487.0,1,2,8200000
Penthouse,Unfurnished,19.0,East,19,Mumbai,2500.0,5,5,80000000
Multistorey Apartment,Semi-Furnished,5.0,East,36,Mumbai,471.0,2,2,12000000
Multistorey Apartment,Semi-Furnished,11.0,North - East,20,Mumbai,396.0,1,2,11895000
Multistorey Apartment,Unfurnished,22.0,West,40,Mumbai,400.0,1,2,9900000
Multistorey Apartment,Unfurnished,8.0,East,43,Mumbai,644.0,2,2,19200000
Multistorey Apartment,Unfurnished,2.0,Unknown,4,Mumbai,826.0,2,2,39100000
Multistorey Apartment,Unfurnished,11.0,East,22,Mumbai,1113.0,3,3,76000000
Multistorey Apartment,Semi-Furnished,12.0,East,18,Mumbai,658.0,2,2,23000000
Multistorey Apartment,Semi-Furnished,12.0,East,15,Mumbai,1316.0,3,3,57000000
Multistorey Apartment,Unfurnished,10.0,East,61,Mumbai,1314.0,3,3,34000000
Multistorey Apartment,Semi-Furnished,15.0,North - East,23,Mumbai,785.0,3,3,32500000
Multistorey Apartment,Unfurnished,61.0,Unknown,91,Mumbai,2019.0,4,4,151830782
Villa,Unfurnished,2.0,North - East,2,Jaipur,3200.0,5,5,14900000
Multistorey Apartment,Semi-Furnished,2.0,North,2,Jaipur,1000.0,2,2,1800000
Multistorey Apartment,Unfurnished,16.0,East,31,Mumbai,430.0,1,2,8700000
Multistorey Apartment,Unfurnished,1.0,Unknown,3,Jaipur,850.0,3,3,3300000
Multistorey Apartment,Furnished,10.0,Unknown,10,Jaipur,1000.0,2,2,3100000
Multistorey Apartment,Semi-Furnished,2.0,Unknown,6,Jaipur,1100.0,3,3,4100000
Residential House,Semi-Furnished,0.0,West,2,Jaipur,5500.0,5,5,33000000
Multistorey Apartment,Semi-Furnished,6.0,West,4,Jaipur,1000.0,3,3,11500000
Multistorey Apartment,Unfurnished,2.0,North,4,Jaipur,1068.0,3,3,4500000
Multistorey Apartment,Semi-Furnished,8.0,Unknown,12,Jaipur,1000.0,2,2,3300000
Multistorey Apartment,Furnished,4.0,North - East,8,Jaipur,6460.0,1,1,1699712
Builder Floor Apartment,Semi-Furnished,3.0,Unknown,3,Jaipur,1000.0,2,2,2700000
Residential House,Unfurnished,2.0,Unknown,1,Jaipur,144.0,4,3,13500000
Multistorey Apartment,Semi-Furnished,6.0,East,11,Jaipur,2000.0,3,3,16500000
Multistorey Apartment,Furnished,8.0,East,12,Jaipur,1000.0,4,3,11200000
Multistorey Apartment,Unfurnished,12.0,East,12,Jaipur,1000.0,4,3,11000000
Multistorey Apartment,Semi-Furnished,10.0,Unknown,12,Jaipur,650.0,3,2,3000000
Multistorey Apartment,Semi-Furnished,0.0,East,3,Jaipur,1000.0,3,3,8500000
Multistorey Apartment,Semi-Furnished,1.0,Unknown,5,Jaipur,1650.0,3,3,7500000
Multistorey Apartment,Semi-Furnished,5.0,Unknown,10,Chandigarh,1000.0,2,2,3500000
Residential House,Unfurnished,0.0,East,1,Chandigarh,1500.0,3,3,15000000
Multistorey Apartment,Furnished,0.0,North - East,1,Chandigarh,1000.0,3,2,9000000
Multistorey Apartment,Semi-Furnished,1.0,North,3,Chandigarh,1300.0,3,2,11500000
Multistorey Apartment,Unfurnished,1.0,Unknown,3,Chandigarh,1150.0,3,2,15000000
Multistorey Apartment,Furnished,0.0,Unknown,3,Jaipur,1000.0,3,2,4500000
Builder Floor Apartment,Unfurnished,0.0,Unknown,3,Chandigarh,1000.0,2,1,8500000
Residential House,Furnished,0.0,Unknown,1,Chandigarh,1000.0,1,2,1800000
Multistorey Apartment,Semi-Furnished,2.0,Unknown,3,Chandigarh,1000.0,2,2,3600000
Multistorey Apartment,Unfurnished,1.0,Unknown,2,Chandigarh,1000.0,3,3,19000000
Villa,Unfurnished,2.0,Unknown,2,Chandigarh,200.0,5,3,52500000
Multistorey Apartment,Semi-Furnished,3.0,Unknown,3,Chandigarh,750.0,1,1,3900000
Residential House,Semi-Furnished,2.0,Unknown,1,Bhopal,450.0,1,1,900000
Builder Floor Apartment,Semi-Furnished,0.0,Unknown,5,Bhopal,1000.0,2,2,2500000
Residential House,Unfurnished,2.0,Unknown,2,Bhopal,2400.0,3,3,9850000
Residential House,Furnished,2.0,Unknown,2,Bhopal,2300.0,3,3,18500000
Builder Floor Apartment,Furnished,1.0,Unknown,2,Chandigarh,1000.0,2,2,3500000
Multistorey Apartment,Semi-Furnished,4.0,Unknown,5,Bhopal,1000.0,2,2,4000000
Residential House,Unknown,2.0,Unknown,4,Chandigarh,1000.0,5,2,42500000
Residential House,Unfurnished,1.0,Unknown,1,Bhopal,1000.0,3,1,2000000
Multistorey Apartment,Furnished,2.0,Unknown,6,Bhopal,1000.0,2,1,1300000
Residential House,Semi-Furnished,2.0,Unknown,3,Bhopal,1000.0,4,4,16000000
Multistorey Apartment,Semi-Furnished,4.0,Unknown,6,Bhopal,1000.0,2,1,1900000
Multistorey Apartment,Unfurnished,4.0,Unknown,4,Bhopal,1250.0,3,3,3500000
Builder Floor Apartment,Unfurnished,1.0,Unknown,3,Bhopal,1000.0,1,1,1400000
Multistorey Apartment,Unfurnished,3.0,Unknown,4,Bhopal,1000.0,3,3,3000000
Multistorey Apartment,Furnished,2.0,Unknown,8,Bhopal,1000.0,2,2,2000000
Residential House,Semi-Furnished,2.0,Unknown,2,Bhopal,1000.0,2,3,3700000
Residential House,Semi-Furnished,2.0,Unknown,3,Bhopal,990.0,4,3,4900000
Villa,Furnished,2.0,Unknown,2,Bhopal,1000.0,3,3,4200000
Multistorey Apartment,Furnished,3.0,Unknown,4,Bhopal,600.0,2,1,2200000
Builder Floor Apartment,Semi-Furnished,1.0,Unknown,3,Bhopal,1000.0,2,2,2000000
Multistorey Apartment,Unfurnished,5.0,East,10,Mumbai,691.0,2,2,18000000
Multistorey Apartment,Semi-Furnished,8.0,North - East,13,Mumbai,1100.0,3,3,51100000
Multistorey Apartment,Semi-Furnished,42.0,East,58,Mumbai,2255.0,5,5,110000000
Multistorey Apartment,Unfurnished,30.0,West,42,Mumbai,925.0,2,2,27500000
Multistorey Apartment,Semi-Furnished,10.0,West,23,Mumbai,416.0,1,2,7900000
Multistorey Apartment,Unfurnished,3.0,East,22,Mumbai,761.0,2,2,20000000
Multistorey Apartment,Unfurnished,10.0,East,19,Mumbai,610.0,2,2,17500000
Multistorey Apartment,Unfurnished,15.0,East,22,Mumbai,565.0,2,2,14600000
Multistorey Apartment,Unfurnished,18.0,West,30,Mumbai,413.0,1,2,9300000
Multistorey Apartment,Unfurnished,4.0,North,24,Mumbai,1181.0,3,4,37800000
Multistorey Apartment,Unfurnished,1.0,East,7,Mumbai,700.0,2,2,20800000
Multistorey Apartment,Unfurnished,15.0,East,22,Mumbai,780.0,3,3,21000000
Multistorey Apartment,Semi-Furnished,36.0,West,63,Mumbai,1850.0,4,5,117500000
Multistorey Apartment,Semi-Furnished,5.0,East,6,Mumbai,1000.0,3,3,57500000
Residential House,Semi-Furnished,1.0,North - East,1,Jaipur,1000.0,2,2,9000000
Multistorey Apartment,Furnished,2.0,East,6,Jaipur,1000.0,3,3,6000000
Residential House,Semi-Furnished,2.0,North,2,Jaipur,1000.0,3,3,15000000
Multistorey Apartment,Semi-Furnished,2.0,Unknown,3,Jaipur,1000.0,3,3,11000000
Villa,Semi-Furnished,2.0,Unknown,2,Jaipur,125.0,3,4,13000000
Villa,Unfurnished,2.0,East,2,Jaipur,2326.0,4,3,10100000
Multistorey Apartment,Semi-Furnished,2.0,West,7,Jaipur,650.0,2,2,2896551
Villa,Semi-Furnished,2.0,East,2,Jaipur,88.0,3,3,7000000
Multistorey Apartment,Semi-Furnished,1.0,East,5,Jaipur,1000.0,2,2,3500000
Villa,Semi-Furnished,2.0,East,2,Jaipur,1000.0,4,4,22500000
Residential House,Semi-Furnished,2.0,North,1,Jaipur,2400.0,3,4,9500000
Multistorey Apartment,Semi-Furnished,2.0,South,5,Jaipur,1000.0,3,3,9900000
Villa,Furnished,2.0,East,2,Jaipur,1400.0,3,3,7000000
Multistorey Apartment,Semi-Furnished,1.0,North,5,Jaipur,1000.0,3,3,8000000
Villa,Semi-Furnished,2.0,West,2,Jaipur,1800.0,4,4,8551000
Residential House,Unfurnished,2.0,South - East,1,Chandigarh,560.0,2,1,2600000
Multistorey Apartment,Semi-Furnished,3.0,Unknown,3,Chandigarh,1100.0,3,3,4500000
Multistorey Apartment,Unfurnished,12.0,Unknown,14,Chandigarh,650.0,2,2,8500000
Multistorey Apartment,Furnished,4.0,East,10,Jaipur,3350.0,4,4,34000000
Builder Floor Apartment,Furnished,1.0,Unknown,2,Chandigarh,1000.0,3,2,17500000
Multistorey Apartment,Furnished,3.0,Unknown,3,Chandigarh,1043.0,2,2,8600000
Multistorey Apartment,Semi-Furnished,2.0,Unknown,3,Chandigarh,480.0,1,2,2700000
Builder Floor Apartment,Unfurnished,0.0,Unknown,3,Chandigarh,1000.0,3,3,4500000
Multistorey Apartment,Semi-Furnished,3.0,Unknown,5,Chandigarh,1515.0,3,3,4700000
Residential House,Furnished,2.0,Unknown,1,Chandigarh,1000.0,2,2,5500000
Multistorey Apartment,Semi-Furnished,1.0,Unknown,5,Chandigarh,1100.0,3,2,7200000
Residential House,Unfurnished,0.0,North,1,Chandigarh,1000.0,1,1,6000000
Multistorey Apartment,Unfurnished,0.0,Unknown,1,Chandigarh,1000.0,2,2,10000000
Residential House,Semi-Furnished,2.0,Unknown,3,Chandigarh,1000.0,6,5,57500000
Multistorey Apartment,Unfurnished,0.0,East,3,Chandigarh,1000.0,3,2,6500000
Multistorey Apartment,Unfurnished,2.0,Unknown,2,Chandigarh,500.0,1,2,2400000
Multistorey Apartment,Unfurnished,3.0,Unknown,4,Bhopal,900.0,2,2,4000000
Multistorey Apartment,Semi-Furnished,2.0,Unknown,4,Bhopal,1000.0,3,3,5500000
Multistorey Apartment,Semi-Furnished,3.0,Unknown,4,Bhopal,1000.0,2,2,2700000
Builder Floor Apartment,Semi-Furnished,2.0,Unknown,3,Bhopal,1000.0,2,2,2200000
Multistorey Apartment,Semi-Furnished,1.0,Unknown,5,Bhopal,1000.0,2,2,3500000
Residential House,Semi-Furnished,0.0,Unknown,2,Bhopal,1000.0,3,2,4200000
Multistorey Apartment,Unfurnished,3.0,Unknown,5,Bhopal,1000.0,2,1,1100000
Multistorey Apartment,Semi-Furnished,44.0,East,56,Mumbai,1000.0,4,4,110000000
Multistorey Apartment,Unfurnished,2.0,West,22,Mumbai,1198.0,4,5,33209082
Multistorey Apartment,Unfurnished,5.0,North,38,Mumbai,750.0,2,2,19125000
Multistorey Apartment,Unfurnished,17.0,North - East,47,Mumbai,661.0,2,2,14800000
Multistorey Apartment,Unfurnished,18.0,East,45,Mumbai,718.0,2,2,20600000
Multistorey Apartment,Unfurnished,3.0,Unknown,5,Chandigarh,1000.0,3,3,5100000
Multistorey Apartment,Unfurnished,18.0,East,41,Mumbai,607.0,2,2,13900000
Multistorey Apartment,Unfurnished,7.0,East,14,Mumbai,1360.0,3,4,69000000
Multistorey Apartment,Furnished,10.0,East,26,Mumbai,330.0,1,2,7500000
Multistorey Apartment,Unfurnished,2.0,East,16,Mumbai,669.0,2,2,17000000
Multistorey Apartment,Unfurnished,7.0,East,18,Mumbai,751.0,2,2,21200000
Multistorey Apartment,Semi-Furnished,15.0,West,30,Mumbai,350.0,2,2,13500000
Multistorey Apartment,Unfurnished,13.0,East,20,Mumbai,670.0,2,2,33500000
Multistorey Apartment,Unfurnished,35.0,North - East,38,Mumbai,1727.0,4,4,74900000
Multistorey Apartment,Unfurnished,2.0,East,58,Mumbai,613.0,2,2,19000000
Multistorey Apartment,Unfurnished,10.0,North - East,27,Mumbai,650.0,2,2,16500000
Multistorey Apartment,Unfurnished,10.0,North - East,33,Mumbai,533.0,2,2,12000000
Multistorey Apartment,Semi-Furnished,2.0,East,25,Mumbai,1000.0,3,2,34500000
Multistorey Apartment,Unfurnished,10.0,North - East,25,Mumbai,666.0,2,2,22900000
Multistorey Apartment,Unfurnished,21.0,East,38,Mumbai,412.0,1,2,8100000
Multistorey Apartment,Semi-Furnished,18.0,East,36,Mumbai,824.0,2,2,12500000
Villa,Unfurnished,2.0,East,2,Jaipur,1700.0,4,4,7500000
Multistorey Apartment,Furnished,2.0,East,10,Jaipur,540.0,1,1,1500000
Builder Floor Apartment,Unfurnished,0.0,East,3,Jaipur,1000.0,3,3,10000000
Multistorey Apartment,Furnished,3.0,East,6,Jaipur,1345.0,3,3,7500000
Villa,Semi-Furnished,2.0,East,1,Jaipur,1550.0,3,3,7800000
Multistorey Apartment,Unfurnished,1.0,East,3,Jaipur,1000.0,2,2,3800000
Multistorey Apartment,Semi-Furnished,1.0,West,8,Jaipur,1200.0,3,2,5500000
Multistorey Apartment,Unfurnished,17.0,South -West,18,Mumbai,2163.0,5,5,108100000
Studio Apartment,Semi-Furnished,7.0,North,8,Jaipur,299.0,3,1,4700000
Multistorey Apartment,Semi-Furnished,5.0,North,12,Jaipur,879.0,2,2,2800000
Multistorey Apartment,Semi-Furnished,11.0,West,12,Jaipur,1450.0,3,3,5500000
Multistorey Apartment,Semi-Furnished,1.0,Unknown,17,Jaipur,1000.0,3,2,6800000
Multistorey Apartment,Semi-Furnished,0.0,North - East,2,Chandigarh,1500.0,3,3,25000000
Builder Floor Apartment,Unfurnished,0.0,Unknown,3,Chandigarh,1000.0,3,2,15000000
Residential House,Semi-Furnished,0.0,Unknown,1,Chandigarh,1000.0,2,2,5500000
Multistorey Apartment,Semi-Furnished,0.0,Unknown,4,Chandigarh,1000.0,2,2,7000000
Multistorey Apartment,Furnished,1.0,East,3,Chandigarh,840.0,2,2,2887000
Builder Floor Apartment,Furnished,5.0,Unknown,6,Chandigarh,1000.0,3,3,6500000
Multistorey Apartment,Furnished,3.0,Unknown,4,Chandigarh,1000.0,3,2,5500000
Multistorey Apartment,Unfurnished,0.0,East,2,Chandigarh,1598.0,3,3,13000000
Residential House,Semi-Furnished,2.0,Unknown,3,Chandigarh,8.0,5,5,42500000
Multistorey Apartment,Semi-Furnished,2.0,Unknown,3,Chandigarh,1000.0,3,3,9500000
Multistorey Apartment,Furnished,2.0,Unknown,14,Chandigarh,1110.0,3,3,12500000
Multistorey Apartment,Unfurnished,0.0,Unknown,4,Bhopal,1000.0,2,1,1500000
Multistorey Apartment,Unfurnished,6.0,East,4,Chandigarh,1000.0,3,2,8200000
Residential House,Semi-Furnished,0.0,Unknown,2,Chandigarh,1000.0,5,7,30000000
Residential House,Furnished,2.0,Unknown,1,Bhopal,1000.0,2,2,3500000
Residential House,Unfurnished,0.0,Unknown,2,Bhopal,1000.0,3,2,4500000
Residential House,Semi-Furnished,2.0,Unknown,2,Chandigarh,1250.0,3,2,19000000
Multistorey Apartment,Semi-Furnished,0.0,South - East,2,Bhopal,1500.0,4,4,7500000
Villa,Semi-Furnished,2.0,East,1,Bhopal,810.0,3,2,5600000
Villa,Unfurnished,2.0,Unknown,2,Bhopal,1550.0,2,2,6500000
Residential House,Unknown,2.0,Unknown,4,Bhopal,1000.0,3,2,5000000
Multistorey Apartment,Unfurnished,2.0,Unknown,3,Bhopal,1000.0,2,2,1900000
Multistorey Apartment,Unknown,5.0,Unknown,5,Bhopal,1000.0,2,2,2400000
Multistorey Apartment,Unfurnished,2.0,Unknown,3,Bhopal,1000.0,2,2,2500000
Builder Floor Apartment,Unfurnished,2.0,Unknown,4,Bhopal,1000.0,2,2,2500000
Multistorey Apartment,Unfurnished,1.0,Unknown,6,Bhopal,1000.0,3,3,2650000
Multistorey Apartment,Semi-Furnished,3.0,Unknown,3,Bhopal,1000.0,2,2,2000000
Residential House,Unfurnished,0.0,Unknown,2,Bhopal,1000.0,2,2,3200000
Multistorey Apartment,Unfurnished,6.0,South -West,6,Bhopal,975.0,3,2,2450000
Residential House,Unfurnished,1.0,Unknown,2,Bhopal,1000.0,3,2,9500000
Residential House,Furnished,2.0,Unknown,2,Bhopal,1500.0,5,4,12000000
Multistorey Apartment,Semi-Furnished,2.0,Unknown,3,Bhopal,1000.0,2,2,3100000
Builder Floor Apartment,Unfurnished,2.0,Unknown,4,Bhopal,1000.0,2,2,1500000
Multistorey Apartment,Unfurnished,4.0,Unknown,6,Bhopal,1000.0,3,3,3000000
Residential House,Semi-Furnished,0.0,Unknown,1,Bhopal,2400.0,3,2,31500000
Villa,Unfurnished,2.0,Unknown,3,Bhopal,1250.0,5,5,4000000
Multistorey Apartment,Unfurnished,15.0,East,22,Mumbai,974.0,3,3,25000000
Multistorey Apartment,Unfurnished,21.0,North - East,44,Mumbai,788.0,2,2,21000000
Residential House,Semi-Furnished,2.0,Unknown,2,Bhopal,1000.0,3,3,3000000
Multistorey Apartment,Unfurnished,2.0,North,13,Mumbai,1425.0,4,4,49000000
Multistorey Apartment,Unfurnished,56.0,East,90,Mumbai,2136.0,4,5,125000000
Multistorey Apartment,Unfurnished,29.0,North,54,Mumbai,758.0,2,2,17000000
Multistorey Apartment,Semi-Furnished,0.0,East,23,Mumbai,442.0,1,2,13039000
Multistorey Apartment,Unfurnished,10.0,East,14,Mumbai,1137.0,3,3,43774500
Multistorey Apartment,Unfurnished,2.0,East,12,Mumbai,1060.0,2,2,12500000
Multistorey Apartment,Unfurnished,18.0,East,40,Mumbai,395.0,1,2,9700000
Multistorey Apartment,Unfurnished,19.0,East,54,Mumbai,885.0,2,3,20700000
Multistorey Apartment,Unfurnished,8.0,East,13,Mumbai,764.0,2,2,21800000
Multistorey Apartment,Semi-Furnished,8.0,West,15,Mumbai,944.0,3,3,28500000
Multistorey Apartment,Unfurnished,2.0,North - West,60,Mumbai,1097.0,3,3,42500000
Multistorey Apartment,Unfurnished,2.0,West,35,Mumbai,1800.0,4,4,60900000
Villa,Semi-Furnished,2.0,West,2,Jaipur,1000.0,5,6,82100000
Multistorey Apartment,Semi-Furnished,2.0,East,6,Jaipur,1000.0,2,2,3000000
Multistorey Apartment,Furnished,25.0,East,40,Mumbai,590.0,2,2,12800000
Multistorey Apartment,Unfurnished,20.0,East,45,Mumbai,1731.0,3,3,80200000
Multistorey Apartment,Unfurnished,5.0,East,13,Jaipur,1100.0,3,2,5500000
Multistorey Apartment,Unfurnished,10.0,East,16,Mumbai,1100.0,3,3,45500000
Multistorey Apartment,Semi-Furnished,2.0,North,4,Jaipur,1025.0,2,2,4900000
Multistorey Apartment,Unfurnished,5.0,West,7,Jaipur,1318.0,3,3,7000000
Multistorey Apartment,Furnished,2.0,West,5,Jaipur,1300.0,3,3,11000000
Multistorey Apartment,Semi-Furnished,0.0,Unknown,5,Jaipur,1000.0,3,3,12100000
Multistorey Apartment,Unfurnished,5.0,West,10,Jaipur,1550.0,3,2,11500000
Residential House,Semi-Furnished,2.0,West,2,Jaipur,173.0,4,4,14000000
Multistorey Apartment,Unfurnished,5.0,North,12,Jaipur,1328.0,3,3,9000000
Villa,Semi-Furnished,2.0,West,2,Jaipur,1000.0,4,3,7500000
Multistorey Apartment,Unfurnished,6.0,North,14,Jaipur,1000.0,2,2,5977350
Multistorey Apartment,Furnished,1.0,West,5,Jaipur,1150.0,3,2,4699999
Multistorey Apartment,Furnished,3.0,North,7,Jaipur,1700.0,3,3,16000000
Residential House,Semi-Furnished,0.0,East,1,Jaipur,2500.0,4,4,6800000
Villa,Semi-Furnished,2.0,East,2,Jaipur,1550.0,4,3,7500000
Multistorey Apartment,Semi-Furnished,2.0,East,4,Jaipur,1000.0,3,2,4250000
Multistorey Apartment,Semi-Furnished,2.0,East,4,Jaipur,1800.0,3,3,16400000
Multistorey Apartment,Unfurnished,1.0,South,4,Jaipur,968.0,2,2,5501000
Multistorey Apartment,Semi-Furnished,4.0,East,12,Jaipur,1000.0,2,2,7111000
Multistorey Apartment,Semi-Furnished,6.0,East,12,Jaipur,1485.0,3,3,5900000
Villa,Semi-Furnished,2.0,East,2,Jaipur,1000.0,3,3,7499000
Multistorey Apartment,Semi-Furnished,6.0,East,4,Jaipur,1000.0,3,3,5300000
Residential House,Semi-Furnished,2.0,West,1,Jaipur,800.0,2,2,3000000
Multistorey Apartment,Semi-Furnished,0.0,East,4,Jaipur,1200.0,3,3,7000000
Villa,Furnished,2.0,West,2,Jaipur,2900.0,3,5,18000000
Multistorey Apartment,Semi-Furnished,1.0,Unknown,4,Jaipur,1250.0,3,3,6500000
Multistorey Apartment,Unfurnished,2.0,Unknown,3,Chandigarh,1000.0,2,2,7500000
Builder Floor Apartment,Furnished,5.0,Unknown,5,Chandigarh,800.0,2,2,9577000
Multistorey Apartment,Furnished,12.0,North - East,18,Jaipur,2000.0,4,4,27500000
Multistorey Apartment,Unfurnished,0.0,East,3,Chandigarh,1600.0,3,3,5000000
Builder Floor Apartment,Unfurnished,4.0,Unknown,5,Chandigarh,1000.0,3,3,8500000
Multistorey Apartment,Furnished,3.0,Unknown,3,Chandigarh,1000.0,2,2,3300000
Multistorey Apartment,Semi-Furnished,6.0,Unknown,8,Chandigarh,1000.0,3,3,6500000
Residential House,Furnished,0.0,Unknown,1,Chandigarh,1000.0,2,2,2000000
Residential House,Semi-Furnished,3.0,Unknown,3,Chandigarh,150.0,6,4,7000000
Multistorey Apartment,Unknown,2.0,Unknown,4,Chandigarh,1000.0,2,2,9000000
Multistorey Apartment,Semi-Furnished,5.0,East,8,Chandigarh,1000.0,2,2,8500000
Multistorey Apartment,Semi-Furnished,0.0,Unknown,3,Chandigarh,1500.0,2,3,17000000
Multistorey Apartment,Semi-Furnished,5.0,Unknown,6,Chandigarh,1000.0,2,2,4000000
Multistorey Apartment,Unfurnished,2.0,Unknown,4,Chandigarh,1000.0,2,2,3000000
Multistorey Apartment,Furnished,2.0,Unknown,3,Chandigarh,1650.0,4,3,25000000
Multistorey Apartment,Furnished,1.0,Unknown,4,Chandigarh,1000.0,3,2,5600000
Residential House,Furnished,0.0,East,2,Chandigarh,1000.0,4,3,4950000
Villa,Unfurnished,2.0,East,1,Chandigarh,1000.0,5,4,110000000
Multistorey Apartment,Semi-Furnished,7.0,Unknown,13,Chandigarh,1000.0,3,3,8000000
Builder Floor Apartment,Semi-Furnished,0.0,Unknown,3,Chandigarh,1000.0,2,2,3800000
Residential House,Semi-Furnished,1.0,East,2,Chandigarh,1000.0,3,2,9800000
Villa,Furnished,2.0,North - East,2,Chandigarh,1000.0,3,3,4450000
Residential House,Unfurnished,2.0,Unknown,3,Chandigarh,1000.0,3,6,111111111
Multistorey Apartment,Semi-Furnished,4.0,Unknown,5,Chandigarh,1000.0,3,3,10100000
Multistorey Apartment,Unfurnished,10.0,Unknown,14,Chandigarh,1000.0,3,3,9000000
Multistorey Apartment,Semi-Furnished,4.0,West,6,Bhopal,1000.0,3,3,4000000
Multistorey Apartment,Unfurnished,3.0,Unknown,10,Chandigarh,1000.0,3,3,6000000
Residential House,Semi-Furnished,2.0,Unknown,2,Bhopal,1000.0,3,3,8500000
Multistorey Apartment,Semi-Furnished,2.0,Unknown,14,Chandigarh,1000.0,4,4,16000000
Residential House,Furnished,3.0,Unknown,3,Chandigarh,1000.0,7,4,32500000
Residential House,Semi-Furnished,0.0,Unknown,2,Bhopal,1000.0,3,3,10500000
Residential House,Furnished,2.0,Unknown,1,Bhopal,1000.0,2,2,3507000
Residential House,Semi-Furnished,3.0,Unknown,3,Bhopal,1000.0,3,3,8500000
Villa,Semi-Furnished,2.0,Unknown,2,Chandigarh,900.0,4,3,7600000
Multistorey Apartment,Unfurnished,6.0,Unknown,8,Bhopal,1000.0,3,2,3000000
Residential House,Semi-Furnished,0.0,Unknown,1,Bhopal,1000.0,3,3,5000000
Builder Floor Apartment,Furnished,0.0,Unknown,4,Bhopal,1000.0,2,2,2000000
Multistorey Apartment,Unfurnished,5.0,Unknown,6,Bhopal,650.0,2,2,1800000
Residential House,Unfurnished,2.0,Unknown,2,Bhopal,1000.0,3,3,4200000
Multistorey Apartment,Unfurnished,6.0,Unknown,6,Bhopal,1000.0,2,2,1900000
Multistorey Apartment,Unfurnished,24.0,East,40,Mumbai,425.0,1,2,13200000
Multistorey Apartment,Unfurnished,11.0,East,20,Mumbai,805.0,3,3,17300000
Multistorey Apartment,Unfurnished,5.0,West,17,Mumbai,950.0,3,3,21590000
Multistorey Apartment,Unfurnished,20.0,East,23,Mumbai,590.0,2,2,13000000
Multistorey Apartment,Semi-Furnished,24.0,North - East,67,Mumbai,963.0,2,2,58020000
Multistorey Apartment,Semi-Furnished,7.0,West,10,Mumbai,1329.0,3,3,65000000
Multistorey Apartment,Semi-Furnished,2.0,East,42,Mumbai,1640.0,3,4,43500000
Multistorey Apartment,Unknown,1.0,Unknown,6,Bhopal,1000.0,2,2,2200000
Multistorey Apartment,Semi-Furnished,44.0,North,64,Mumbai,856.0,2,2,34240000
Multistorey Apartment,Semi-Furnished,2.0,East,23,Mumbai,1136.0,3,3,35000000
Multistorey Apartment,Semi-Furnished,15.0,North - East,23,Mumbai,380.0,1,2,13800000
Multistorey Apartment,Unfurnished,36.0,East,43,Mumbai,572.0,2,2,15000000
Multistorey Apartment,Semi-Furnished,0.0,Unknown,2,Bhopal,525.0,1,1,1600000
Multistorey Apartment,Unfurnished,14.0,East,22,Mumbai,508.0,2,2,8595000
Multistorey Apartment,Semi-Furnished,10.0,East,20,Mumbai,437.0,1,2,8900000
Multistorey Apartment,Semi-Furnished,27.0,South -West,42,Mumbai,828.0,2,3,31900000
Multistorey Apartment,Semi-Furnished,18.0,West,26,Mumbai,915.0,3,3,18000000
Multistorey Apartment,Unfurnished,12.0,West,20,Mumbai,778.0,2,2,22921000
Multistorey Apartment,Unfurnished,4.0,North - East,29,Mumbai,446.0,1,2,5872000
Multistorey Apartment,Unfurnished,11.0,North - East,19,Mumbai,481.0,1,2,10500000
Multistorey Apartment,Semi-Furnished,2.0,North,6,Jaipur,1000.0,2,2,2900000
Residential House,Furnished,1.0,East,2,Jaipur,2124.0,8,2,19000000
Residential House,Unfurnished,0.0,East,2,Jaipur,860.0,3,2,3000000
Residential House,Semi-Furnished,2.0,East,3,Jaipur,5500.0,5,4,40000000
Multistorey Apartment,Unfurnished,54.0,West,81,Mumbai,3200.0,5,6,225900000
Multistorey Apartment,Semi-Furnished,2.0,East,4,Jaipur,575.0,1,1,1650000
Residential House,Furnished,2.0,West,2,Jaipur,1000.0,4,3,4800000
Multistorey Apartment,Semi-Furnished,1.0,Unknown,3,Jaipur,1000.0,3,2,2800000
Multistorey Apartment,Semi-Furnished,8.0,East,11,Jaipur,1900.0,3,4,35000000
Multistorey Apartment,Unfurnished,2.0,North,8,Jaipur,1000.0,3,2,5000000
Multistorey Apartment,Furnished,1.0,East,1,Jaipur,1260.0,3,3,6190000
Multistorey Apartment,Unfurnished,4.0,East,6,Jaipur,1000.0,3,3,4195000
Multistorey Apartment,Semi-Furnished,2.0,Unknown,6,Jaipur,1000.0,3,2,5580000
Multistorey Apartment,Furnished,1.0,East,3,Jaipur,1000.0,3,3,7000000
Multistorey Apartment,Semi-Furnished,1.0,Unknown,6,Jaipur,1000.0,4,4,7854000
Multistorey Apartment,Unfurnished,8.0,Unknown,10,Jaipur,1000.0,3,3,3600000
Multistorey Apartment,Furnished,2.0,East,6,Jaipur,1000.0,3,2,4651000
Multistorey Apartment,Unfurnished,1.0,East,3,Jaipur,1000.0,3,3,4942250
Multistorey Apartment,Unfurnished,3.0,West,6,Jaipur,1350.0,3,3,9400000
Multistorey Apartment,Furnished,2.0,East,15,Jaipur,200.0,4,4,13500000
Villa,Semi-Furnished,2.0,East,2,Jaipur,1000.0,3,3,6100000
Multistorey Apartment,Furnished,2.0,Unknown,6,Jaipur,1000.0,3,3,10800000
Multistorey Apartment,Furnished,1.0,East,6,Jaipur,1166.0,3,3,6200000
Villa,Semi-Furnished,2.0,East,2,Jaipur,1000.0,3,3,11000000
Multistorey Apartment,Unfurnished,8.0,East,10,Jaipur,1000.0,2,2,1925000
Builder Floor Apartment,Semi-Furnished,0.0,East,3,Chandigarh,1000.0,2,2,3500000
Multistorey Apartment,Furnished,5.0,Unknown,8,Chandigarh,1000.0,3,3,5500000
Builder Floor Apartment,Semi-Furnished,3.0,East,3,Chandigarh,1000.0,3,2,3500000
Multistorey Apartment,Semi-Furnished,2.0,Unknown,3,Chandigarh,1000.0,2,1,5500000
Residential House,Semi-Furnished,3.0,Unknown,3,Chandigarh,500.0,3,3,13000000
Residential House,Unfurnished,1.0,East,2,Chandigarh,1000.0,2,2,7500000
Multistorey Apartment,Semi-Furnished,2.0,Unknown,2,Chandigarh,1000.0,1,1,4800000
Multistorey Apartment,Semi-Furnished,2.0,Unknown,4,Chandigarh,1000.0,3,3,4500000
Penthouse,Semi-Furnished,3.0,Unknown,4,Chandigarh,1000.0,3,3,11000000
Multistorey Apartment,Unfurnished,1.0,West,18,Jaipur,1445.0,4,4,7429000
Multistorey Apartment,Unfurnished,-0.5,East,2,Chandigarh,1000.0,3,3,4500000
Residential House,Unfurnished,2.0,Unknown,1,Chandigarh,1000.0,8,2,5500000
Residential House,Unfurnished,2.0,North - East,2,Chandigarh,500.0,5,3,105000000
Multistorey Apartment,Semi-Furnished,8.0,Unknown,11,Chandigarh,1209.0,2,2,5000000
Residential House,Furnished,0.0,Unknown,1,Chandigarh,1300.0,4,2,15900000
Multistorey Apartment,Semi-Furnished,3.0,Unknown,3,Chandigarh,1050.0,2,2,7500000
Residential House,Furnished,2.0,Unknown,1,Chandigarh,1000.0,2,2,1800000
Multistorey Apartment,Unknown,2.0,Unknown,4,Chandigarh,1000.0,3,2,15000000
Builder Floor Apartment,Semi-Furnished,2.0,Unknown,3,Chandigarh,1000.0,3,3,11500000
Multistorey Apartment,Semi-Furnished,2.0,Unknown,4,Chandigarh,1000.0,3,3,6600000
Builder Floor Apartment,Unfurnished,3.0,East,3,Chandigarh,1000.0,2,1,6000000
Residential House,Unfurnished,1.0,West,1,Chandigarh,11.0,1,1,2700000
Residential House,Furnished,0.0,East,2,Chandigarh,3.0,4,2,3500000
Multistorey Apartment,Semi-Furnished,6.0,East,6,Bhopal,1081.0,2,2,2500000
Multistorey Apartment,Semi-Furnished,3.0,Unknown,4,Chandigarh,1000.0,3,3,5500000
Penthouse,Unfurnished,8.0,Unknown,8,Chandigarh,1000.0,3,3,7500000
Builder Floor Apartment,Semi-Furnished,2.0,Unknown,5,Chandigarh,1000.0,3,3,6500000
Multistorey Apartment,Unfurnished,3.0,East,3,Bhopal,1100.0,3,2,5300000
Villa,Semi-Furnished,2.0,East,2,Bhopal,1200.0,3,3,6400000
Residential House,Unfurnished,0.0,East,1,Bhopal,1000.0,2,2,2505000
Builder Floor Apartment,Unfurnished,2.0,Unknown,4,Bhopal,1000.0,2,2,2000000
Multistorey Apartment,Semi-Furnished,1.0,Unknown,2,Bhopal,1000.0,2,2,2000000
Residential House,Unfurnished,0.0,Unknown,3,Bhopal,1000.0,3,2,3500000
Multistorey Apartment,Unfurnished,1.0,West,6,Bhopal,949.0,2,2,3000000
Multistorey Apartment,Unfurnished,3.0,West,3,Bhopal,800.0,2,2,3600000
Multistorey Apartment,Unfurnished,5.0,Unknown,6,Bhopal,1000.0,2,2,2500000
Multistorey Apartment,Furnished,3.0,Unknown,3,Bhopal,780.0,2,2,1700000
Villa,Unfurnished,2.0,Unknown,2,Bhopal,2500.0,4,3,11500000
Multistorey Apartment,Unfurnished,5.0,Unknown,7,Bhopal,1000.0,3,3,3400000
Multistorey Apartment,Unfurnished,1.0,East,6,Bhopal,5184.0,2,1,2000000
Multistorey Apartment,Unfurnished,1.0,Unknown,6,Bhopal,800.0,2,2,2100000
Multistorey Apartment,Semi-Furnished,3.0,Unknown,6,Bhopal,1150.0,2,2,2600000
Residential House,Semi-Furnished,0.0,Unknown,2,Bhopal,1000.0,3,2,5900000
Residential House,Unfurnished,1.0,South,1,Bhopal,800.0,3,2,4500000
Builder Floor Apartment,Unfurnished,2.0,Unknown,4,Bhopal,1000.0,2,2,2300000
Multistorey Apartment,Unfurnished,4.0,East,16,Mumbai,418.0,1,2,3600000
Multistorey Apartment,Semi-Furnished,6.0,Unknown,6,Bhopal,900.0,2,2,2250000
Multistorey Apartment,Unfurnished,7.0,East,7,Bhopal,1250.0,2,2,2700000
Multistorey Apartment,Semi-Furnished,28.0,Unknown,54,Mumbai,938.0,2,3,44000000
Multistorey Apartment,Unfurnished,5.0,North - East,20,Mumbai,717.0,2,2,18500000
Multistorey Apartment,Unfurnished,17.0,East,22,Mumbai,781.0,2,2,19700000
Multistorey Apartment,Unfurnished,2.0,East,20,Mumbai,859.0,3,3,27000000
Multistorey Apartment,Semi-Furnished,15.0,North - East,23,Mumbai,452.0,1,2,3940000
Multistorey Apartment,Semi-Furnished,11.0,North - West,22,Mumbai,509.0,1,2,6200000
Multistorey Apartment,Unfurnished,14.0,East,21,Mumbai,425.0,1,2,10100000
Multistorey Apartment,Semi-Furnished,21.0,South,40,Mumbai,905.0,2,2,50000000
Multistorey Apartment,Unfurnished,16.0,East,35,Mumbai,950.0,3,3,28500000
Multistorey Apartment,Unfurnished,3.0,East,17,Mumbai,1286.0,3,3,40500000
Multistorey Apartment,Unfurnished,10.0,East,21,Mumbai,450.0,2,2,21000000
Multistorey Apartment,Unfurnished,30.0,East,47,Mumbai,439.0,1,2,11600000
Multistorey Apartment,Unfurnished,5.0,North - East,47,Mumbai,472.0,2,2,10900000
Multistorey Apartment,Unfurnished,21.0,East,21,Mumbai,445.0,1,2,10000000
Multistorey Apartment,Unfurnished,-0.5,East,22,Mumbai,575.0,2,2,12000000
Multistorey Apartment,Semi-Furnished,30.0,East,67,Mumbai,938.0,2,2,44800000
Multistorey Apartment,Unfurnished,10.0,Unknown,38,Mumbai,666.0,2,2,16310340
Multistorey Apartment,Furnished,2.0,Unknown,4,Jaipur,1000.0,3,3,4599000
Multistorey Apartment,Unfurnished,2.0,Unknown,4,Jaipur,1000.0,1,1,1421000
Multistorey Apartment,Semi-Furnished,2.0,Unknown,11,Jaipur,1000.0,3,3,8280000
Multistorey Apartment,Unfurnished,2.0,Unknown,21,Jaipur,1000.0,4,4,7894000
Multistorey Apartment,Semi-Furnished,2.0,Unknown,4,Jaipur,1000.0,3,3,9477000
Multistorey Apartment,Furnished,2.0,Unknown,4,Jaipur,1000.0,1,1,3890000
Multistorey Apartment,Unfurnished,2.0,Unknown,4,Jaipur,1000.0,2,2,3700000
Villa,Unfurnished,2.0,North - East,2,Jaipur,1500.0,3,3,7451000
Multistorey Apartment,Semi-Furnished,2.0,Unknown,6,Jaipur,1000.0,3,2,5060000
Multistorey Apartment,Furnished,2.0,Unknown,5,Jaipur,1025.0,3,3,6700000
Multistorey Apartment,Unfurnished,5.0,Unknown,4,Jaipur,1000.0,3,3,5100000
Multistorey Apartment,Semi-Furnished,2.0,Unknown,5,Jaipur,1000.0,3,3,14430000
Multistorey Apartment,Unfurnished,2.0,Unknown,4,Jaipur,1000.0,2,2,3678400
Multistorey Apartment,Furnished,2.0,South,5,Jaipur,1000.0,3,3,14900000
Villa,Semi-Furnished,2.0,East,2,Jaipur,1484.0,3,3,11100000
Villa,Unfurnished,2.0,Unknown,2,Chandigarh,2.0,4,3,200000000
Multistorey Apartment,Semi-Furnished,8.0,East,14,Chandigarh,1000.0,2,2,3300000
Residential House,Semi-Furnished,0.0,Unknown,1,Chandigarh,1000.0,2,3,7000000
Multistorey Apartment,Furnished,4.0,East,6,Jaipur,1000.0,3,3,4600000
Multistorey Apartment,Unfurnished,3.0,East,12,Jaipur,1000.0,3,3,40278000
Residential House,Semi-Furnished,3.0,Unknown,3,Chandigarh,1000.0,7,8,28000000
Multistorey Apartment,Semi-Furnished,2.0,Unknown,4,Jaipur,1000.0,3,2,5060000
Multistorey Apartment,Semi-Furnished,2.0,Unknown,13,Chandigarh,17.0,4,4,14701000
Residential House,Unfurnished,1.0,Unknown,2,Chandigarh,1000.0,4,3,100000000
Multistorey Apartment,Furnished,1.0,South -West,2,Chandigarh,2200.0,4,3,23000000
Multistorey Apartment,Semi-Furnished,2.0,Unknown,4,Chandigarh,1500.0,3,3,8200000
Multistorey Apartment,Unknown,2.0,Unknown,4,Chandigarh,1000.0,1,2,5700000
Multistorey Apartment,Semi-Furnished,6.0,Unknown,7,Chandigarh,1000.0,3,3,8500000
Multistorey Apartment,Furnished,11.0,Unknown,20,Chandigarh,1000.0,1,1,6000000
Residential House,Semi-Furnished,2.0,Unknown,1,Chandigarh,1000.0,3,3,8000000
Residential House,Semi-Furnished,2.0,Unknown,3,Chandigarh,1000.0,6,5,5000000
Multistorey Apartment,Semi-Furnished,3.0,North - East,13,Chandigarh,1503.0,3,3,10000000
Multistorey Apartment,Unfurnished,4.0,Unknown,6,Chandigarh,1000.0,3,3,5200000
Builder Floor Apartment,Unfurnished,1.0,Unknown,2,Chandigarh,1000.0,2,1,3100000
Villa,Unknown,2.0,Unknown,2,Chandigarh,1000.0,3,3,4099000
Multistorey Apartment,Unfurnished,7.0,East,12,Chandigarh,850.0,3,2,6900000
Multistorey Apartment,Semi-Furnished,11.0,Unknown,12,Chandigarh,1000.0,2,2,2690000
Residential House,Unfurnished,-1.0,Unknown,3,Chandigarh,10.0,6,5,22000000
Multistorey Apartment,Unfurnished,0.0,Unknown,2,Bhopal,1000.0,3,3,2600000
Builder Floor Apartment,Unfurnished,3.0,South -West,4,Bhopal,1000.0,4,3,4000000
Multistorey Apartment,Unfurnished,1.0,Unknown,7,Bhopal,777.0,3,2,4400000
Residential House,Semi-Furnished,1.0,North,2,Bhopal,1000.0,5,7,10000000
Multistorey Apartment,Semi-Furnished,2.0,Unknown,6,Bhopal,621.0,2,1,2200000
Villa,Semi-Furnished,2.0,Unknown,2,Bhopal,1000.0,2,2,4000000
Residential House,Furnished,1.0,Unknown,3,Bhopal,3600.0,10,6,9000000
Residential House,Semi-Furnished,2.0,Unknown,1,Bhopal,1150.0,5,3,8000000
Residential House,Unfurnished,2.0,West,2,Bhopal,1800.0,3,3,29000000
Multistorey Apartment,Furnished,4.0,Unknown,4,Bhopal,1000.0,3,3,7000000
Multistorey Apartment,Unfurnished,2.0,Unknown,2,Bhopal,470.0,1,1,1400000
Multistorey Apartment,Semi-Furnished,6.0,Unknown,6,Bhopal,1000.0,2,2,2650000
Multistorey Apartment,Semi-Furnished,0.0,Unknown,4,Bhopal,800.0,2,2,2550000
Residential House,Semi-Furnished,2.0,West,2,Bhopal,1250.0,3,3,10500000
Multistorey Apartment,Unfurnished,3.0,South,3,Bhopal,1000.0,2,1,2700000
Residential House,Unfurnished,1.0,East,1,Bhopal,2150.0,4,3,13000000
Multistorey Apartment,Unfurnished,1.0,Unknown,4,Bhopal,842.0,2,2,2300000
Multistorey Apartment,Furnished,1.0,West,6,Bhopal,595.0,2,2,2500000
Villa,Unfurnished,2.0,West,2,Bhopal,1900.0,4,3,9000000
Builder Floor Apartment,Furnished,1.0,East,4,Bhopal,2800.0,4,3,16000000
Multistorey Apartment,Unfurnished,10.0,Unknown,46,Mumbai,418.0,1,2,12800000
Multistorey Apartment,Semi-Furnished,20.0,East,22,Mumbai,682.0,2,2,14200000
Multistorey Apartment,Furnished,0.0,North - East,17,Mumbai,879.0,3,3,24800000
Multistorey Apartment,Unfurnished,42.0,West,45,Mumbai,1088.0,3,3,32775000
Multistorey Apartment,Unfurnished,17.0,West,22,Mumbai,665.0,2,2,18290000
Multistorey Apartment,Furnished,-0.5,East,22,Mumbai,420.0,1,2,4000000
Multistorey Apartment,Semi-Furnished,25.0,East,44,Mumbai,1115.0,3,3,29000000
Multistorey Apartment,Unfurnished,8.0,Unknown,13,Mumbai,659.0,2,2,19407550
Multistorey Apartment,Semi-Furnished,10.0,East,19,Mumbai,429.0,1,2,10900000
Multistorey Apartment,Unfurnished,7.0,East,8,Mumbai,867.0,2,2,20000000
Multistorey Apartment,Semi-Furnished,7.0,East,13,Mumbai,610.0,2,2,24500000
Multistorey Apartment,Unfurnished,42.0,East,54,Mumbai,1200.0,3,3,28000000
Multistorey Apartment,Unfurnished,2.0,East,17,Mumbai,950.0,3,3,23600000
Multistorey Apartment,Unfurnished,5.0,East,15,Mumbai,835.0,2,2,32500000
Multistorey Apartment,Unfurnished,20.0,West,60,Mumbai,1365.0,3,3,80000000
Multistorey Apartment,Unfurnished,33.0,North - East,35,Mumbai,833.0,2,2,31000000
Multistorey Apartment,Unfurnished,15.0,East,15,Mumbai,980.0,3,3,26700000
Multistorey Apartment,Unfurnished,4.0,East,40,Mumbai,689.0,2,2,25600000
Multistorey Apartment,Unfurnished,13.0,East,16,Mumbai,650.0,2,2,21500000
Multistorey Apartment,Unfurnished,2.0,West,13,Jaipur,1000.0,3,3,8250750
Multistorey Apartment,Semi-Furnished,4.0,East,5,Jaipur,1000.0,3,2,5300000
Residential House,Semi-Furnished,1.0,East,2,Jaipur,2200.0,4,3,8000000
Multistorey Apartment,Semi-Furnished,1.0,East,6,Jaipur,1140.0,3,3,5000000
Residential House,Semi-Furnished,0.0,North,1,Jaipur,1000.0,3,3,14300000
Multistorey Apartment,Unfurnished,2.0,Unknown,4,Jaipur,1000.0,3,3,9641000
Villa,Semi-Furnished,2.0,Unknown,4,Jaipur,1000.0,3,4,7500000
Villa,Unfurnished,2.0,West,2,Jaipur,1780.0,4,4,7000000
Multistorey Apartment,Unfurnished,2.0,North,6,Jaipur,1652.0,4,4,10000000
Villa,Semi-Furnished,2.0,Unknown,4,Jaipur,1000.0,3,3,4000000
Multistorey Apartment,Unfurnished,3.0,North,8,Jaipur,1000.0,3,3,5290000
Multistorey Apartment,Unfurnished,2.0,Unknown,12,Jaipur,1000.0,1,1,1950000
Multistorey Apartment,Semi-Furnished,4.0,North,6,Jaipur,1000.0,4,4,25000000
Multistorey Apartment,Semi-Furnished,4.0,East,6,Jaipur,1000.0,4,4,17570000
Villa,Unfurnished,2.0,East,2,Jaipur,1000.0,3,2,2700000
Residential House,Unfurnished,2.0,Unknown,1,Chandigarh,1000.0,6,5,8900000
Residential House,Unfurnished,0.0,Unknown,3,Chandigarh,1000.0,3,2,25500000
Multistorey Apartment,Semi-Furnished,7.0,Unknown,8,Jaipur,850.0,2,2,3500000
Residential House,Furnished,0.0,Unknown,3,Chandigarh,700.0,2,2,3800000
Residential House,Semi-Furnished,2.0,Unknown,3,Jaipur,4000.0,7,5,12200000
Residential House,Unfurnished,1.0,North - West,3,Chandigarh,1000.0,2,3,30000000
Residential House,Unfurnished,3.0,Unknown,4,Chandigarh,1000.0,10,10,130000000
Multistorey Apartment,Semi-Furnished,5.0,Unknown,7,Chandigarh,1000.0,3,2,7200000
Residential House,Semi-Furnished,2.0,West,2,Chandigarh,1000.0,6,6,5000000
Residential House,Semi-Furnished,2.0,Unknown,1,Chandigarh,1000.0,2,2,6500000
Multistorey Apartment,Semi-Furnished,2.0,Unknown,4,Chandigarh,1000.0,3,3,6730000
Builder Floor Apartment,Unfurnished,3.0,Unknown,3,Chandigarh,1000.0,3,1,7000000
Multistorey Apartment,Semi-Furnished,0.0,Unknown,4,Chandigarh,841.0,2,2,5000000
Residential House,Furnished,2.0,Unknown,1,Chandigarh,1000.0,2,2,2850000
Multistorey Apartment,Unfurnished,2.0,East,3,Chandigarh,1000.0,2,2,4500000
Multistorey Apartment,Semi-Furnished,1.0,Unknown,4,Chandigarh,1000.0,2,2,3500000
Residential House,Semi-Furnished,3.0,Unknown,3,Chandigarh,1000.0,3,2,72500000
Multistorey Apartment,Unfurnished,5.0,Unknown,5,Chandigarh,1000.0,2,2,9500000
Multistorey Apartment,Unfurnished,2.0,Unknown,4,Chandigarh,1000.0,2,2,3290000
Residential House,Furnished,3.0,Unknown,3,Chandigarh,1000.0,8,8,55000000
Multistorey Apartment,Semi-Furnished,4.0,North - East,12,Chandigarh,1250.0,3,3,8400000
Residential House,Furnished,1.0,Unknown,3,Chandigarh,1000.0,4,3,47500000
Multistorey Apartment,Unfurnished,1.0,Unknown,3,Chandigarh,1000.0,2,1,2800000
Multistorey Apartment,Unfurnished,2.0,East,4,Bhopal,1000.0,1,1,1650000
Multistorey Apartment,Semi-Furnished,3.0,Unknown,3,Chandigarh,1000.0,3,2,4500000
Multistorey Apartment,Semi-Furnished,3.0,East,6,Bhopal,1000.0,3,2,3500000
Multistorey Apartment,Semi-Furnished,1.0,Unknown,3,Chandigarh,1000.0,3,2,3200000
Multistorey Apartment,Unfurnished,3.0,Unknown,12,Bhopal,750.0,2,2,4500000
Multistorey Apartment,Semi-Furnished,1.0,Unknown,10,Bhopal,1000.0,3,2,4500000
Multistorey Apartment,Furnished,3.0,North - East,18,Bhopal,1000.0,2,1,2000000
Builder Floor Apartment,Unfurnished,2.0,Unknown,2,Bhopal,1000.0,2,4,6000000
Residential House,Semi-Furnished,2.0,Unknown,2,Bhopal,1200.0,2,2,7000000
Villa,Semi-Furnished,2.0,Unknown,1,Bhopal,1000.0,3,2,8500000
Residential House,Semi-Furnished,0.0,West,2,Bhopal,1600.0,4,3,9800000
Multistorey Apartment,Unfurnished,6.0,East,6,Bhopal,750.0,2,2,2000000
Multistorey Apartment,Unfurnished,4.0,East,4,Bhopal,1000.0,4,3,6000000
Residential House,Unfurnished,2.0,Unknown,2,Bhopal,600.0,3,2,2000000
Multistorey Apartment,Unfurnished,1.0,Unknown,6,Bhopal,1000.0,2,2,1800000
Multistorey Apartment,Semi-Furnished,2.0,Unknown,3,Bhopal,700.0,2,2,2800000
Multistorey Apartment,Unfurnished,3.0,East,4,Bhopal,1000.0,2,2,2500000
Residential House,Unfurnished,1.0,South,1,Bhopal,600.0,1,1,2100000
Multistorey Apartment,Semi-Furnished,5.0,Unknown,11,Bhopal,1070.0,2,2,2800000
Multistorey Apartment,Semi-Furnished,1.0,North - East,3,Bhopal,358.0,1,1,800000
Multistorey Apartment,Unfurnished,4.0,Unknown,6,Bhopal,850.0,2,2,2500000
Multistorey Apartment,Unfurnished,4.0,Unknown,4,Bhopal,1000.0,2,2,1300000
Multistorey Apartment,Unfurnished,5.0,Unknown,8,Bhopal,462.0,2,1,2000000
Builder Floor Apartment,Semi-Furnished,3.0,Unknown,4,Bhopal,1000.0,2,2,1800000
Multistorey Apartment,Unfurnished,3.0,East,4,Bhopal,922.0,3,2,3200000
Builder Floor Apartment,Semi-Furnished,1.0,East,4,Bhopal,1000.0,3,2,3200000
Multistorey Apartment,Unfurnished,2.0,North,6,Bhopal,511.0,2,1,1899000
Multistorey Apartment,Unfurnished,22.0,East,26,Mumbai,632.0,2,2,15600000
Multistorey Apartment,Unfurnished,36.0,East,45,Mumbai,1462.0,4,4,44800000
Multistorey Apartment,Unfurnished,10.0,West,56,Mumbai,1603.0,4,4,72600000
Multistorey Apartment,Unfurnished,7.0,East,16,Mumbai,771.0,2,2,18900000
Multistorey Apartment,Semi-Furnished,-0.5,East,32,Mumbai,528.0,2,2,16800000
Multistorey Apartment,Unfurnished,-0.5,West,20,Mumbai,1150.0,3,3,55000000
Multistorey Apartment,Unfurnished,38.0,East,40,Mumbai,1213.0,3,3,42000000
Multistorey Apartment,Unfurnished,5.0,South -West,17,Mumbai,542.0,2,2,12400000
Multistorey Apartment,Semi-Furnished,12.0,East,33,Mumbai,336.0,1,1,6500000
Multistorey Apartment,Semi-Furnished,11.0,North - East,27,Mumbai,446.0,1,2,6690000
Multistorey Apartment,Unfurnished,42.0,East,67,Mumbai,1194.0,3,3,73100000
Multistorey Apartment,Unfurnished,17.0,East,22,Mumbai,950.0,2,3,58500000
Multistorey Apartment,Unfurnished,8.0,East,15,Mumbai,652.0,2,2,17500000
Multistorey Apartment,Unfurnished,1.0,East,67,Mumbai,656.0,2,2,14000000
Multistorey Apartment,Unfurnished,11.0,East,18,Mumbai,550.0,2,2,13500000
Multistorey Apartment,Unfurnished,5.0,East,14,Mumbai,447.0,1,2,3200000
Multistorey Apartment,Unfurnished,4.0,Unknown,33,Mumbai,750.0,2,2,12750000
Multistorey Apartment,Semi-Furnished,15.0,East,23,Mumbai,410.0,1,2,9455000
Multistorey Apartment,Unfurnished,-0.5,North,25,Mumbai,1200.0,3,3,44000000
Multistorey Apartment,Unfurnished,5.0,East,20,Mumbai,632.0,2,2,17000000
Multistorey Apartment,Unfurnished,25.0,East,32,Mumbai,725.0,2,2,18000000
Multistorey Apartment,Semi-Furnished,2.0,East,44,Mumbai,828.0,2,2,43000000
Multistorey Apartment,Unfurnished,17.0,East,20,Mumbai,1128.0,4,4,40500000
Residential House,Unfurnished,0.0,East,3,Jaipur,1000.0,7,7,17000000
Multistorey Apartment,Unfurnished,2.0,East,22,Mumbai,788.0,2,2,26500000
Multistorey Apartment,Unfurnished,2.0,East,6,Jaipur,1000.0,3,3,5450000
Residential House,Semi-Furnished,2.0,Unknown,2,Jaipur,7000.0,5,4,42000000
Multistorey Apartment,Semi-Furnished,5.0,Unknown,4,Jaipur,1000.0,2,2,3900000
Multistorey Apartment,Semi-Furnished,3.0,East,6,Jaipur,900.0,2,2,3300000
Multistorey Apartment,Unfurnished,10.0,West,23,Mumbai,395.0,1,2,8500000
Residential House,Unfurnished,1.0,West,2,Jaipur,165.0,5,3,15500000
Multistorey Apartment,Unfurnished,24.0,East,41,Mumbai,2650.0,4,4,175000000
Residential House,Semi-Furnished,0.0,South,2,Jaipur,169.0,4,4,20792000
Multistorey Apartment,Semi-Furnished,10.0,East,25,Mumbai,734.0,2,2,9800000
Residential House,Unfurnished,0.0,South,1,Jaipur,136.0,1,1,13000000
Villa,Semi-Furnished,2.0,East,2,Jaipur,1000.0,3,3,7000000
Villa,Unfurnished,2.0,Unknown,2,Jaipur,1314.0,3,3,7500000
Villa,Unfurnished,2.0,East,2,Jaipur,222.0,5,7,25200000
Villa,Semi-Furnished,2.0,South - East,2,Jaipur,1000.0,3,3,6500000
Villa,Semi-Furnished,2.0,East,2,Jaipur,1000.0,3,2,3000000
Multistorey Apartment,Semi-Furnished,5.0,North - East,4,Jaipur,1000.0,3,3,6000000
Multistorey Apartment,Semi-Furnished,2.0,Unknown,12,Jaipur,1000.0,2,2,4266000
Villa,Furnished,2.0,East,2,Jaipur,1200.0,3,3,6500000
Multistorey Apartment,Semi-Furnished,2.0,East,13,Jaipur,1334.0,3,3,4900000
Multistorey Apartment,Semi-Furnished,2.0,Unknown,3,Chandigarh,927.0,2,3,4000000
Multistorey Apartment,Semi-Furnished,1.0,North,2,Chandigarh,1100.0,2,2,11000000
Builder Floor Apartment,Semi-Furnished,2.0,Unknown,3,Chandigarh,1000.0,3,3,4500000
Multistorey Apartment,Furnished,2.0,Unknown,2,Chandigarh,1400.0,3,2,16000000
Multistorey Apartment,Unfurnished,8.0,East,14,Jaipur,1000.0,5,5,74900000
Villa,Unfurnished,2.0,Unknown,2,Chandigarh,1000.0,3,2,15000000
Multistorey Apartment,Semi-Furnished,7.0,Unknown,4,Chandigarh,1000.0,3,3,4800000
Builder Floor Apartment,Unfurnished,2.0,North - West,3,Chandigarh,1750.0,3,3,15000000
Multistorey Apartment,Semi-Furnished,2.0,Unknown,3,Chandigarh,1500.0,4,2,20000000
Residential House,Unfurnished,3.0,Unknown,3,Chandigarh,1000.0,10,4,55000000
Builder Floor Apartment,Unfurnished,2.0,Unknown,3,Chandigarh,1000.0,4,3,20000000
Residential House,Semi-Furnished,2.0,Unknown,2,Chandigarh,1000.0,5,4,4000000
Builder Floor Apartment,Semi-Furnished,2.0,Unknown,2,Chandigarh,1000.0,3,3,2900000
Multistorey Apartment,Semi-Furnished,2.0,Unknown,14,Chandigarh,1000.0,3,3,4500000
Residential House,Semi-Furnished,2.0,Unknown,1,Chandigarh,1000.0,3,3,11000000
Residential House,Unfurnished,0.0,Unknown,2,Chandigarh,1000.0,6,4,55000000
Residential House,Semi-Furnished,3.0,Unknown,3,Chandigarh,1000.0,6,6,45000000
Residential House,Unfurnished,1.0,East,2,Chandigarh,1000.0,4,4,7000000
Residential House,Semi-Furnished,2.0,Unknown,2,Chandigarh,900.0,5,5,6000000
Residential House,Furnished,0.0,Unknown,4,Chandigarh,1000.0,6,5,56000000
Residential House,Semi-Furnished,0.0,Unknown,1,Chandigarh,1000.0,3,3,17500000
Multistorey Apartment,Unfurnished,1.0,Unknown,6,Chandigarh,1100.0,2,2,3700000
Residential House,Semi-Furnished,2.0,Unknown,3,Chandigarh,1150.0,3,3,18000000
Residential House,Semi-Furnished,0.0,East,2,Bhopal,1550.0,3,3,7800000
Multistorey Apartment,Semi-Furnished,3.0,East,7,Chandigarh,1000.0,3,3,4900000
Residential House,Semi-Furnished,0.0,South - East,1,Chandigarh,2600.0,5,3,80000000
Residential House,Unfurnished,0.0,Unknown,1,Bhopal,1000.0,2,1,8100000
Residential House,Semi-Furnished,0.0,Unknown,2,Bhopal,1000.0,3,2,7500000
Residential House,Unfurnished,2.0,Unknown,1,Bhopal,480.0,1,1,1200000
Multistorey Apartment,Unfurnished,1.0,East,3,Chandigarh,1000.0,3,3,4500000
Multistorey Apartment,Semi-Furnished,2.0,East,2,Chandigarh,1000.0,4,3,23000000
Villa,Furnished,2.0,East,2,Chandigarh,1000.0,4,4,37500000
Residential House,Semi-Furnished,0.0,Unknown,2,Bhopal,1000.0,3,2,3600000
Residential House,Semi-Furnished,0.0,Unknown,2,Bhopal,1000.0,5,4,2900000
Multistorey Apartment,Semi-Furnished,4.0,Unknown,4,Bhopal,1000.0,2,2,2600000
Residential House,Semi-Furnished,0.0,Unknown,2,Bhopal,1000.0,3,3,8500000
Villa,Semi-Furnished,2.0,Unknown,3,Bhopal,1000.0,5,5,10000000
Multistorey Apartment,Semi-Furnished,5.0,Unknown,6,Bhopal,1000.0,2,2,2000000
Multistorey Apartment,Unfurnished,0.0,Unknown,1,Bhopal,785.0,2,2,1500000
Builder Floor Apartment,Semi-Furnished,0.0,Unknown,4,Bhopal,1000.0,3,3,3600000
Multistorey Apartment,Unfurnished,2.0,East,4,Bhopal,1000.0,2,2,1800000
Multistorey Apartment,Unfurnished,2.0,East,6,Bhopal,1000.0,2,2,2000000
Residential House,Furnished,0.0,East,3,Bhopal,2250.0,4,5,9000000
Residential House,Unfurnished,1.0,East,2,Bhopal,1000.0,2,2,4000000
Multistorey Apartment,Semi-Furnished,1.0,East,4,Bhopal,1000.0,3,2,3500000
Builder Floor Apartment,Unfurnished,2.0,Unknown,3,Bhopal,1000.0,4,2,2650000
Multistorey Apartment,Semi-Furnished,3.0,West,4,Bhopal,800.0,2,2,2000000
Multistorey Apartment,Semi-Furnished,2.0,Unknown,5,Bhopal,1000.0,3,2,4500000
Residential House,Unfurnished,0.0,East,2,Bhopal,1000.0,5,5,7000000
Villa,Unfurnished,2.0,East,2,Bhopal,1800.0,5,3,5500000
Villa,Unfurnished,2.0,East,2,Bhopal,900.0,5,3,5500000
Multistorey Apartment,Semi-Furnished,1.0,Unknown,3,Bhopal,1000.0,3,2,5700000
Multistorey Apartment,Furnished,2.0,North - East,4,Bhopal,1000.0,2,2,2200000
Multistorey Apartment,Unfurnished,4.0,South,4,Bhopal,980.0,3,2,2400000
Villa,Semi-Furnished,2.0,East,2,Bhopal,1000.0,4,3,5800000
Multistorey Apartment,Unfurnished,6.0,North - East,18,Mumbai,410.0,1,2,10100000
Multistorey Apartment,Unfurnished,2.0,East,46,Mumbai,766.0,2,2,20300000
Multistorey Apartment,Unfurnished,25.0,East,30,Mumbai,1321.0,3,3,75000000
Multistorey Apartment,Unfurnished,30.0,East,57,Mumbai,3400.0,6,8,340000000
Multistorey Apartment,Semi-Furnished,5.0,North - East,16,Mumbai,780.0,2,2,27000000
Multistorey Apartment,Semi-Furnished,16.0,East,65,Mumbai,2900.0,6,8,162100000
Multistorey Apartment,Unfurnished,11.0,East,19,Mumbai,335.0,1,2,8000000
Multistorey Apartment,Semi-Furnished,10.0,East,35,Mumbai,518.0,1,2,6450000
Multistorey Apartment,Unfurnished,0.0,North - East,24,Mumbai,1056.0,3,4,40400000
Multistorey Apartment,Semi-Furnished,8.0,East,29,Mumbai,447.0,1,2,5800000
Multistorey Apartment,Semi-Furnished,17.0,East,20,Mumbai,718.0,2,2,9200000
Multistorey Apartment,Unfurnished,28.0,East,39,Mumbai,611.0,2,2,14500000
Multistorey Apartment,Unfurnished,2.0,West,21,Mumbai,425.0,1,2,13200000
Multistorey Apartment,Unfurnished,10.0,East,65,Mumbai,1737.0,3,4,61500000
Multistorey Apartment,Unfurnished,18.0,East,23,Mumbai,650.0,2,2,16400000
Multistorey Apartment,Unfurnished,40.0,East,40,Mumbai,644.0,2,2,18700000
Multistorey Apartment,Semi-Furnished,2.0,East,23,Mumbai,382.0,1,2,13800000
Multistorey Apartment,Semi-Furnished,15.0,North - East,16,Mumbai,777.0,2,2,10500000
Multistorey Apartment,Semi-Furnished,10.0,West,66,Mumbai,1315.0,3,3,35505000
Multistorey Apartment,Unfurnished,19.0,West,53,Mumbai,2894.0,4,4,210000000
Multistorey Apartment,Unfurnished,10.0,East,27,Mumbai,406.0,1,2,9500000
Multistorey Apartment,Unfurnished,5.0,East,21,Mumbai,490.0,1,1,5580000
Multistorey Apartment,Semi-Furnished,13.0,West,19,Mumbai,425.0,2,2,10300000
Multistorey Apartment,Unfurnished,2.0,East,4,Mumbai,534.0,2,2,13350000
Multistorey Apartment,Unfurnished,2.0,West,35,Mumbai,2300.0,4,5,170000000
Multistorey Apartment,Semi-Furnished,2.0,West,23,Mumbai,411.0,1,2,14200000
Multistorey Apartment,Unfurnished,20.0,East,50,Mumbai,730.0,3,4,53000000
Residential House,Semi-Furnished,2.0,North,2,Jaipur,800.0,2,3,4650000
Multistorey Apartment,Unfurnished,10.0,West,41,Mumbai,6246.0,5,7,750000000
Multistorey Apartment,Semi-Furnished,3.0,North,5,Jaipur,1000.0,3,3,11000000
Multistorey Apartment,Furnished,1.0,East,5,Jaipur,1850.0,4,3,6800000
Multistorey Apartment,Semi-Furnished,7.0,North - East,15,Jaipur,1500.0,3,2,9707000
Multistorey Apartment,Semi-Furnished,2.0,East,12,Jaipur,1000.0,2,2,5900000
Villa,Furnished,2.0,East,2,Jaipur,800.0,3,3,12500000
Multistorey Apartment,Semi-Furnished,4.0,West,10,Jaipur,872.0,3,3,6000000
Multistorey Apartment,Unfurnished,8.0,East,8,Jaipur,1000.0,3,3,7450000
Multistorey Apartment,Semi-Furnished,2.0,East,6,Jaipur,1000.0,3,3,4200000
Multistorey Apartment,Furnished,2.0,East,5,Jaipur,1280.0,3,3,5210000
Multistorey Apartment,Semi-Furnished,3.0,East,5,Jaipur,1020.0,3,2,4800000
Villa,Semi-Furnished,2.0,East,2,Jaipur,1000.0,3,3,7995000
Villa,Semi-Furnished,2.0,North,2,Jaipur,84.0,3,3,8000000
Multistorey Apartment,Furnished,2.0,East,6,Jaipur,1000.0,3,3,6700000
Multistorey Apartment,Furnished,2.0,East,5,Jaipur,1000.0,3,3,4551000
Villa,Unfurnished,2.0,Unknown,2,Jaipur,1558.0,3,3,9000000
Villa,Semi-Furnished,2.0,South,2,Jaipur,1500.0,3,2,4500000
Multistorey Apartment,Semi-Furnished,3.0,East,3,Jaipur,1000.0,3,2,4644400
Multistorey Apartment,Semi-Furnished,0.0,West,1,Jaipur,1200.0,3,3,7200000
Studio Apartment,Furnished,5.0,East,8,Jaipur,1000.0,3,1,4200000
Multistorey Apartment,Unfurnished,5.0,North,12,Jaipur,810.0,2,2,5500000
Multistorey Apartment,Furnished,4.0,East,12,Jaipur,1000.0,3,3,15000000
Residential House,Semi-Furnished,2.0,East,1,Jaipur,1400.0,3,2,10500000
Multistorey Apartment,Unfurnished,6.0,Unknown,11,Jaipur,783.0,2,2,4570560
Multistorey Apartment,Unfurnished,3.0,East,13,Jaipur,900.0,2,2,3960000
Villa,Semi-Furnished,2.0,East,2,Jaipur,1200.0,3,2,3600000
Villa,Semi-Furnished,2.0,East,2,Jaipur,1000.0,3,2,2990000
Villa,Semi-Furnished,2.0,East,2,Jaipur,1800.0,3,3,7500000
Multistorey Apartment,Furnished,1.0,Unknown,2,Chandigarh,650.0,2,2,5500000
Multistorey Apartment,Unfurnished,18.0,West,18,Chandigarh,1000.0,3,3,10000000
Residential House,Semi-Furnished,0.0,East,3,Chandigarh,1000.0,6,5,72500000
Residential House,Unfurnished,1.0,North - East,3,Chandigarh,600.0,5,4,25000000
Villa,Semi-Furnished,2.0,North,2,Jaipur,94.0,3,3,6800000
Builder Floor Apartment,Semi-Furnished,2.0,North - East,6,Chandigarh,1000.0,1,1,1850000
Multistorey Apartment,Semi-Furnished,1.0,Unknown,2,Chandigarh,1000.0,3,2,3000000
Builder Floor Apartment,Semi-Furnished,1.0,North - West,2,Chandigarh,1000.0,3,3,16500000
Residential House,Unfurnished,1.0,Unknown,1,Chandigarh,1000.0,4,2,4500000
Villa,Unfurnished,2.0,Unknown,4,Chandigarh,3000.0,3,2,60000000
Multistorey Apartment,Semi-Furnished,6.0,East,6,Chandigarh,1000.0,3,3,4500000
Multistorey Apartment,Unfurnished,2.0,North - East,3,Chandigarh,1450.0,4,3,20000000
Residential House,Semi-Furnished,0.0,North - West,2,Chandigarh,4000.0,6,5,115000000
Villa,Unfurnished,2.0,North - East,2,Chandigarh,2.0,5,5,150000000
Multistorey Apartment,Semi-Furnished,5.0,East,11,Chandigarh,963.0,3,3,6790000
Multistorey Apartment,Semi-Furnished,2.0,East,4,Chandigarh,1250.0,3,3,7490000
Builder Floor Apartment,Semi-Furnished,0.0,North - East,5,Chandigarh,2300.0,4,4,11300000
Multistorey Apartment,Semi-Furnished,12.0,North - East,13,Chandigarh,1000.0,4,4,26000000
Multistorey Apartment,Semi-Furnished,0.0,East,1,Chandigarh,1000.0,2,2,2000000
Multistorey Apartment,Semi-Furnished,4.0,Unknown,10,Chandigarh,1000.0,3,3,8500000
Multistorey Apartment,Semi-Furnished,4.0,East,11,Chandigarh,1258.0,3,3,6980000
Residential House,Unfurnished,0.0,North - East,2,Chandigarh,250.0,4,4,65000000
Residential House,Furnished,2.0,North - East,3,Chandigarh,3100.0,3,6,45000000
Multistorey Apartment,Semi-Furnished,2.0,North - East,2,Chandigarh,1000.0,3,2,13500000
Villa,Unfurnished,2.0,North - East,3,Chandigarh,1.0,6,6,100000000
Multistorey Apartment,Semi-Furnished,2.0,North - East,4,Chandigarh,1210.0,3,3,6490000
Multistorey Apartment,Semi-Furnished,7.0,Unknown,7,Bhopal,1400.0,4,4,6200000
Multistorey Apartment,Semi-Furnished,2.0,North - East,12,Chandigarh,1375.0,3,3,6500000
Multistorey Apartment,Semi-Furnished,3.0,East,3,Bhopal,600.0,2,1,1500000
Multistorey Apartment,Unfurnished,2.0,North,5,Bhopal,103.0,3,2,2650000
Multistorey Apartment,Semi-Furnished,1.0,North,4,Bhopal,760.0,2,2,1999999
Multistorey Apartment,Semi-Furnished,1.0,Unknown,6,Bhopal,1350.0,3,3,5100000
Multistorey Apartment,Unfurnished,3.0,East,10,Chandigarh,1297.0,3,3,7700000
Multistorey Apartment,Unfurnished,3.0,West,4,Bhopal,525.0,2,2,1500000
Multistorey Apartment,Unfurnished,2.0,Unknown,2,Bhopal,300.0,1,1,1100000
Multistorey Apartment,Semi-Furnished,4.0,East,6,Bhopal,562.0,2,2,2200000
Villa,Semi-Furnished,2.0,East,2,Bhopal,1400.0,3,3,5500000
Multistorey Apartment,Unfurnished,1.0,Unknown,6,Bhopal,2000.0,4,3,5400000
Multistorey Apartment,Unfurnished,5.0,Unknown,6,Bhopal,1000.0,2,1,1600000
Villa,Semi-Furnished,2.0,West,2,Bhopal,1000.0,4,2,7000000
Multistorey Apartment,Unfurnished,1.0,North - West,4,Bhopal,650.0,2,2,2800000
Multistorey Apartment,Unfurnished,6.0,Unknown,6,Bhopal,1000.0,3,2,3100000
Multistorey Apartment,Unfurnished,5.0,East,6,Bhopal,969.0,3,2,2300000
Residential House,Furnished,0.0,Unknown,2,Bhopal,1000.0,2,2,3500000
Multistorey Apartment,Semi-Furnished,2.0,Unknown,3,Bhopal,450.0,1,1,750000
Builder Floor Apartment,Unfurnished,2.0,Unknown,6,Bhopal,1000.0,2,2,1150000
Builder Floor Apartment,Unfurnished,1.0,North - East,4,Bhopal,1100.0,2,2,4000000
Multistorey Apartment,Unfurnished,3.0,Unknown,4,Bhopal,1000.0,2,2,2400000
Residential House,Unfurnished,1.0,Unknown,2,Bhopal,1000.0,3,2,15000000
Villa,Semi-Furnished,2.0,Unknown,2,Bhopal,1100.0,3,3,6500000
Multistorey Apartment,Semi-Furnished,10.0,East,19,Mumbai,350.0,1,2,8000000
Multistorey Apartment,Unfurnished,4.0,East,6,Bhopal,550.0,1,1,1500000
Multistorey Apartment,Furnished,3.0,North,6,Bhopal,1200.0,3,3,5600000
Multistorey Apartment,Unfurnished,7.0,East,11,Mumbai,295.0,1,1,9000000
Multistorey Apartment,Unfurnished,2.0,West,14,Mumbai,1347.0,3,4,71600000
Multistorey Apartment,Unfurnished,12.0,West,20,Mumbai,335.0,1,2,9191000
Multistorey Apartment,Unfurnished,13.0,East,45,Mumbai,1514.0,4,4,37500000
Multistorey Apartment,Unfurnished,28.0,East,50,Mumbai,570.0,2,2,14000000
Multistorey Apartment,Unfurnished,2.0,East,15,Mumbai,615.0,2,2,13100000
Multistorey Apartment,Unfurnished,0.0,West,18,Mumbai,1000.0,3,3,37400000
Builder Floor Apartment,Unfurnished,2.0,East,6,Mumbai,882.0,2,2,38500000
Multistorey Apartment,Unfurnished,1.0,East,2,Mumbai,1000.0,1,1,2900000
Multistorey Apartment,Unfurnished,2.0,North - East,33,Mumbai,540.0,2,2,14000000
Multistorey Apartment,Unfurnished,16.0,West,47,Mumbai,462.0,1,2,11800000
Multistorey Apartment,Unfurnished,12.0,East,16,Mumbai,668.0,2,3,16700000
Multistorey Apartment,Unfurnished,-0.5,East,20,Mumbai,615.0,2,2,15000000
Multistorey Apartment,Semi-Furnished,2.0,North - West,14,Mumbai,364.0,1,2,3800000
Multistorey Apartment,Unfurnished,14.0,North - East,22,Mumbai,600.0,2,2,17500000
Multistorey Apartment,Semi-Furnished,3.0,East,22,Mumbai,427.0,1,2,6200000
Multistorey Apartment,Semi-Furnished,2.0,East,19,Mumbai,445.0,1,2,10500000
Multistorey Apartment,Unfurnished,5.0,East,16,Mumbai,712.0,2,2,17500000
Multistorey Apartment,Unfurnished,20.0,East,47,Mumbai,618.0,2,2,15200000
Multistorey Apartment,Unfurnished,20.0,East,40,Mumbai,870.0,3,3,24000000
Multistorey Apartment,Unfurnished,39.0,North - East,68,Mumbai,1350.0,3,5,94600000
Multistorey Apartment,Semi-Furnished,60.0,North - East,67,Mumbai,970.0,3,3,18500000
Multistorey Apartment,Unfurnished,12.0,East,25,Mumbai,915.0,3,2,18000000
Multistorey Apartment,Semi-Furnished,38.0,East,77,Mumbai,1374.0,3,3,75000000
Villa,Semi-Furnished,2.0,East,2,Jaipur,1600.0,3,2,7800000
Multistorey Apartment,Semi-Furnished,12.0,Unknown,35,Mumbai,1000.0,4,4,69200000
Multistorey Apartment,Unfurnished,5.0,East,12,Jaipur,1000.0,2,2,5300000
Multistorey Apartment,Semi-Furnished,8.0,Unknown,11,Jaipur,1000.0,2,2,3100000
Multistorey Apartment,Furnished,5.0,East,10,Jaipur,648.0,2,2,4800000
Villa,Semi-Furnished,2.0,Unknown,1,Jaipur,111.0,2,2,3600000
Residential House,Furnished,0.0,Unknown,3,Jaipur,1000.0,3,3,15500000
Residential House,Semi-Furnished,2.0,Unknown,5,Jaipur,4500.0,5,4,50000000
Villa,Furnished,2.0,East,3,Jaipur,6000.0,7,6,32500000
Multistorey Apartment,Furnished,2.0,Unknown,12,Jaipur,1000.0,3,3,8590000
Residential House,Unfurnished,2.0,North,1,Jaipur,110.0,1,2,11000000
Multistorey Apartment,Semi-Furnished,1.0,East,3,Jaipur,750.0,2,2,2500000
Multistorey Apartment,Unfurnished,2.0,North,4,Jaipur,1100.0,2,2,4200000
Builder Floor Apartment,Semi-Furnished,3.0,Unknown,3,Jaipur,1000.0,3,2,2000000
Multistorey Apartment,Unfurnished,0.0,Unknown,3,Jaipur,1300.0,3,3,6500000
Multistorey Apartment,Semi-Furnished,2.0,East,6,Jaipur,1000.0,3,3,5390000
Villa,Semi-Furnished,2.0,East,2,Jaipur,80.0,3,3,7900000
Multistorey Apartment,Semi-Furnished,3.0,Unknown,4,Jaipur,780.0,2,2,3500000
Multistorey Apartment,Semi-Furnished,1.0,East,12,Jaipur,1130.0,3,3,10000000
Multistorey Apartment,Unfurnished,3.0,East,4,Jaipur,1400.0,3,2,3500000
Residential House,Semi-Furnished,1.0,South,2,Jaipur,2500.0,4,4,18100000
Multistorey Apartment,Unfurnished,2.0,East,3,Jaipur,1050.0,3,2,4000000
Multistorey Apartment,Semi-Furnished,1.0,East,5,Jaipur,1300.0,4,3,6051000
Multistorey Apartment,Semi-Furnished,3.0,North,5,Jaipur,1000.0,3,3,5300000
Villa,Semi-Furnished,2.0,East,2,Jaipur,600.0,2,1,2400000
Villa,Unfurnished,2.0,North - West,2,Chandigarh,4050.0,6,5,135000000
Residential House,Unfurnished,2.0,Unknown,1,Jaipur,111.0,2,1,4000000
Multistorey Apartment,Unfurnished,4.0,East,10,Jaipur,1000.0,4,4,9400000
Multistorey Apartment,Semi-Furnished,3.0,North - East,14,Chandigarh,1022.0,3,3,8900000
Multistorey Apartment,Semi-Furnished,2.0,Unknown,4,Chandigarh,1000.0,3,3,7900000
Multistorey Apartment,Furnished,5.0,North - East,5,Chandigarh,1200.0,3,3,7500000
Residential House,Unfurnished,0.0,East,1,Chandigarh,2400.0,4,4,48500000
Villa,Semi-Furnished,2.0,North - East,3,Chandigarh,7.0,3,6,45000000
Builder Floor Apartment,Semi-Furnished,0.0,North - East,3,Chandigarh,1000.0,3,6,46500000
Multistorey Apartment,Semi-Furnished,2.0,East,2,Chandigarh,1600.0,4,4,20000000
Villa,Semi-Furnished,2.0,East,2,Chandigarh,2.0,6,5,220000000
Builder Floor Apartment,Semi-Furnished,1.0,Unknown,3,Chandigarh,900.0,2,2,2700000
Multistorey Apartment,Unfurnished,10.0,North - East,21,Chandigarh,1580.0,3,3,11000000
Multistorey Apartment,Semi-Furnished,11.0,Unknown,11,Chandigarh,1000.0,2,2,6000000
Multistorey Apartment,Unfurnished,1.0,Unknown,3,Chandigarh,1150.0,3,2,11000000
Residential House,Unfurnished,2.0,South - East,1,Chandigarh,2200.0,3,3,50000000
Builder Floor Apartment,Unfurnished,1.0,East,3,Chandigarh,1000.0,3,3,4800000
Multistorey Apartment,Semi-Furnished,5.0,North - East,10,Chandigarh,1540.0,4,4,15300000
Multistorey Apartment,Semi-Furnished,2.0,North - East,2,Chandigarh,1000.0,3,3,19500000
Villa,Unfurnished,2.0,North - West,3,Chandigarh,4800.0,3,2,65500000
Multistorey Apartment,Semi-Furnished,1.0,North - East,3,Chandigarh,1150.0,3,2,14500000
Residential House,Semi-Furnished,2.0,East,2,Bhopal,800.0,3,2,4500000
Residential House,Unfurnished,3.0,Unknown,3,Bhopal,1000.0,6,6,12500000
Builder Floor Apartment,Unfurnished,2.0,Unknown,2,Bhopal,1000.0,2,2,2400000
Residential House,Semi-Furnished,2.0,Unknown,2,Bhopal,2400.0,7,4,18000000
Multistorey Apartment,Unfurnished,6.0,Unknown,6,Bhopal,937.0,3,3,2500000
Residential House,Semi-Furnished,2.0,Unknown,2,Bhopal,1500.0,7,5,7950000
Residential House,Unknown,2.0,Unknown,4,Bhopal,1000.0,7,2,12000000
Residential House,Semi-Furnished,2.0,West,2,Bhopal,800.0,3,3,3800000
Villa,Unfurnished,2.0,East,2,Bhopal,1000.0,3,3,3900000
Residential House,Unfurnished,2.0,East,2,Bhopal,1500.0,4,4,6500000
Residential House,Semi-Furnished,0.0,North,1,Bhopal,4358.0,5,4,50000000
Residential House,Unfurnished,0.0,Unknown,1,Bhopal,1000.0,3,2,4000000
Multistorey Apartment,Unfurnished,6.0,North - East,6,Bhopal,1000.0,3,3,3800000
Multistorey Apartment,Semi-Furnished,3.0,North - East,5,Bhopal,650.0,2,2,2000000
Multistorey Apartment,Semi-Furnished,1.0,East,6,Bhopal,742.0,2,2,2065000
Multistorey Apartment,Semi-Furnished,1.0,East,2,Bhopal,900.0,2,2,2600000
Multistorey Apartment,Unfurnished,7.0,North,7,Bhopal,1800.0,3,3,3000000
Villa,Semi-Furnished,2.0,East,2,Bhopal,1600.0,4,3,18000000
Residential House,Semi-Furnished,0.0,Unknown,1,Bhopal,3450.0,6,4,60000000
Multistorey Apartment,Unfurnished,4.0,East,6,Bhopal,650.0,2,2,2300000
Residential House,Furnished,2.0,Unknown,2,Bhopal,1000.0,3,3,5200000
Multistorey Apartment,Unfurnished,1.0,East,4,Bhopal,550.0,2,1,1399999
Villa,Unfurnished,2.0,East,3,Bhopal,2000.0,5,4,14000000
Villa,Furnished,2.0,East,2,Bhopal,1200.0,4,4,7500000
Multistorey Apartment,Unfurnished,5.0,North,33,Mumbai,425.0,1,2,8800000
Multistorey Apartment,Unfurnished,16.0,West,22,Mumbai,370.0,1,2,16000000
Multistorey Apartment,Unfurnished,6.0,East,17,Mumbai,1148.0,3,3,34200000
Multistorey Apartment,Semi-Furnished,0.0,East,16,Mumbai,820.0,2,2,36700000
Multistorey Apartment,Semi-Furnished,20.0,North - East,63,Mumbai,945.0,2,2,33500000
Multistorey Apartment,Unfurnished,27.0,West,65,Mumbai,1717.0,4,5,90000000
Multistorey Apartment,Semi-Furnished,8.0,East,22,Mumbai,1925.0,4,5,135000000
Multistorey Apartment,Unfurnished,2.0,North - East,39,Mumbai,424.0,1,1,11300000
Multistorey Apartment,Semi-Furnished,19.0,West,43,Mumbai,977.0,3,3,32100000
Multistorey Apartment,Unfurnished,10.0,North,20,Mumbai,780.0,2,2,24000000
Multistorey Apartment,Semi-Furnished,12.0,West,44,Mumbai,777.0,2,2,27100000
Multistorey Apartment,Semi-Furnished,3.0,East,55,Mumbai,720.0,2,2,21000000
Multistorey Apartment,Unfurnished,13.0,North - East,61,Mumbai,1034.0,3,3,38000000
Multistorey Apartment,Unfurnished,6.0,East,25,Mumbai,944.0,2,2,55400000
Multistorey Apartment,Unfurnished,2.0,North - East,30,Mumbai,885.0,2,3,52000000
Residential House,Unfurnished,1.0,West,2,Bhopal,1200.0,3,3,8000000
Multistorey Apartment,Semi-Furnished,2.0,North,5,Mumbai,500.0,1,2,11000000
Multistorey Apartment,Unfurnished,12.0,East,18,Mumbai,650.0,2,2,15500000
Multistorey Apartment,Unfurnished,1.0,East,2,Mumbai,617.0,2,1,22500000
Multistorey Apartment,Unfurnished,2.0,Unknown,4,Mumbai,783.0,2,2,23900000
Multistorey Apartment,Unfurnished,20.0,North - West,57,Mumbai,462.0,1,2,10500000
Multistorey Apartment,Unfurnished,65.0,North - East,78,Mumbai,890.0,2,2,46500000
Multistorey Apartment,Semi-Furnished,7.0,West,43,Mumbai,1650.0,3,4,67000000
Multistorey Apartment,Unfurnished,45.0,East,50,Mumbai,1233.0,3,3,49500000
Multistorey Apartment,Furnished,7.0,North,22,Mumbai,465.0,1,2,13500000
Multistorey Apartment,Unfurnished,6.0,North - East,37,Mumbai,650.0,2,2,19100000
Villa,Semi-Furnished,2.0,East,2,Jaipur,1000.0,3,3,8500000
Builder Floor Apartment,Unfurnished,2.0,East,5,Jaipur,1000.0,4,3,6800000
Villa,Furnished,2.0,East,3,Jaipur,5000.0,5,7,22500000
Multistorey Apartment,Unfurnished,10.0,East,12,Jaipur,2500.0,4,4,40000000
Multistorey Apartment,Unfurnished,2.0,East,6,Jaipur,1000.0,3,2,5000000
Builder Floor Apartment,Semi-Furnished,2.0,East,5,Jaipur,1000.0,3,3,4900000
Multistorey Apartment,Semi-Furnished,2.0,Unknown,6,Jaipur,1000.0,2,2,4120000
Multistorey Apartment,Semi-Furnished,4.0,East,6,Jaipur,1650.0,4,4,6500000
Multistorey Apartment,Unfurnished,1.0,East,6,Jaipur,1000.0,3,3,4500000
Multistorey Apartment,Semi-Furnished,6.0,East,14,Jaipur,1731.0,4,6,12151450
Multistorey Apartment,Semi-Furnished,2.0,East,6,Jaipur,1250.0,3,3,5000000
Multistorey Apartment,Unfurnished,3.0,East,14,Jaipur,1000.0,2,2,5117000
Multistorey Apartment,Semi-Furnished,4.0,North,6,Jaipur,1000.0,3,3,6588700
Multistorey Apartment,Semi-Furnished,1.0,East,5,Jaipur,1000.0,3,3,5700000
Multistorey Apartment,Semi-Furnished,2.0,East,6,Jaipur,1000.0,3,2,4890000
Residential House,Semi-Furnished,0.0,East,2,Jaipur,1000.0,5,4,6800000
Multistorey Apartment,Unfurnished,6.0,East,4,Jaipur,1000.0,2,2,5826000
Multistorey Apartment,Semi-Furnished,1.0,East,5,Jaipur,950.0,2,2,2800000
Multistorey Apartment,Unfurnished,1.0,North - East,6,Jaipur,1115.0,3,2,4654000
Villa,Semi-Furnished,2.0,East,2,Jaipur,1000.0,4,3,4200000
Multistorey Apartment,Furnished,1.0,South,3,Jaipur,1120.0,3,3,4990000
Multistorey Apartment,Semi-Furnished,2.0,East,6,Jaipur,1000.0,3,3,4550000
Multistorey Apartment,Semi-Furnished,1.0,East,3,Chandigarh,1000.0,3,2,3349000
Multistorey Apartment,Unfurnished,5.0,North - East,11,Chandigarh,1450.0,3,3,6990000
Multistorey Apartment,Unfurnished,3.0,East,5,Jaipur,1250.0,3,2,5500000
Multistorey Apartment,Semi-Furnished,1.0,East,5,Jaipur,1240.0,3,3,5400000
Villa,Semi-Furnished,2.0,East,2,Jaipur,115.0,3,3,8000000
Residential House,Semi-Furnished,0.0,North - West,3,Chandigarh,1000.0,6,5,72000000
Multistorey Apartment,Unfurnished,2.0,North - East,13,Chandigarh,2500.0,4,4,18000000
Multistorey Apartment,Semi-Furnished,4.0,North - East,4,Chandigarh,1390.0,3,3,7990000
Studio Apartment,Semi-Furnished,2.0,Unknown,6,Chandigarh,1000.0,3,2,4446750
Multistorey Apartment,Furnished,2.0,Unknown,6,Chandigarh,1000.0,2,2,5671320
Multistorey Apartment,Semi-Furnished,1.0,East,14,Chandigarh,1400.0,3,3,7200000
Multistorey Apartment,Semi-Furnished,12.0,West,22,Chandigarh,1000.0,3,3,10500000
Studio Apartment,Semi-Furnished,2.0,Unknown,5,Chandigarh,1000.0,3,1,3200000
Multistorey Apartment,Unfurnished,5.0,East,14,Chandigarh,1000.0,3,3,12500000
Multistorey Apartment,Semi-Furnished,2.0,Unknown,13,Chandigarh,1000.0,2,2,8039800
Multistorey Apartment,Unfurnished,3.0,Unknown,6,Bhopal,970.0,3,2,3550000
Multistorey Apartment,Semi-Furnished,2.0,Unknown,4,Chandigarh,1000.0,3,3,10600000
Multistorey Apartment,Unfurnished,2.0,Unknown,4,Bhopal,1000.0,3,3,3500000
Multistorey Apartment,Semi-Furnished,4.0,Unknown,7,Bhopal,900.0,3,2,2650000
Residential House,Furnished,2.0,Unknown,2,Bhopal,1000.0,4,5,30000000
Residential House,Furnished,0.0,West,1,Bhopal,1000.0,3,3,10500000
Multistorey Apartment,Unfurnished,1.0,Unknown,14,Bhopal,1000.0,3,3,13500000
Villa,Furnished,2.0,West,3,Bhopal,1000.0,4,4,9500000
Multistorey Apartment,Unfurnished,2.0,West,4,Bhopal,780.0,3,3,2200000
Residential House,Unfurnished,0.0,Unknown,2,Bhopal,1000.0,3,2,2500000
Residential House,Furnished,0.0,East,1,Bhopal,1000.0,2,1,2000000
Multistorey Apartment,Furnished,6.0,Unknown,6,Bhopal,1000.0,2,2,2600000
Multistorey Apartment,Furnished,2.0,Unknown,4,Bhopal,1000.0,2,2,4250000
Residential House,Unknown,2.0,Unknown,4,Bhopal,1000.0,5,2,6500000
Multistorey Apartment,Unfurnished,6.0,South,6,Bhopal,1452.0,4,3,5800000
Multistorey Apartment,Unknown,2.0,Unknown,4,Bhopal,1000.0,1,2,1500000
Multistorey Apartment,Unfurnished,1.0,East,6,Bhopal,750.0,2,2,2200000
Multistorey Apartment,Unfurnished,1.0,Unknown,4,Bhopal,1000.0,2,2,2500000
Multistorey Apartment,Unfurnished,0.0,Unknown,2,Bhopal,600.0,2,2,1600000
Residential House,Unfurnished,0.0,West,2,Bhopal,1000.0,3,5,20000000
Multistorey Apartment,Unfurnished,24.0,East,33,Mumbai,810.0,2,2,12300000
Multistorey Apartment,Unfurnished,2.0,East,60,Mumbai,1490.0,3,4,82500000
Multistorey Apartment,Semi-Furnished,32.0,East,42,Mumbai,2179.0,4,6,110000000
Multistorey Apartment,Semi-Furnished,2.0,North - East,22,Mumbai,777.0,2,2,32500000
Multistorey Apartment,Furnished,5.0,North - East,7,Mumbai,390.0,1,2,12000000
Multistorey Apartment,Unfurnished,15.0,North - East,33,Mumbai,727.0,2,3,12500000
Multistorey Apartment,Semi-Furnished,33.0,West,54,Mumbai,890.0,3,1,32000000
Multistorey Apartment,Semi-Furnished,23.0,North - East,56,Mumbai,2100.0,3,3,50000000
Multistorey Apartment,Semi-Furnished,2.0,North,43,Mumbai,1100.0,3,3,45000000
Multistorey Apartment,Furnished,4.0,East,7,Mumbai,800.0,2,2,29000000
Multistorey Apartment,Unfurnished,10.0,East,50,Mumbai,650.0,2,2,18000000
Multistorey Apartment,Unfurnished,19.0,North - West,38,Mumbai,836.0,2,3,24100000
Multistorey Apartment,Unfurnished,66.0,West,77,Mumbai,5000.0,5,6,340000000
Multistorey Apartment,Unfurnished,19.0,East,45,Mumbai,723.0,2,2,18000000
Multistorey Apartment,Unfurnished,2.0,North - East,22,Mumbai,700.0,2,2,9000000
Multistorey Apartment,Unfurnished,11.0,North - East,22,Mumbai,425.0,1,1,11500000
Multistorey Apartment,Unfurnished,19.0,East,25,Mumbai,685.0,2,2,18500000
Multistorey Apartment,Semi-Furnished,55.0,North - East,66,Mumbai,1268.0,3,3,75000000
Multistorey Apartment,Unfurnished,18.0,East,22,Mumbai,761.0,2,2,19000000
Multistorey Apartment,Semi-Furnished,0.0,East,6,Jaipur,1250.0,4,3,7500000
Multistorey Apartment,Unfurnished,20.0,North - West,43,Mumbai,687.0,3,2,18500000
Multistorey Apartment,Unfurnished,5.0,East,12,Jaipur,2800.0,4,3,18300000
Multistorey Apartment,Unfurnished,11.0,East,41,Mumbai,493.0,1,2,6370000
Multistorey Apartment,Semi-Furnished,2.0,North,22,Mumbai,445.0,1,2,12500000
Multistorey Apartment,Semi-Furnished,30.0,East,78,Mumbai,980.0,3,3,49500000
Multistorey Apartment,Semi-Furnished,5.0,West,6,Jaipur,1300.0,3,3,5300000
Multistorey Apartment,Semi-Furnished,2.0,East,5,Jaipur,1000.0,4,3,5690000
Multistorey Apartment,Semi-Furnished,4.0,East,6,Jaipur,920.0,3,3,4500000
Multistorey Apartment,Semi-Furnished,3.0,East,6,Jaipur,1000.0,3,3,5990000
Builder Floor Apartment,Semi-Furnished,3.0,South -West,5,Jaipur,1000.0,3,2,3900000
Multistorey Apartment,Semi-Furnished,2.0,North,6,Jaipur,1000.0,3,3,17500000
Residential House,Furnished,2.0,West,3,Jaipur,6500.0,6,6,105000000
Multistorey Apartment,Furnished,1.0,East,6,Jaipur,1600.0,4,4,12500000
Multistorey Apartment,Semi-Furnished,1.0,North - East,6,Jaipur,1091.0,3,2,6000000
Multistorey Apartment,Furnished,1.0,East,6,Jaipur,1000.0,3,3,10500000
Multistorey Apartment,Semi-Furnished,3.0,East,6,Jaipur,1000.0,3,2,6315000
Multistorey Apartment,Semi-Furnished,2.0,Unknown,4,Jaipur,1000.0,2,2,3450000
Multistorey Apartment,Semi-Furnished,1.0,North,6,Jaipur,1000.0,3,2,4600000
Multistorey Apartment,Semi-Furnished,2.0,Unknown,13,Jaipur,1000.0,2,2,1825000
Multistorey Apartment,Unfurnished,1.0,North,5,Jaipur,1170.0,3,2,5500000
Multistorey Apartment,Semi-Furnished,2.0,Unknown,12,Jaipur,1000.0,2,2,2590000
Multistorey Apartment,Unfurnished,5.0,East,18,Jaipur,2221.0,4,6,52720000
Villa,Semi-Furnished,2.0,West,2,Jaipur,1000.0,4,5,8700000
Builder Floor Apartment,Semi-Furnished,1.0,East,5,Jaipur,1350.0,4,4,6800000
Multistorey Apartment,Semi-Furnished,5.0,East,6,Jaipur,1000.0,3,2,6350000
Multistorey Apartment,Unfurnished,2.0,Unknown,4,Jaipur,1000.0,2,2,4850000
Multistorey Apartment,Unfurnished,2.0,Unknown,14,Jaipur,1000.0,2,2,5411890
Multistorey Apartment,Unfurnished,2.0,Unknown,4,Jaipur,1000.0,3,3,7134400
Multistorey Apartment,Semi-Furnished,2.0,Unknown,4,Jaipur,1000.0,2,2,4100000
Multistorey Apartment,Furnished,1.0,East,5,Jaipur,1350.0,3,3,6000000
Multistorey Apartment,Unfurnished,1.0,Unknown,13,Jaipur,1000.0,2,2,6716500
Multistorey Apartment,Furnished,6.0,North - East,13,Chandigarh,1676.0,3,3,13200000
Multistorey Apartment,Semi-Furnished,1.0,East,17,Chandigarh,1300.0,3,3,8500000
Multistorey Apartment,Semi-Furnished,4.0,East,10,Chandigarh,1450.0,3,3,7190000
Multistorey Apartment,Semi-Furnished,6.0,East,12,Chandigarh,1000.0,3,3,13500000
Residential House,Furnished,3.0,North - West,3,Chandigarh,1000.0,5,4,60000000
Multistorey Apartment,Semi-Furnished,1.0,Unknown,3,Chandigarh,2096.0,4,4,16000000
Villa,Semi-Furnished,2.0,East,5,Chandigarh,3500.0,5,6,15100000
Multistorey Apartment,Semi-Furnished,2.0,East,7,Chandigarh,1320.0,3,3,6250000
Multistorey Apartment,Semi-Furnished,6.0,North - East,12,Chandigarh,1574.0,4,4,10500000
Multistorey Apartment,Unfurnished,7.0,North - East,16,Chandigarh,1000.0,3,3,7234000
Villa,Unfurnished,2.0,North - East,1,Chandigarh,1411.0,3,3,120000000
Multistorey Apartment,Unfurnished,6.0,South,11,Chandigarh,1750.0,4,4,12000000
Multistorey Apartment,Semi-Furnished,6.0,North - East,8,Chandigarh,950.0,3,3,7000000
Multistorey Apartment,Unfurnished,1.0,North - East,3,Chandigarh,1100.0,3,2,14000000
Multistorey Apartment,Semi-Furnished,1.0,North - East,3,Chandigarh,1050.0,3,3,6825000
Builder Floor Apartment,Semi-Furnished,3.0,East,4,Chandigarh,750.0,3,2,3000000
Multistorey Apartment,Semi-Furnished,5.0,North - East,13,Chandigarh,1000.0,3,3,13100000
Multistorey Apartment,Semi-Furnished,4.0,North - East,16,Chandigarh,1448.0,3,3,7499999
Multistorey Apartment,Semi-Furnished,4.0,North - East,14,Chandigarh,1320.0,3,4,14306530
Multistorey Apartment,Semi-Furnished,5.0,North - East,14,Chandigarh,1050.0,3,3,10574000
Multistorey Apartment,Semi-Furnished,6.0,North - East,10,Chandigarh,1000.0,3,3,6650000
Multistorey Apartment,Furnished,3.0,North - East,3,Chandigarh,1000.0,3,2,3700000
Multistorey Apartment,Unfurnished,3.0,Unknown,3,Bhopal,590.0,2,2,1700000
Multistorey Apartment,Unfurnished,2.0,Unknown,6,Bhopal,1000.0,2,1,1000000
Multistorey Apartment,Unfurnished,1.0,West,6,Bhopal,489.0,2,2,1700000
Residential House,Unfurnished,0.0,Unknown,2,Bhopal,1000.0,4,2,8000000
Residential House,Semi-Furnished,0.0,North - East,1,Bhopal,1000.0,2,2,4800000
Builder Floor Apartment,Semi-Furnished,1.0,Unknown,3,Bhopal,1000.0,2,2,2500000
Multistorey Apartment,Unfurnished,4.0,West,7,Bhopal,933.0,3,2,4800000
Multistorey Apartment,Unfurnished,4.0,West,7,Bhopal,1005.0,3,2,5500000
Residential House,Unfurnished,1.0,West,2,Bhopal,750.0,3,3,5000000
Residential House,Unfurnished,0.0,Unknown,1,Bhopal,800.0,2,2,3100000
Residential House,Furnished,2.0,North - West,2,Bhopal,2500.0,4,4,6500000
Multistorey Apartment,Unfurnished,5.0,North - East,6,Bhopal,1100.0,3,3,4200000
Multistorey Apartment,Furnished,3.0,North,6,Bhopal,800.0,2,2,2250000
Villa,Unfurnished,2.0,South,1,Bhopal,1200.0,3,2,19500000
Multistorey Apartment,Unfurnished,15.0,North - East,37,Mumbai,710.0,2,2,19500000
Multistorey Apartment,Unfurnished,5.0,Unknown,6,Bhopal,1000.0,3,2,4000000
Multistorey Apartment,Unfurnished,12.0,North - East,24,Mumbai,1055.0,3,4,36000000
Multistorey Apartment,Unfurnished,3.0,Unknown,4,Bhopal,350.0,1,1,1000000
Multistorey Apartment,Unfurnished,20.0,East,64,Mumbai,748.0,2,2,19500000
Multistorey Apartment,Unfurnished,6.0,East,21,Mumbai,1286.0,3,3,38000000
Multistorey Apartment,Semi-Furnished,20.0,East,23,Mumbai,568.0,2,2,19900000
Multistorey Apartment,Unfurnished,10.0,East,16,Mumbai,1122.0,3,4,26500000
Multistorey Apartment,Unfurnished,2.0,North - East,69,Mumbai,2500.0,4,5,130000000
Multistorey Apartment,Unfurnished,5.0,North,19,Mumbai,700.0,2,2,17000000
Multistorey Apartment,Unfurnished,2.0,East,16,Mumbai,1014.0,3,3,30000000
Multistorey Apartment,Furnished,15.0,North - East,78,Mumbai,2696.0,4,6,130000000
Multistorey Apartment,Unfurnished,10.0,West,12,Mumbai,2089.0,4,5,139800000
Residential House,Semi-Furnished,0.0,West,3,Jaipur,2400.0,4,4,11500000
Multistorey Apartment,Semi-Furnished,2.0,East,5,Jaipur,1000.0,4,3,20800000
Multistorey Apartment,Unfurnished,2.0,South -West,12,Jaipur,345.0,1,1,2100000
Multistorey Apartment,Unfurnished,15.0,East,22,Mumbai,326.0,1,2,8700000
Multistorey Apartment,Semi-Furnished,5.0,North,15,Jaipur,1000.0,3,3,9377500
Multistorey Apartment,Unfurnished,5.0,East,11,Jaipur,1000.0,3,3,5082000
Multistorey Apartment,Furnished,5.0,East,14,Jaipur,980.0,3,3,6195000
Multistorey Apartment,Unfurnished,1.0,East,12,Jaipur,1000.0,1,1,1999000
Multistorey Apartment,Semi-Furnished,3.0,West,3,Jaipur,1059.0,3,3,6217400
Multistorey Apartment,Semi-Furnished,2.0,East,12,Chandigarh,1250.0,3,3,9500000
Multistorey Apartment,Semi-Furnished,11.0,West,24,Chandigarh,1220.0,3,3,12000000
Multistorey Apartment,Semi-Furnished,11.0,North - East,13,Chandigarh,1000.0,3,4,12000000
Multistorey Apartment,Semi-Furnished,7.0,East,17,Chandigarh,1000.0,3,4,15000000
Multistorey Apartment,Semi-Furnished,3.0,North - East,12,Chandigarh,1730.0,3,3,11750000
Multistorey Apartment,Unfurnished,2.0,North - East,14,Chandigarh,1023.0,3,3,10225000
Multistorey Apartment,Unfurnished,5.0,East,11,Chandigarh,1100.0,3,3,9690000
Multistorey Apartment,Unfurnished,2.0,East,4,Chandigarh,1200.0,3,3,9300000
Multistorey Apartment,Unfurnished,1.0,North - East,13,Chandigarh,950.0,3,3,8890000
Multistorey Apartment,Semi-Furnished,2.0,North,12,Chandigarh,1000.0,3,3,8500000
Builder Floor Apartment,Semi-Furnished,1.0,North - East,3,Chandigarh,1240.0,3,3,5500000
Multistorey Apartment,Semi-Furnished,5.0,North - East,11,Chandigarh,963.0,3,3,6590000
Multistorey Apartment,Semi-Furnished,3.0,East,7,Chandigarh,1000.0,3,3,7690000
Builder Floor Apartment,Semi-Furnished,1.0,East,2,Chandigarh,1415.0,3,3,6560000
Multistorey Apartment,Unfurnished,3.0,North,3,Bhopal,1050.0,2,2,3000000
Multistorey Apartment,Unfurnished,2.0,Unknown,4,Bhopal,610.0,2,2,2200000
Multistorey Apartment,Unfurnished,2.0,East,8,Bhopal,711.0,2,2,2599000
Residential House,Semi-Furnished,0.0,Unknown,2,Bhopal,1000.0,4,2,8000000
Multistorey Apartment,Unfurnished,2.0,Unknown,2,Bhopal,600.0,2,2,1800000
Residential House,Semi-Furnished,2.0,Unknown,2,Bhopal,616.0,4,4,3200000
Multistorey Apartment,Unfurnished,3.0,East,4,Bhopal,775.0,2,2,1950000
Villa,Semi-Furnished,2.0,East,2,Bhopal,1150.0,4,3,7000000
Multistorey Apartment,Unfurnished,5.0,Unknown,6,Bhopal,1035.0,3,2,3000000
Multistorey Apartment,Unfurnished,4.0,Unknown,6,Bhopal,1000.0,3,2,3299000
Multistorey Apartment,Semi-Furnished,3.0,West,18,Mumbai,720.0,2,2,18500000
Multistorey Apartment,Unfurnished,28.0,East,35,Mumbai,360.0,1,2,5200000
Multistorey Apartment,Unfurnished,5.0,East,18,Mumbai,628.0,2,2,15260400
Multistorey Apartment,Unfurnished,10.0,East,22,Mumbai,365.0,1,2,8200000
Multistorey Apartment,Semi-Furnished,20.0,East,22,Mumbai,1000.0,2,2,8900000
Multistorey Apartment,Semi-Furnished,1.0,East,45,Mumbai,702.0,2,2,11900000
Multistorey Apartment,Semi-Furnished,38.0,East,47,Mumbai,400.0,1,2,9800000
Multistorey Apartment,Semi-Furnished,12.0,North - East,17,Mumbai,407.0,1,2,5700000
Multistorey Apartment,Unfurnished,18.0,North - East,22,Mumbai,440.0,1,1,11500000
Multistorey Apartment,Unfurnished,2.0,East,35,Mumbai,1120.0,3,3,42800000
Multistorey Apartment,Unfurnished,7.0,East,12,Jaipur,1000.0,3,3,11900000
Multistorey Apartment,Semi-Furnished,30.0,North,52,Mumbai,726.0,2,2,29000000
Multistorey Apartment,Semi-Furnished,1.0,East,15,Jaipur,1188.0,3,3,10970000
Builder Floor Apartment,Semi-Furnished,1.0,East,6,Jaipur,1250.0,3,3,6200000
Multistorey Apartment,Unfurnished,5.0,South - East,14,Jaipur,1235.0,3,2,8164950
Multistorey Apartment,Unfurnished,2.0,East,6,Jaipur,1000.0,3,2,5100000
Multistorey Apartment,Semi-Furnished,1.0,East,6,Jaipur,1000.0,3,3,5100000
Multistorey Apartment,Semi-Furnished,4.0,North,6,Jaipur,1000.0,3,3,8210000
Multistorey Apartment,Semi-Furnished,2.0,North - West,12,Chandigarh,1000.0,3,3,9800000
Multistorey Apartment,Semi-Furnished,3.0,North - East,10,Chandigarh,1012.0,3,3,7400000
Multistorey Apartment,Furnished,6.0,North - East,13,Chandigarh,1050.0,3,3,9500000
Multistorey Apartment,Semi-Furnished,2.0,Unknown,10,Chandigarh,1000.0,3,3,6400000
Villa,Unfurnished,2.0,East,2,Chandigarh,1531.0,5,5,24500000
Multistorey Apartment,Semi-Furnished,3.0,East,12,Jaipur,1000.0,2,2,3400000
Multistorey Apartment,Semi-Furnished,5.0,East,14,Chandigarh,1022.0,3,3,9630500
Multistorey Apartment,Unfurnished,3.0,East,11,Chandigarh,1200.0,3,2,7290000
Multistorey Apartment,Semi-Furnished,5.0,North - East,12,Chandigarh,1238.0,3,3,9775000
Multistorey Apartment,Semi-Furnished,6.0,Unknown,7,Bhopal,1000.0,2,2,2800000
Multistorey Apartment,Unfurnished,0.0,East,3,Bhopal,1000.0,3,2,2300000
Multistorey Apartment,Semi-Furnished,5.0,Unknown,6,Bhopal,1000.0,3,2,2800000
Multistorey Apartment,Unfurnished,4.0,South - East,4,Bhopal,1000.0,3,2,1800000
Multistorey Apartment,Furnished,11.0,North - East,14,Chandigarh,1100.0,3,3,10500000
Villa,Semi-Furnished,2.0,Unknown,4,Jaipur,1000.0,3,3,8515000
Multistorey Apartment,Unfurnished,22.0,North - East,29,Mumbai,457.0,1,2,7000000
Builder Floor Apartment,Semi-Furnished,2.0,Unknown,3,Chandigarh,1000.0,3,3,6890000
Residential House,Unfurnished,2.0,Unknown,1,Bhopal,1000.0,3,2,3000000
Villa,Semi-Furnished,2.0,North - West,2,Bhopal,1250.0,4,4,8300000
Multistorey Apartment,Semi-Furnished,0.0,Unknown,7,Bhopal,1000.0,1,1,800000
Residential House,Unfurnished,2.0,Unknown,2,Bhopal,1000.0,2,2,1800000
Multistorey Apartment,Semi-Furnished,3.0,Unknown,6,Bhopal,1000.0,2,2,1900000
Multistorey Apartment,Semi-Furnished,0.0,East,10,Bhopal,1000.0,3,3,3650000
Residential House,Furnished,0.0,East,2,Bhopal,1000.0,2,2,1900000
Villa,Unfurnished,2.0,East,2,Bhopal,1800.0,5,3,5400000
Residential House,Semi-Furnished,1.0,South - East,1,Bhopal,2400.0,3,2,8700000
Residential House,Unfurnished,0.0,Unknown,2,Bhopal,1150.0,3,3,5000000
Multistorey Apartment,Semi-Furnished,1.0,East,3,Bhopal,725.0,2,2,1600000
Residential House,Unfurnished,2.0,Unknown,2,Bhopal,450.0,2,2,1200000
Multistorey Apartment,Unfurnished,3.0,Unknown,6,Bhopal,1250.0,3,3,3000000
Multistorey Apartment,Semi-Furnished,2.0,Unknown,6,Bhopal,1015.0,3,2,4500000
Residential House,Unfurnished,1.0,South,2,Bhopal,1000.0,2,2,4500000
Residential House,Unfurnished,0.0,East,1,Bhopal,1000.0,4,2,9000000
Multistorey Apartment,Unfurnished,1.0,South - East,6,Bhopal,911.0,2,2,2500000
Residential House,Semi-Furnished,2.0,Unknown,2,Bhopal,1000.0,3,3,7000000
Residential House,Semi-Furnished,0.0,East,2,Bhopal,1200.0,3,2,22000000
Villa,Semi-Furnished,2.0,Unknown,2,Bhopal,109.0,3,2,6500000
Multistorey Apartment,Semi-Furnished,1.0,West,6,Bhopal,1000.0,3,2,2400003
Multistorey Apartment,Semi-Furnished,1.0,Unknown,6,Bhopal,1443.0,3,2,5450000
Villa,Unfurnished,2.0,East,2,Bhopal,800.0,3,3,4200000
Multistorey Apartment,Unfurnished,1.0,Unknown,1,Bhopal,1000.0,3,3,9500000
Multistorey Apartment,Unfurnished,2.0,Unknown,6,Bhopal,1000.0,4,3,3390000
Multistorey Apartment,Semi-Furnished,2.0,North - East,4,Bhopal,950.0,2,2,2900000
Villa,Furnished,2.0,East,4,Bhopal,1000.0,6,5,37000000
Residential House,Semi-Furnished,2.0,North - West,1,Bhopal,1500.0,2,2,5500000
Multistorey Apartment,Unfurnished,3.0,East,4,Bhopal,1000.0,3,2,6000000
Villa,Unfurnished,2.0,East,2,Bhopal,2800.0,3,3,10000000
Villa,Unfurnished,2.0,East,1,Bhopal,1800.0,3,2,8000000
Residential House,Unfurnished,0.0,East,2,Bhopal,1265.0,4,4,16500000
Residential House,Semi-Furnished,0.0,West,2,Bhopal,1250.0,3,2,4495000
Multistorey Apartment,Semi-Furnished,2.0,East,6,Bhopal,1350.0,3,4,3950000
Villa,Semi-Furnished,2.0,East,2,Bhopal,1000.0,4,3,12000000
Multistorey Apartment,Semi-Furnished,1.0,West,4,Bhopal,1468.0,3,3,15000000
Residential House,Unfurnished,1.0,East,2,Bhopal,1125.0,3,3,5199000
Multistorey Apartment,Semi-Furnished,7.0,East,15,Bhopal,1500.0,3,3,9500000
Multistorey Apartment,Furnished,6.0,Unknown,6,Bhopal,1000.0,2,2,2000000
Multistorey Apartment,Unfurnished,2.0,Unknown,4,Bhopal,1000.0,3,2,3990000
Multistorey Apartment,Unfurnished,2.0,Unknown,6,Bhopal,1000.0,2,2,1985000
Multistorey Apartment,Semi-Furnished,6.0,East,11,Bhopal,1000.0,3,3,11000000
Multistorey Apartment,Unfurnished,2.0,Unknown,11,Bhopal,1000.0,3,3,5490000
Multistorey Apartment,Unfurnished,10.0,North - East,10,Bhopal,1126.0,3,3,4590000
Multistorey Apartment,Unfurnished,2.0,Unknown,6,Bhopal,1000.0,2,2,2000000
Residential House,Unfurnished,2.0,East,2,Bhopal,1000.0,4,4,11000000
Multistorey Apartment,Semi-Furnished,2.0,Unknown,3,Bhopal,650.0,2,2,3000000
Residential House,Unfurnished,1.0,Unknown,1,Bhopal,1000.0,3,2,3000000
Multistorey Apartment,Furnished,0.0,Unknown,4,Bhopal,566.0,2,2,4000000
Villa,Unfurnished,2.0,Unknown,4,Bhopal,1000.0,3,3,3290000
Villa,Unfurnished,2.0,Unknown,3,Bhopal,1290.0,5,6,17000000
Villa,Semi-Furnished,2.0,Unknown,2,Bhopal,1000.0,4,4,12500000
Multistorey Apartment,Unfurnished,3.0,Unknown,3,Bhopal,800.0,3,2,4000000
Multistorey Apartment,Furnished,3.0,Unknown,3,Bhopal,950.0,2,2,3400000
Multistorey Apartment,Unfurnished,0.0,Unknown,5,Bhopal,1000.0,2,2,2000000
Residential House,Semi-Furnished,0.0,Unknown,2,Bhopal,1000.0,4,2,7000000
Multistorey Apartment,Unfurnished,2.0,West,10,Mumbai,345.0,1,2,9500000
Villa,Unfurnished,2.0,Unknown,4,Bhopal,1000.0,3,3,7800000
Residential House,Semi-Furnished,0.0,East,2,Bhopal,2600.0,6,5,8500000
Multistorey Apartment,Unfurnished,20.0,East,23,Mumbai,1700.0,4,4,62000000
Multistorey Apartment,Unfurnished,2.0,West,22,Mumbai,665.0,2,2,18500000
Multistorey Apartment,Semi-Furnished,11.0,East,21,Mumbai,650.0,2,2,8500000
Multistorey Apartment,Unfurnished,8.0,East,30,Mumbai,850.0,2,2,19500000
Multistorey Apartment,Semi-Furnished,15.0,North - East,45,Mumbai,502.0,1,2,6760000
Multistorey Apartment,Unfurnished,2.0,East,33,Mumbai,334.0,1,1,8400000
Multistorey Apartment,Semi-Furnished,19.0,East,31,Mumbai,783.0,2,2,25000000
Multistorey Apartment,Unfurnished,3.0,East,19,Mumbai,427.0,1,2,12900000
Multistorey Apartment,Unfurnished,33.0,East,45,Mumbai,1108.0,3,3,29900000
Multistorey Apartment,Unfurnished,26.0,East,81,Mumbai,1307.0,3,4,70000000
Multistorey Apartment,Semi-Furnished,10.0,West,49,Mumbai,1450.0,3,5,78000000
Multistorey Apartment,Unfurnished,26.0,East,67,Mumbai,963.0,2,2,55000000
Multistorey Apartment,Semi-Furnished,5.0,East,29,Mumbai,447.0,1,2,5990000
Multistorey Apartment,Unfurnished,23.0,East,45,Mumbai,624.0,2,3,17100000
Multistorey Apartment,Semi-Furnished,7.0,East,29,Mumbai,447.0,1,2,6500000
Multistorey Apartment,Semi-Furnished,5.0,East,23,Mumbai,379.0,1,2,13800000
Multistorey Apartment,Unfurnished,5.0,East,21,Mumbai,1420.0,4,4,51500000
Multistorey Apartment,Unfurnished,2.0,North - East,30,Mumbai,638.0,2,2,16300000
Multistorey Apartment,Semi-Furnished,8.0,Unknown,48,Mumbai,986.0,3,3,25500000
Multistorey Apartment,Unfurnished,2.0,Unknown,4,Mumbai,927.0,3,3,23500000
Multistorey Apartment,Unfurnished,2.0,Unknown,21,Mumbai,425.0,1,2,9200000
Multistorey Apartment,Unfurnished,2.0,Unknown,39,Mumbai,415.0,1,2,9800000
Multistorey Apartment,Unfurnished,2.0,Unknown,64,Mumbai,1132.0,3,2,51000000
Multistorey Apartment,Semi-Furnished,63.0,East,67,Mumbai,2103.0,5,6,122200000
Multistorey Apartment,Unfurnished,2.0,Unknown,45,Mumbai,572.0,2,2,17000000
Multistorey Apartment,Unfurnished,2.0,Unknown,34,Mumbai,887.0,3,2,34500000
Multistorey Apartment,Unfurnished,2.0,Unknown,30,Mumbai,596.0,2,2,17100000
Multistorey Apartment,Semi-Furnished,2.0,Unknown,43,Mumbai,511.0,1,2,17000000
Multistorey Apartment,Unfurnished,2.0,Unknown,4,Mumbai,918.0,3,2,35000000
Multistorey Apartment,Unfurnished,2.0,Unknown,43,Mumbai,1000.0,3,3,126000000
Multistorey Apartment,Semi-Furnished,2.0,Unknown,4,Mumbai,640.0,2,3,22000000
Multistorey Apartment,Semi-Furnished,2.0,Unknown,4,Mumbai,621.0,2,2,17000000
Multistorey Apartment,Semi-Furnished,2.0,Unknown,4,Mumbai,1316.0,3,3,82000000
Multistorey Apartment,Unfurnished,2.0,Unknown,38,Mumbai,710.0,2,2,16800000
Multistorey Apartment,Unfurnished,2.0,Unknown,4,Mumbai,400.0,1,1,9900000
Multistorey Apartment,Unfurnished,2.0,Unknown,45,Mumbai,680.0,2,2,38000000
Multistorey Apartment,Unfurnished,2.0,Unknown,63,Mumbai,1850.0,4,4,135000000
Multistorey Apartment,Unfurnished,2.0,Unknown,4,Mumbai,533.0,2,2,19000000
Multistorey Apartment,Unfurnished,2.0,Unknown,54,Mumbai,769.0,2,2,15700000
Multistorey Apartment,Unfurnished,2.0,Unknown,22,Mumbai,685.0,2,2,18900000
Multistorey Apartment,Unfurnished,37.0,Unknown,67,Mumbai,1290.0,4,4,34200000
Multistorey Apartment,Unfurnished,2.0,Unknown,4,Mumbai,2700.0,4,4,148500000
Multistorey Apartment,Unfurnished,2.0,Unknown,4,Mumbai,766.0,2,2,17500000
Multistorey Apartment,Unfurnished,2.0,Unknown,67,Mumbai,745.0,2,2,38700000
Multistorey Apartment,Unfurnished,2.0,Unknown,4,Mumbai,918.0,2,2,33000000
Multistorey Apartment,Semi-Furnished,3.0,East,6,Gangtok,1000.0,3,2,4700000
Villa,Unfurnished,2.0,Unknown,4,Bhopal,1000.0,4,3,6849000
Multistorey Apartment,Unfurnished,2.0,Unknown,4,Mumbai,1450.0,3,2,55100000
Multistorey Apartment,Unfurnished,2.0,Unknown,4,Mumbai,770.0,2,2,39000000
Residential House,Semi-Furnished,2.0,East,3,Gangtok,1200.0,8,7,6500000
Multistorey Apartment,Semi-Furnished,6.0,Unknown,8,Dehradun,1000.0,1,1,5550000
Multistorey Apartment,Unfurnished,3.0,South -West,3,Dehradun,1000.0,2,2,6200000
Multistorey Apartment,Semi-Furnished,1.0,North,8,Dehradun,1150.0,2,2,6500000
Residential House,Semi-Furnished,2.0,South -West,2,Dehradun,1300.0,3,3,5000000
Villa,Unfurnished,2.0,East,2,Dehradun,2000.0,3,3,11000000
Multistorey Apartment,Unfurnished,2.0,Unknown,4,Lucknow,1000.0,5,6,33056000
Villa,Semi-Furnished,2.0,South - East,2,Dehradun,2200.0,3,3,10500000
Multistorey Apartment,Semi-Furnished,2.0,North - East,4,Dehradun,2400.0,4,4,19000000
Multistorey Apartment,Furnished,2.0,East,5,Dehradun,580.0,1,1,4000000
Multistorey Apartment,Semi-Furnished,5.0,North - East,8,Dehradun,1900.0,2,2,6200000
Multistorey Apartment,Semi-Furnished,5.0,North - East,4,Lucknow,1350.0,3,2,10500000
Residential House,Semi-Furnished,0.0,East,2,Lucknow,1300.0,3,3,5125000
Residential House,Semi-Furnished,2.0,North,2,Lucknow,1150.0,3,3,6200000
Residential House,Furnished,0.0,East,1,Lucknow,1000.0,2,2,6450000
Multistorey Apartment,Unfurnished,8.0,North,24,Lucknow,1000.0,3,3,17822000
Multistorey Apartment,Unfurnished,2.0,East,14,Lucknow,1000.0,3,2,7658477
Multistorey Apartment,Semi-Furnished,6.0,Unknown,4,Dehradun,1000.0,2,2,6374500
Multistorey Apartment,Unfurnished,7.0,North,4,Dehradun,1000.0,2,2,8200000
Villa,Unfurnished,2.0,North - East,1,Dehradun,94.0,2,1,5500000
Villa,Semi-Furnished,2.0,North,2,Dehradun,1000.0,3,3,8495000
Villa,Unfurnished,2.0,South,1,Dehradun,2000.0,3,3,9850000
Multistorey Apartment,Semi-Furnished,5.0,North,4,Dehradun,1009.0,3,3,8700000
Multistorey Apartment,Semi-Furnished,0.0,North - East,3,Dehradun,750.0,1,1,3000000
Villa,Unfurnished,2.0,North - East,2,Dehradun,2055.0,3,3,12500000
Residential House,Semi-Furnished,2.0,North - East,1,Dehradun,1600.0,3,2,9100000
Villa,Semi-Furnished,2.0,East,2,Dehradun,1950.0,3,3,10750000
Residential House,Furnished,2.0,North,2,Dehradun,1000.0,4,4,13500000
Multistorey Apartment,Semi-Furnished,4.0,South,7,Dehradun,1080.0,2,2,4490000
Multistorey Apartment,Semi-Furnished,2.0,Unknown,4,Dehradun,1000.0,3,3,9840000
Villa,Unfurnished,2.0,West,3,Dehradun,2000.0,3,3,8200000
Multistorey Apartment,Semi-Furnished,5.0,North - East,4,Dehradun,1000.0,1,1,2425125
Multistorey Apartment,Furnished,1.0,East,4,Dehradun,2600.0,3,3,30000000
Multistorey Apartment,Semi-Furnished,2.0,East,2,Dehradun,580.0,1,1,3800000
Residential House,Semi-Furnished,0.0,East,3,Dehradun,2000.0,3,2,7200000
Builder Floor Apartment,Semi-Furnished,-0.5,West,3,Dehradun,1509.0,3,2,8600000
Residential House,Unfurnished,1.0,North - East,3,Dehradun,1600.0,3,4,7000000
Builder Floor Apartment,Unfurnished,1.0,North - West,4,Dehradun,1000.0,2,2,5500000
Residential House,Semi-Furnished,0.0,South,2,Dehradun,909.0,3,3,9000000
Residential House,Furnished,0.0,North - West,1,Dehradun,1000.0,1,1,3000000
Multistorey Apartment,Semi-Furnished,2.0,Unknown,4,Dehradun,1000.0,4,4,22500000
Builder Floor Apartment,Semi-Furnished,4.0,East,4,Dehradun,1000.0,4,4,25000000
Multistorey Apartment,Furnished,2.0,Unknown,4,Dehradun,1000.0,3,2,7152000
Multistorey Apartment,Semi-Furnished,1.0,North - East,8,Dehradun,1000.0,2,2,4642000
Builder Floor Apartment,Furnished,1.0,East,3,Dehradun,1400.0,3,3,5500000
Multistorey Apartment,Semi-Furnished,1.0,East,7,Dehradun,1000.0,3,3,8700000
Builder Floor Apartment,Furnished,3.0,North,3,Dehradun,1080.0,1,2,2800000
Villa,Semi-Furnished,2.0,North - East,3,Dehradun,150.0,5,5,12500000
Multistorey Apartment,Semi-Furnished,3.0,North - East,7,Dehradun,1000.0,3,3,13035000
Multistorey Apartment,Unfurnished,1.0,North - East,6,Dehradun,2050.0,4,4,16200000
Multistorey Apartment,Semi-Furnished,4.0,East,4,Dehradun,1087.0,2,2,5500000
Residential House,Semi-Furnished,2.0,North - East,2,Dehradun,3233.0,3,3,14000000
Multistorey Apartment,Semi-Furnished,5.0,Unknown,6,Dehradun,1000.0,2,2,6321000
Multistorey Apartment,Semi-Furnished,3.0,North - East,8,Dehradun,1000.0,2,2,6750000
Multistorey Apartment,Semi-Furnished,3.0,North - East,3,Dehradun,1950.0,4,4,15956250
Multistorey Apartment,Semi-Furnished,5.0,North - East,8,Dehradun,1000.0,2,2,7284600
Villa,Semi-Furnished,2.0,North - East,2,Dehradun,1600.0,3,4,8800000
Villa,Semi-Furnished,2.0,South,2,Dehradun,2200.0,3,3,10500000
Multistorey Apartment,Semi-Furnished,5.0,Unknown,8,Dehradun,1000.0,2,2,6355300
Multistorey Apartment,Semi-Furnished,2.0,Unknown,4,Dehradun,1000.0,3,2,14350000
Multistorey Apartment,Unfurnished,2.0,South -West,8,Dehradun,1000.0,3,2,8442500
Villa,Semi-Furnished,2.0,North - East,3,Dehradun,2600.0,3,4,13000000
Villa,Semi-Furnished,2.0,South,2,Dehradun,1020.0,3,3,9500000
Builder Floor Apartment,Semi-Furnished,2.0,Unknown,4,Dehradun,1411.0,2,2,6349500
Multistorey Apartment,Semi-Furnished,4.0,Unknown,7,Dehradun,1000.0,1,1,2900000
Multistorey Apartment,Semi-Furnished,5.0,North - East,6,Dehradun,1000.0,3,3,14000000
Villa,Semi-Furnished,2.0,North - East,2,Dehradun,1000.0,4,4,10000000
Builder Floor Apartment,Unfurnished,1.0,North,3,Dehradun,1400.0,3,3,6300000
Multistorey Apartment,Unfurnished,5.0,North - West,4,Dehradun,1000.0,3,3,14000000
Villa,Unfurnished,2.0,Unknown,1,Dehradun,92.0,3,2,7500000
Multistorey Apartment,Semi-Furnished,4.0,North - East,7,Dehradun,1450.0,3,3,6500000
Multistorey Apartment,Furnished,0.0,East,4,Dehradun,2900.0,3,3,30000000
Multistorey Apartment,Semi-Furnished,1.0,North,4,Dehradun,1009.0,3,3,8700000
Villa,Unfurnished,2.0,North,2,Dehradun,2200.0,4,3,11500000
Multistorey Apartment,Semi-Furnished,1.0,Unknown,6,Dehradun,1000.0,3,3,12500000
Residential House,Unfurnished,1.0,North,2,Dehradun,1000.0,3,4,5600000
Builder Floor Apartment,Semi-Furnished,2.0,East,5,Dehradun,1700.0,3,3,9500000
Residential House,Unfurnished,2.0,North,1,Dehradun,1200.0,3,2,6700000
Villa,Semi-Furnished,2.0,East,2,Dehradun,1950.0,3,3,10700000
Residential House,Semi-Furnished,2.0,North - East,2,Dehradun,1000.0,3,3,9500000
Multistorey Apartment,Semi-Furnished,2.0,North - East,3,Dehradun,850.0,2,2,4700000
Villa,Unfurnished,2.0,South -West,2,Dehradun,3700.0,3,3,33000000
Multistorey Apartment,Semi-Furnished,8.0,Unknown,8,Dehradun,1000.0,2,3,9810000
Villa,Semi-Furnished,2.0,North - East,3,Dehradun,1700.0,3,3,8500000
Multistorey Apartment,Unfurnished,0.0,North - East,4,Dehradun,1000.0,4,4,10000000
Builder Floor Apartment,Unfurnished,2.0,East,3,Dehradun,850.0,2,2,4000000
Multistorey Apartment,Semi-Furnished,5.0,East,5,Dehradun,580.0,1,1,3800000
Villa,Unfurnished,2.0,South,2,Dehradun,4100.0,5,5,30000000
Builder Floor Apartment,Semi-Furnished,1.0,East,4,Dehradun,650.0,1,1,2900000
Residential House,Unfurnished,1.0,East,3,Dehradun,102.0,3,3,6900000
Residential House,Semi-Furnished,2.0,Unknown,1,Dehradun,1200.0,2,2,5500000
Builder Floor Apartment,Semi-Furnished,0.0,South -West,2,Dehradun,900.0,2,2,3700000
Multistorey Apartment,Semi-Furnished,2.0,East,4,Dehradun,2950.0,4,4,25000000
Multistorey Apartment,Semi-Furnished,2.0,East,4,Dehradun,1210.0,2,2,5200000
Multistorey Apartment,Semi-Furnished,2.0,East,7,Dehradun,1900.0,4,4,11000000
Multistorey Apartment,Semi-Furnished,6.0,East,7,Dehradun,1000.0,3,2,9700000
Residential House,Furnished,2.0,East,2,Lucknow,1000.0,3,2,7500000
Residential House,Semi-Furnished,2.0,Unknown,3,Lucknow,1000.0,2,2,4500000
Residential House,Furnished,2.0,West,2,Lucknow,800.0,3,2,3300000
Residential House,Semi-Furnished,2.0,Unknown,2,Lucknow,970.0,2,3,3800000
Builder Floor Apartment,Semi-Furnished,2.0,Unknown,2,Lucknow,1150.0,2,2,5000000
Residential House,Unknown,2.0,Unknown,4,Lucknow,660.0,3,2,2500000
Residential House,Unfurnished,0.0,West,1,Lucknow,3200.0,4,2,60000000
Residential House,Semi-Furnished,1.0,Unknown,2,Lucknow,1000.0,4,4,13500000
Residential House,Unfurnished,2.0,Unknown,4,Lucknow,1000.0,2,1,2000000
Residential House,Furnished,1.0,Unknown,2,Lucknow,1000.0,5,3,32500000
Multistorey Apartment,Furnished,7.0,Unknown,4,Lucknow,1000.0,2,2,9000000
Villa,Semi-Furnished,2.0,Unknown,3,Lucknow,660.0,4,3,5800000
Residential House,Furnished,0.0,Unknown,2,Lucknow,1000.0,6,2,8500000
Villa,Unfurnished,2.0,East,1,Lucknow,1000.0,6,1,29900000
Multistorey Apartment,Unfurnished,3.0,Unknown,6,Lucknow,759.0,2,1,3800000
Builder Floor Apartment,Semi-Furnished,1.0,Unknown,2,Lucknow,2100.0,3,3,7800000
Multistorey Apartment,Furnished,7.0,Unknown,7,Lucknow,1000.0,2,2,6700000
Builder Floor Apartment,Unfurnished,4.0,Unknown,6,Lucknow,1000.0,1,1,2500000
Residential House,Unfurnished,2.0,North,1,Lucknow,1000.0,3,3,40000000
Residential House,Unfurnished,1.0,East,2,Lucknow,3000.0,4,3,13000000
Residential House,Furnished,0.0,Unknown,1,Lucknow,1000.0,2,1,1950000
Residential House,Furnished,2.0,Unknown,1,Lucknow,300.0,2,1,9000000
Residential House,Unfurnished,0.0,Unknown,2,Lucknow,1000.0,6,3,7500000
Multistorey Apartment,Semi-Furnished,1.0,Unknown,3,Lucknow,1000.0,4,3,7500000
Residential House,Unfurnished,1.0,Unknown,2,Lucknow,1000.0,4,3,30000000
Residential House,Unfurnished,1.0,Unknown,1,Lucknow,828.0,3,2,4800000
Multistorey Apartment,Semi-Furnished,2.0,Unknown,5,Lucknow,1000.0,2,2,2600000
Residential House,Furnished,2.0,Unknown,3,Lucknow,1000.0,5,4,7000000
Residential House,Unfurnished,2.0,Unknown,2,Lucknow,1000.0,8,3,10000000
Multistorey Apartment,Unfurnished,3.0,Unknown,6,Lucknow,1000.0,2,2,4000000
Villa,Furnished,2.0,Unknown,2,Lucknow,1000.0,4,4,8500000
Builder Floor Apartment,Unfurnished,2.0,Unknown,3,Lucknow,1000.0,3,2,8500000
Multistorey Apartment,Unfurnished,4.0,East,4,Lucknow,1200.0,4,3,6500000
Residential House,Semi-Furnished,2.0,Unknown,1,Lucknow,1210.0,2,2,15000000
Residential House,Furnished,0.0,Unknown,1,Lucknow,5000.0,5,3,25000000
Villa,Semi-Furnished,2.0,Unknown,2,Lucknow,1000.0,2,1,2800000
Residential House,Furnished,2.0,Unknown,1,Lucknow,1000.0,2,2,5000000
Residential House,Unfurnished,2.0,South,1,Lucknow,53.0,1,1,1200000
Multistorey Apartment,Semi-Furnished,1.0,Unknown,5,Lucknow,1100.0,3,3,5700000
Residential House,Semi-Furnished,2.0,Unknown,1,Lucknow,1000.0,2,2,4000000
Residential House,Unfurnished,0.0,Unknown,1,Lucknow,1000.0,3,2,5000000
Residential House,Unfurnished,1.0,Unknown,1,Lucknow,900.0,2,1,4500000
Multistorey Apartment,Semi-Furnished,2.0,Unknown,10,Lucknow,1000.0,2,2,8500000
Residential House,Unfurnished,2.0,Unknown,2,Lucknow,840.0,4,3,6200000
Residential House,Semi-Furnished,2.0,Unknown,1,Lucknow,840.0,2,2,4600000
Multistorey Apartment,Semi-Furnished,1.0,Unknown,15,Lucknow,1000.0,2,2,5700000
Residential House,Furnished,0.0,Unknown,2,Lucknow,1450.0,4,3,8000000
Multistorey Apartment,Semi-Furnished,5.0,Unknown,5,Lucknow,1000.0,4,3,8500000
Multistorey Apartment,Furnished,2.0,Unknown,4,Dehradun,1000.0,3,2,6672000
Multistorey Apartment,Semi-Furnished,4.0,South - East,7,Dehradun,1000.0,2,2,6200000
Builder Floor Apartment,Furnished,2.0,North,4,Dehradun,1000.0,2,2,5500000
Multistorey Apartment,Semi-Furnished,2.0,Unknown,6,Dehradun,1948.0,3,4,16000000
Multistorey Apartment,Semi-Furnished,3.0,North - East,4,Dehradun,1000.0,2,2,6000000
Multistorey Apartment,Semi-Furnished,7.0,North - East,8,Dehradun,1000.0,1,2,5600000
Multistorey Apartment,Semi-Furnished,5.0,East,4,Dehradun,675.0,1,1,3000000
Multistorey Apartment,Semi-Furnished,4.0,North - East,4,Dehradun,1000.0,3,3,11500000
Residential House,Semi-Furnished,1.0,West,1,Dehradun,1500.0,3,4,8500000
Builder Floor Apartment,Semi-Furnished,1.0,North - East,3,Dehradun,1050.0,2,2,3000000
Villa,Unfurnished,2.0,East,2,Dehradun,2600.0,4,4,11000000
Multistorey Apartment,Semi-Furnished,2.0,East,7,Dehradun,1000.0,3,3,17500000
Residential House,Semi-Furnished,2.0,North - West,2,Dehradun,1795.0,3,3,10500000
Builder Floor Apartment,Semi-Furnished,3.0,North - East,4,Dehradun,1075.0,2,2,5000000
Builder Floor Apartment,Unfurnished,1.0,North - East,3,Dehradun,1000.0,3,3,5500000
Multistorey Apartment,Semi-Furnished,4.0,East,6,Dehradun,1720.0,3,3,8428000
Villa,Semi-Furnished,2.0,West,2,Dehradun,3800.0,4,4,15000000
Penthouse,Furnished,6.0,North - East,6,Dehradun,1000.0,4,4,17500000
Multistorey Apartment,Unfurnished,5.0,Unknown,8,Dehradun,1766.0,4,3,15246000
Multistorey Apartment,Semi-Furnished,5.0,North - East,7,Dehradun,1000.0,2,2,7518300
Multistorey Apartment,Semi-Furnished,2.0,Unknown,4,Dehradun,1000.0,3,4,18200000
Builder Floor Apartment,Unknown,1.0,East,4,Dehradun,1100.0,3,2,5950000
Penthouse,Semi-Furnished,7.0,North - East,7,Dehradun,6400.0,4,5,22000000
Multistorey Apartment,Furnished,5.0,Unknown,35,Dehradun,1000.0,2,2,7000000
Residential House,Semi-Furnished,2.0,Unknown,2,Dehradun,1000.0,4,3,5000000
Multistorey Apartment,Semi-Furnished,1.0,East,7,Dehradun,520.0,1,1,4000000
Multistorey Apartment,Semi-Furnished,6.0,North - East,6,Dehradun,1000.0,5,5,15000000
Multistorey Apartment,Furnished,1.0,Unknown,2,Dehradun,1000.0,3,2,7500000
Residential House,Semi-Furnished,0.0,North - West,2,Dehradun,2300.0,3,4,12500000
Residential House,Semi-Furnished,0.0,Unknown,2,Dehradun,1000.0,3,3,4000000
Residential House,Semi-Furnished,2.0,Unknown,2,Dehradun,2500.0,4,3,15000000
Residential House,Semi-Furnished,0.0,Unknown,2,Dehradun,1000.0,3,4,35000000
Residential House,Unknown,2.0,Unknown,4,Dehradun,1000.0,4,2,56000000
Builder Floor Apartment,Semi-Furnished,2.0,Unknown,3,Dehradun,1000.0,3,2,4500000
Multistorey Apartment,Semi-Furnished,2.0,North,4,Dehradun,1050.0,2,2,4200000
Residential House,Unknown,2.0,Unknown,4,Dehradun,1000.0,2,2,4500000
Residential House,Semi-Furnished,2.0,Unknown,3,Dehradun,1800.0,3,3,8300000
Multistorey Apartment,Semi-Furnished,6.0,Unknown,8,Dehradun,1000.0,1,1,4950000
Residential House,Semi-Furnished,0.0,East,2,Dehradun,900.0,2,2,4500000
Builder Floor Apartment,Semi-Furnished,2.0,Unknown,4,Dehradun,1330.0,2,2,6583500
Builder Floor Apartment,Semi-Furnished,3.0,East,3,Dehradun,1000.0,2,2,4500000
Villa,Unfurnished,2.0,Unknown,1,Dehradun,846.0,2,2,3500000
Multistorey Apartment,Unfurnished,3.0,South -West,8,Dehradun,1000.0,2,2,8900000
Multistorey Apartment,Semi-Furnished,6.0,Unknown,7,Dehradun,1000.0,2,2,5700000
Residential House,Semi-Furnished,0.0,Unknown,3,Dehradun,1000.0,2,2,6500000
Residential House,Semi-Furnished,2.0,North - East,2,Dehradun,1900.0,3,3,7800000
Builder Floor Apartment,Unfurnished,0.0,Unknown,3,Dehradun,1000.0,2,2,4000000
Residential House,Furnished,2.0,Unknown,1,Dehradun,1376.0,3,2,7000000
Multistorey Apartment,Semi-Furnished,1.0,Unknown,6,Dehradun,1000.0,4,4,11000000
Residential House,Furnished,2.0,Unknown,2,Dehradun,1000.0,3,3,27500000
Multistorey Apartment,Semi-Furnished,-1.0,Unknown,5,Dehradun,1000.0,2,2,5200000
Multistorey Apartment,Semi-Furnished,1.0,West,4,Dehradun,1000.0,2,1,7500000
Multistorey Apartment,Semi-Furnished,5.0,Unknown,7,Dehradun,1000.0,2,2,5300000
Villa,Unfurnished,2.0,South -West,1,Dehradun,89.0,3,2,7500000
Builder Floor Apartment,Furnished,1.0,Unknown,3,Dehradun,1400.0,3,3,8500000
Multistorey Apartment,Furnished,5.0,South - East,4,Dehradun,1193.0,2,2,9300000
Villa,Semi-Furnished,2.0,Unknown,4,Dehradun,1000.0,3,3,12500000
Multistorey Apartment,Semi-Furnished,1.0,North,4,Dehradun,1000.0,2,2,6300000
Villa,Unfurnished,2.0,North,2,Dehradun,2250.0,4,4,10500000
Multistorey Apartment,Unfurnished,1.0,East,6,Dehradun,1000.0,2,2,5000000
Builder Floor Apartment,Semi-Furnished,1.0,North,4,Dehradun,1000.0,2,2,5200000
Residential House,Unfurnished,1.0,North - East,1,Dehradun,1200.0,3,2,9700000
Villa,Semi-Furnished,2.0,North - West,2,Dehradun,2300.0,3,4,12000000
Multistorey Apartment,Semi-Furnished,1.0,East,4,Dehradun,1000.0,3,3,6500000
Residential House,Unfurnished,2.0,South -West,2,Dehradun,3000.0,3,3,15000000
Villa,Unfurnished,2.0,North,2,Dehradun,1000.0,4,4,25000000
Residential House,Semi-Furnished,2.0,North,2,Dehradun,110.0,4,4,9500000
Multistorey Apartment,Semi-Furnished,5.0,Unknown,8,Dehradun,1000.0,2,2,7050000
Builder Floor Apartment,Semi-Furnished,1.0,South -West,4,Dehradun,1050.0,2,2,4900000
Multistorey Apartment,Unfurnished,2.0,North - East,3,Dehradun,1250.0,3,3,6400000
Multistorey Apartment,Semi-Furnished,4.0,North - East,4,Dehradun,1000.0,2,2,6467000
Multistorey Apartment,Semi-Furnished,3.0,East,4,Dehradun,1150.0,2,2,4200000
Builder Floor Apartment,Unfurnished,0.0,West,3,Dehradun,800.0,2,2,3400000
Residential House,Semi-Furnished,0.0,North - East,2,Dehradun,1500.0,3,4,5200000
Multistorey Apartment,Semi-Furnished,2.0,East,4,Dehradun,2100.0,3,3,17000000
Multistorey Apartment,Furnished,6.0,Unknown,10,Dehradun,1950.0,3,3,11110000
Villa,Semi-Furnished,2.0,North,1,Dehradun,3200.0,3,3,23000000
Residential House,Semi-Furnished,0.0,East,2,Dehradun,1110.0,3,3,10000000
Multistorey Apartment,Semi-Furnished,6.0,East,6,Dehradun,900.0,1,1,5500000
Builder Floor Apartment,Unfurnished,1.0,West,4,Dehradun,1000.0,2,2,5200000
Builder Floor Apartment,Semi-Furnished,2.0,South -West,4,Dehradun,1050.0,2,2,4500000
Residential House,Semi-Furnished,0.0,North - West,3,Dehradun,125.0,3,3,11000000
Multistorey Apartment,Semi-Furnished,3.0,East,4,Dehradun,1000.0,4,4,24000000
Builder Floor Apartment,Semi-Furnished,0.0,Unknown,3,Dehradun,1000.0,2,2,3400000
Multistorey Apartment,Semi-Furnished,2.0,Unknown,6,Dehradun,3658.0,4,5,27000000
Multistorey Apartment,Furnished,2.0,Unknown,4,Dehradun,1000.0,2,2,6216000
Multistorey Apartment,Semi-Furnished,3.0,South - East,3,Dehradun,1400.0,2,2,5500000
Villa,Unfurnished,2.0,West,1,Dehradun,800.0,1,1,8750000
Builder Floor Apartment,Semi-Furnished,1.0,East,3,Dehradun,950.0,2,2,4500000
Multistorey Apartment,Semi-Furnished,3.0,North - East,4,Dehradun,1490.0,3,3,6800000
Multistorey Apartment,Furnished,3.0,North - East,8,Dehradun,2500.0,3,3,26000000
Builder Floor Apartment,Unfurnished,3.0,Unknown,4,Lucknow,1000.0,2,2,4500000
Residential House,Furnished,0.0,Unknown,1,Lucknow,3000.0,3,4,15000000
Multistorey Apartment,Semi-Furnished,4.0,North - East,7,Dehradun,1000.0,1,1,5918000
Residential House,Furnished,2.0,East,1,Lucknow,800.0,2,2,4500000
Residential House,Furnished,1.0,Unknown,2,Lucknow,1400.0,4,3,4400000
Villa,Semi-Furnished,2.0,North - East,2,Dehradun,1000.0,3,3,12000000
Multistorey Apartment,Unfurnished,1.0,Unknown,4,Lucknow,1000.0,1,1,2500000
Studio Apartment,Furnished,4.0,East,7,Dehradun,1000.0,3,1,3800000
Multistorey Apartment,Furnished,7.0,Unknown,12,Lucknow,1350.0,3,3,8600000
Residential House,Unfurnished,1.0,West,2,Lucknow,1000.0,3,2,18000000
Multistorey Apartment,Furnished,5.0,North - East,8,Dehradun,1193.0,2,2,9200000
Residential House,Semi-Furnished,0.0,East,1,Lucknow,1015.0,2,2,4600000
Residential House,Unfurnished,1.0,East,2,Lucknow,1000.0,3,3,4700000
Residential House,Semi-Furnished,0.0,Unknown,1,Lucknow,1000.0,2,2,5000000
Multistorey Apartment,Semi-Furnished,2.0,North - East,12,Lucknow,900.0,2,3,6500000
Residential House,Semi-Furnished,2.0,Unknown,2,Lucknow,1000.0,3,3,4500000
Residential House,Furnished,2.0,South - East,3,Lucknow,2450.0,7,5,26000000
Multistorey Apartment,Unknown,2.0,Unknown,4,Lucknow,1000.0,3,2,6970000
Residential House,Semi-Furnished,0.0,East,2,Lucknow,950.0,3,3,3800000
Villa,Unfurnished,2.0,East,2,Lucknow,1450.0,3,2,5756000
Residential House,Furnished,2.0,West,1,Lucknow,320.0,1,1,1500000
Multistorey Apartment,Unfurnished,3.0,East,5,Lucknow,1000.0,3,3,5500000
Residential House,Furnished,2.0,West,2,Lucknow,800.0,3,2,13000000
Residential House,Unfurnished,0.0,Unknown,1,Lucknow,1000.0,2,2,3500000
Residential House,Semi-Furnished,0.0,East,2,Lucknow,950.0,2,2,5800000
Villa,Semi-Furnished,2.0,East,2,Lucknow,1250.0,3,3,8000000
Builder Floor Apartment,Semi-Furnished,1.0,Unknown,4,Lucknow,1000.0,2,2,4200000
Multistorey Apartment,Unfurnished,2.0,Unknown,11,Lucknow,1000.0,3,2,4955303
Residential House,Semi-Furnished,2.0,East,1,Lucknow,1000.0,2,2,6300000
Residential House,Unfurnished,1.0,North - East,2,Lucknow,900.0,3,4,6500000
Residential House,Unknown,2.0,Unknown,4,Lucknow,1000.0,4,2,5500000
Multistorey Apartment,Unfurnished,2.0,Unknown,4,Lucknow,1000.0,2,2,4785700
Multistorey Apartment,Furnished,2.0,Unknown,4,Lucknow,1000.0,2,2,6500000
Multistorey Apartment,Semi-Furnished,5.0,Unknown,12,Lucknow,1000.0,2,2,11700000
Residential House,Semi-Furnished,0.0,East,1,Lucknow,1500.0,3,3,3000000
Multistorey Apartment,Furnished,0.0,Unknown,12,Lucknow,1000.0,3,3,11000000
Residential House,Furnished,0.0,Unknown,2,Lucknow,1000.0,2,2,6300000
Multistorey Apartment,Unfurnished,2.0,Unknown,14,Lucknow,1000.0,4,4,25000000
Residential House,Unfurnished,2.0,Unknown,4,Lucknow,504.0,8,4,13500000
Residential House,Semi-Furnished,2.0,East,2,Lucknow,923.0,3,3,4700000
Multistorey Apartment,Semi-Furnished,5.0,East,14,Lucknow,1000.0,2,2,9000000
Multistorey Apartment,Semi-Furnished,2.0,Unknown,6,Lucknow,1000.0,3,3,4500000
Residential House,Furnished,2.0,Unknown,4,Lucknow,1000.0,2,2,1800000
Multistorey Apartment,Unfurnished,6.0,Unknown,14,Lucknow,1000.0,3,3,8500000
Multistorey Apartment,Semi-Furnished,2.0,Unknown,11,Lucknow,1000.0,2,2,6500000
Residential House,Unfurnished,2.0,Unknown,2,Lucknow,1000.0,6,6,55000000
Villa,Furnished,2.0,East,2,Lucknow,1000.0,3,2,4300000
Multistorey Apartment,Unfurnished,2.0,Unknown,4,Lucknow,1000.0,3,3,19600000
Multistorey Apartment,Furnished,0.0,Unknown,4,Lucknow,1000.0,3,3,8400000
Residential House,Semi-Furnished,2.0,Unknown,2,Lucknow,1000.0,3,2,4500000
Builder Floor Apartment,Furnished,3.0,Unknown,4,Lucknow,1000.0,2,2,4200000
Residential House,Semi-Furnished,2.0,South,4,Lucknow,1000.0,3,3,27500000
Residential House,Semi-Furnished,0.0,Unknown,2,Lucknow,1000.0,4,4,16500000
Multistorey Apartment,Unfurnished,2.0,Unknown,8,Lucknow,893.0,2,2,4747500
Multistorey Apartment,Semi-Furnished,2.0,Unknown,4,Lucknow,1000.0,2,2,5800000
Residential House,Semi-Furnished,0.0,Unknown,1,Lucknow,1000.0,2,2,4600000
Residential House,Furnished,1.0,Unknown,3,Lucknow,1000.0,4,3,10500000
Multistorey Apartment,Furnished,2.0,Unknown,3,Lucknow,1000.0,2,2,6000000
Multistorey Apartment,Furnished,1.0,East,5,Lucknow,1730.0,3,3,12000000
Residential House,Unfurnished,2.0,East,1,Lucknow,745.0,2,2,3500000
Villa,Unfurnished,2.0,East,2,Lucknow,800.0,2,2,4000000
Villa,Furnished,2.0,North - East,3,Lucknow,2200.0,5,6,17000000
Multistorey Apartment,Unfurnished,8.0,South,14,Lucknow,940.0,2,2,5600000
Residential House,Furnished,0.0,West,1,Lucknow,900.0,2,2,4399999
Builder Floor Apartment,Semi-Furnished,1.0,Unknown,3,Lucknow,1389.0,2,2,4300000
Residential House,Semi-Furnished,0.0,South -West,1,Lucknow,1200.0,2,2,5500000
Residential House,Semi-Furnished,0.0,East,1,Lucknow,740.0,2,2,3000000
Residential House,Semi-Furnished,0.0,North,1,Lucknow,350.0,1,1,3500000
Multistorey Apartment,Unfurnished,2.0,Unknown,5,Lucknow,1000.0,2,2,6200000
Residential House,Unfurnished,1.0,East,1,Lucknow,450.0,2,1,3000000
Residential House,Unfurnished,1.0,East,1,Lucknow,1000.0,2,2,4500000
Multistorey Apartment,Unfurnished,7.0,Unknown,21,Lucknow,1200.0,3,3,12500000
Multistorey Apartment,Semi-Furnished,1.0,East,10,Lucknow,1000.0,2,2,4950000
Residential House,Unfurnished,2.0,Unknown,2,Lucknow,1000.0,3,2,54000000
Villa,Unfurnished,2.0,East,26,Lucknow,1000.0,3,2,5000000
Multistorey Apartment,Unfurnished,2.0,West,8,Lucknow,1250.0,3,3,5500000
Multistorey Apartment,Semi-Furnished,16.0,North,18,Lucknow,1650.0,3,4,14000000
Residential House,Unfurnished,2.0,Unknown,2,Lucknow,1350.0,4,3,5500000
Multistorey Apartment,Semi-Furnished,8.0,North - East,11,Lucknow,1600.0,3,3,15000000
Multistorey Apartment,Semi-Furnished,2.0,Unknown,17,Lucknow,1775.0,3,3,8500000
Residential House,Furnished,1.0,Unknown,1,Lucknow,1000.0,2,2,2670000
Multistorey Apartment,Unfurnished,7.0,South - East,4,Lucknow,880.0,2,2,3400000
Residential House,Unfurnished,0.0,West,1,Lucknow,1500.0,2,2,7500000
Villa,Unfurnished,2.0,Unknown,2,Lucknow,1000.0,3,3,21500000
Residential House,Furnished,2.0,Unknown,1,Lucknow,1000.0,2,2,4499999
Multistorey Apartment,Semi-Furnished,6.0,South -West,10,Lucknow,1000.0,2,2,6000000
Multistorey Apartment,Semi-Furnished,2.0,South - East,2,Lucknow,720.0,2,2,3500000
Multistorey Apartment,Semi-Furnished,3.0,Unknown,5,Lucknow,1000.0,2,2,5500000
Residential House,Furnished,2.0,Unknown,1,Lucknow,650.0,2,2,2700000
Residential House,Unfurnished,1.0,East,1,Lucknow,1000.0,2,2,4000000
Residential House,Furnished,2.0,East,1,Lucknow,680.0,2,1,2600000
Residential House,Unfurnished,0.0,North,2,Lucknow,1500.0,3,3,5300000
Residential House,Unfurnished,1.0,East,1,Lucknow,1000.0,3,2,9000000
Residential House,Semi-Furnished,2.0,North - East,1,Lucknow,1100.0,3,2,6000000
Multistorey Apartment,Unfurnished,1.0,South,3,Lucknow,1600.0,3,3,9199999
Residential House,Semi-Furnished,2.0,Unknown,2,Lucknow,850.0,3,4,5000000
Residential House,Furnished,2.0,South,3,Lucknow,600.0,5,3,5000000
Residential House,Semi-Furnished,2.0,South - East,2,Dehradun,3375.0,4,4,26500000
Multistorey Apartment,Semi-Furnished,2.0,Unknown,4,Dehradun,1000.0,1,1,3800000
Multistorey Apartment,Semi-Furnished,2.0,East,2,Dehradun,1250.0,2,2,7500000
Builder Floor Apartment,Furnished,0.0,Unknown,4,Dehradun,1000.0,7,7,42500000
Builder Floor Apartment,Semi-Furnished,2.0,Unknown,2,Dehradun,1000.0,3,3,4500000
Builder Floor Apartment,Semi-Furnished,3.0,Unknown,3,Dehradun,1000.0,2,2,6000000
Builder Floor Apartment,Semi-Furnished,0.0,North - East,2,Dehradun,1000.0,3,3,6800000
Multistorey Apartment,Unfurnished,1.0,Unknown,4,Dehradun,1000.0,1,1,4100000
Villa,Semi-Furnished,2.0,East,2,Dehradun,1800.0,3,3,9000000
Multistorey Apartment,Semi-Furnished,4.0,East,6,Dehradun,1665.0,3,2,8158500
Villa,Semi-Furnished,2.0,South,2,Dehradun,110.0,3,3,9500000
Multistorey Apartment,Unfurnished,3.0,North - East,8,Dehradun,950.0,3,2,8442500
Multistorey Apartment,Furnished,1.0,Unknown,2,Dehradun,889.0,2,2,7000000
Multistorey Apartment,Unfurnished,4.0,South -West,8,Dehradun,1000.0,2,2,10000000
Residential House,Unfurnished,2.0,Unknown,2,Dehradun,1900.0,3,4,14000000
Multistorey Apartment,Semi-Furnished,4.0,North - East,8,Dehradun,1000.0,3,3,11781900
Residential House,Semi-Furnished,2.0,North,1,Lucknow,1059.0,2,2,5800000
Residential House,Semi-Furnished,2.0,East,2,Lucknow,3600.0,5,4,24000000
Residential House,Semi-Furnished,0.0,Unknown,1,Lucknow,1000.0,2,2,5600000
Multistorey Apartment,Unfurnished,4.0,East,15,Lucknow,656.0,2,2,3100000
Residential House,Unfurnished,2.0,North - East,1,Lucknow,1100.0,3,2,4700000
Multistorey Apartment,Unfurnished,3.0,Unknown,4,Lucknow,1000.0,2,2,3300000
Residential House,Unfurnished,1.0,South,2,Lucknow,2212.0,5,3,14000000
Multistorey Apartment,Semi-Furnished,4.0,East,8,Lucknow,1000.0,1,1,2300000
Residential House,Semi-Furnished,0.0,Unknown,1,Lucknow,1200.0,3,2,6500000
Residential House,Unfurnished,0.0,East,3,Lucknow,1000.0,2,3,17000000
Residential House,Semi-Furnished,2.0,East,2,Lucknow,1000.0,4,2,4200000
Multistorey Apartment,Semi-Furnished,10.0,North - East,16,Lucknow,1250.0,2,2,4800000
Residential House,Furnished,0.0,Unknown,2,Lucknow,1000.0,4,2,2500000
Residential House,Unfurnished,0.0,West,1,Lucknow,1900.0,3,2,7600000
Residential House,Unfurnished,2.0,Unknown,3,Lucknow,650.0,2,2,7000000
Residential House,Semi-Furnished,0.0,East,1,Lucknow,800.0,2,2,7000000
Residential House,Semi-Furnished,0.0,Unknown,2,Lucknow,1000.0,4,4,9700000
Residential House,Furnished,2.0,East,1,Lucknow,1000.0,2,2,4150000
Residential House,Semi-Furnished,-1.0,West,3,Lucknow,2000.0,4,2,20000000
Residential House,Semi-Furnished,0.0,East,1,Lucknow,1104.0,2,2,5799999
Residential House,Semi-Furnished,2.0,North,1,Lucknow,760.0,1,1,3500000
Residential House,Furnished,2.0,Unknown,2,Lucknow,480.0,2,1,2400000
Builder Floor Apartment,Semi-Furnished,1.0,Unknown,4,Lucknow,1000.0,2,2,5500000
Multistorey Apartment,Furnished,2.0,North,12,Lucknow,1350.0,3,4,12500000
Villa,Semi-Furnished,2.0,North,1,Lucknow,1400.0,2,1,45000000
Residential House,Semi-Furnished,2.0,Unknown,3,Lucknow,1600.0,10,2,20000000
Multistorey Apartment,Semi-Furnished,2.0,Unknown,13,Lucknow,1000.0,2,2,6500000
Residential House,Furnished,2.0,Unknown,2,Lucknow,1000.0,4,2,5000000
Residential House,Semi-Furnished,2.0,West,1,Lucknow,680.0,1,2,2500000
Residential House,Semi-Furnished,1.0,North,1,Lucknow,1150.0,2,2,7200000
Multistorey Apartment,Unfurnished,1.0,Unknown,3,Lucknow,700.0,2,2,4200000
Multistorey Apartment,Semi-Furnished,6.0,West,6,Lucknow,1392.0,3,3,11500000
Multistorey Apartment,Unknown,7.0,North - West,7,Lucknow,1600.0,3,3,11000000
Residential House,Unfurnished,1.0,North - East,2,Lucknow,1000.0,6,4,25000000
Multistorey Apartment,Semi-Furnished,3.0,Unknown,3,Lucknow,1000.0,2,2,6000000
Residential House,Semi-Furnished,2.0,North,2,Lucknow,920.0,3,3,5500000
Multistorey Apartment,Unfurnished,0.0,Unknown,4,Lucknow,250.0,1,1,1200000
Villa,Furnished,2.0,Unknown,4,Lucknow,1500.0,3,3,5000000
Residential House,Furnished,0.0,South - East,3,Lucknow,6800.0,5,5,44500000
Multistorey Apartment,Unfurnished,1.0,Unknown,11,Lucknow,1580.0,3,3,9600000
Residential House,Unfurnished,2.0,Unknown,4,Lucknow,1100.0,4,4,25000000
Residential House,Unfurnished,2.0,Unknown,1,Lucknow,900.0,2,2,5200000
Residential House,Furnished,-1.0,North,1,Lucknow,1000.0,2,2,5000000
Villa,Unfurnished,2.0,Unknown,2,Lucknow,1000.0,5,6,20000000
Villa,Furnished,2.0,Unknown,1,Lucknow,880.0,3,2,3900000
Residential House,Unfurnished,0.0,North - West,1,Lucknow,1700.0,3,3,6000000
Multistorey Apartment,Furnished,1.0,Unknown,4,Lucknow,1000.0,3,2,6000000
Residential House,Furnished,2.0,West,1,Lucknow,1000.0,2,2,4300000
Residential House,Unfurnished,2.0,Unknown,2,Lucknow,1000.0,5,3,6500000
Villa,Semi-Furnished,2.0,East,1,Lucknow,900.0,3,2,5200000
Multistorey Apartment,Semi-Furnished,6.0,East,12,Lucknow,1000.0,1,1,2892000
Multistorey Apartment,Semi-Furnished,2.0,West,14,Lucknow,1400.0,3,3,8500000
Residential House,Unfurnished,1.0,East,2,Lucknow,1100.0,3,2,6500000
Residential House,Unfurnished,0.0,Unknown,4,Lucknow,900.0,1,1,7200000
Villa,Semi-Furnished,2.0,East,2,Lucknow,900.0,2,2,4950000
Multistorey Apartment,Semi-Furnished,1.0,North,5,Lucknow,1000.0,3,3,11000000
Residential House,Unfurnished,1.0,East,1,Lucknow,1000.0,2,1,3500000
Residential House,Furnished,3.0,North,3,Lucknow,2200.0,4,4,7500000
Residential House,Furnished,1.0,West,1,Lucknow,1000.0,4,2,5500000
Residential House,Semi-Furnished,0.0,West,1,Lucknow,1000.0,4,1,3500000
Residential House,Semi-Furnished,0.0,Unknown,1,Lucknow,1000.0,2,2,4000000
Multistorey Apartment,Semi-Furnished,1.0,Unknown,13,Lucknow,1000.0,4,6,26500000
Residential House,Unfurnished,1.0,East,1,Lucknow,900.0,2,2,3700000
Residential House,Unfurnished,1.0,East,2,Lucknow,1000.0,3,3,3800000
Residential House,Unfurnished,1.0,East,2,Lucknow,1000.0,7,4,40000000
Multistorey Apartment,Unfurnished,4.0,West,10,Lucknow,780.0,1,1,3000000
Residential House,Unfurnished,1.0,East,2,Lucknow,1950.0,3,3,38000000
Residential House,Unfurnished,2.0,Unknown,3,Lucknow,582.0,4,3,5000000
Multistorey Apartment,Furnished,1.0,Unknown,2,Lucknow,958.0,2,2,5500000
Residential House,Unfurnished,0.0,North,2,Lucknow,1000.0,2,2,5900000
Residential House,Furnished,0.0,Unknown,2,Lucknow,1000.0,5,5,55000000
Multistorey Apartment,Unfurnished,0.0,West,3,Lucknow,1000.0,2,2,3300000
Residential House,Unfurnished,1.0,North - East,2,Lucknow,1150.0,3,2,4300000
Multistorey Apartment,Furnished,2.0,Unknown,4,Lucknow,1000.0,2,2,8500000
Residential House,Unfurnished,0.0,North,1,Lucknow,600.0,1,1,11500000
Villa,Unfurnished,2.0,Unknown,2,Lucknow,1000.0,2,2,4500000
Residential House,Unfurnished,2.0,Unknown,1,Lucknow,1935.0,2,1,10800000
Residential House,Furnished,3.0,North,4,Lucknow,560.0,6,3,7000000
Multistorey Apartment,Semi-Furnished,2.0,Unknown,4,Lucknow,1000.0,2,2,6000000
Villa,Semi-Furnished,2.0,Unknown,2,Lucknow,1000.0,3,2,4600000
Residential House,Unfurnished,0.0,Unknown,1,Lucknow,1000.0,3,3,5000000
Residential House,Furnished,0.0,Unknown,1,Lucknow,1000.0,2,2,9500000
Multistorey Apartment,Semi-Furnished,3.0,Unknown,4,Lucknow,1000.0,2,2,6500000
Multistorey Apartment,Semi-Furnished,1.0,Unknown,7,Lucknow,1000.0,2,2,5700000
Multistorey Apartment,Unfurnished,6.0,Unknown,8,Lucknow,1000.0,2,2,3600000
Multistorey Apartment,Semi-Furnished,1.0,North,6,Lucknow,1500.0,3,3,11000000
Builder Floor Apartment,Unfurnished,3.0,Unknown,4,Lucknow,1000.0,2,2,2700000
Villa,Semi-Furnished,2.0,Unknown,1,Lucknow,1000.0,5,3,40000000
Multistorey Apartment,Semi-Furnished,2.0,Unknown,4,Lucknow,1000.0,3,3,15000000
Residential House,Semi-Furnished,0.0,Unknown,1,Lucknow,1000.0,3,3,12500000
Multistorey Apartment,Furnished,7.0,East,14,Lucknow,1000.0,3,3,9000000
Multistorey Apartment,Furnished,3.0,Unknown,7,Lucknow,1000.0,3,4,6000000
Multistorey Apartment,Semi-Furnished,3.0,Unknown,7,Lucknow,1000.0,2,2,6500000
Residential House,Unfurnished,0.0,Unknown,2,Lucknow,1000.0,3,3,4500000
Multistorey Apartment,Semi-Furnished,3.0,Unknown,4,Lucknow,400.0,1,1,1800000
Residential House,Semi-Furnished,0.0,Unknown,2,Lucknow,1000.0,3,3,8000000
Multistorey Apartment,Unfurnished,4.0,Unknown,15,Lucknow,1000.0,3,3,9200000
Builder Floor Apartment,Furnished,3.0,Unknown,4,Lucknow,1000.0,3,3,9000000
Residential House,Furnished,0.0,Unknown,1,Lucknow,1000.0,3,4,14000000
Residential House,Unfurnished,0.0,Unknown,1,Lucknow,2500.0,6,6,14000000
Multistorey Apartment,Semi-Furnished,10.0,Unknown,11,Lucknow,1000.0,3,4,15000000
Multistorey Apartment,Semi-Furnished,2.0,Unknown,3,Lucknow,700.0,2,2,4000000
Residential House,Unfurnished,0.0,Unknown,2,Lucknow,1000.0,3,2,2500000
Residential House,Furnished,0.0,Unknown,2,Lucknow,1000.0,3,2,4500000
Multistorey Apartment,Unfurnished,12.0,Unknown,14,Lucknow,1090.0,2,2,5200000
Residential House,Semi-Furnished,0.0,Unknown,3,Lucknow,1000.0,5,2,5200000
Residential House,Unfurnished,2.0,Unknown,1,Lucknow,1000.0,2,2,3500000
Multistorey Apartment,Semi-Furnished,11.0,Unknown,14,Lucknow,1000.0,2,3,8000000
Residential House,Semi-Furnished,2.0,Unknown,3,Lucknow,1000.0,3,2,6600000
Residential House,Unfurnished,0.0,Unknown,2,Lucknow,1000.0,4,3,8500000
Residential House,Furnished,2.0,Unknown,4,Lucknow,1000.0,2,3,3500000
Residential House,Furnished,2.0,Unknown,2,Lucknow,440.0,1,2,4000000
Multistorey Apartment,Unfurnished,5.0,Unknown,5,Lucknow,1000.0,3,3,7500000
Residential House,Unfurnished,2.0,Unknown,3,Lucknow,452.0,5,3,6000000
Residential House,Unfurnished,1.0,North,2,Lucknow,1000.0,3,3,6190000
Residential House,Furnished,2.0,Unknown,2,Lucknow,625.0,2,2,3500000
Builder Floor Apartment,Semi-Furnished,0.0,West,1,Lucknow,800.0,2,2,3695000
Residential House,Semi-Furnished,2.0,East,3,Lucknow,900.0,10,3,6000000
Residential House,Furnished,0.0,Unknown,1,Lucknow,1723.0,2,2,14500000
Multistorey Apartment,Unfurnished,1.0,Unknown,8,Lucknow,1000.0,3,3,6500000
Residential House,Furnished,-1.0,Unknown,2,Lucknow,2700.0,7,4,9500000
Residential House,Furnished,0.0,Unknown,3,Lucknow,1000.0,5,5,9500000
Residential House,Unfurnished,1.0,Unknown,3,Lucknow,700.0,3,2,13000000
Multistorey Apartment,Semi-Furnished,3.0,Unknown,3,Lucknow,395.0,1,1,1900000
Residential House,Furnished,0.0,Unknown,2,Lucknow,1000.0,3,4,5400000
Residential House,Furnished,1.0,Unknown,1,Lucknow,1000.0,3,2,4700000
Multistorey Apartment,Unfurnished,11.0,Unknown,13,Lucknow,1500.0,3,4,13500000
Multistorey Apartment,Furnished,8.0,Unknown,4,Lucknow,1100.0,3,3,12000000
Residential House,Furnished,2.0,East,1,Lucknow,1000.0,3,3,7000000
Residential House,Semi-Furnished,2.0,Unknown,1,Lucknow,800.0,2,2,2500000
Residential House,Furnished,2.0,Unknown,2,Lucknow,1600.0,8,2,7500000
Residential House,Unfurnished,1.0,Unknown,1,Lucknow,1000.0,3,2,19000000
Villa,Semi-Furnished,2.0,Unknown,2,Lucknow,3000.0,5,5,20000000
Residential House,Unfurnished,0.0,Unknown,1,Lucknow,1000.0,2,1,1600000
Residential House,Semi-Furnished,0.0,Unknown,1,Lucknow,1200.0,2,1,6200000
Residential House,Semi-Furnished,2.0,Unknown,3,Lucknow,500.0,6,3,6500000
Residential House,Semi-Furnished,2.0,Unknown,2,Lucknow,1500.0,4,4,8500000
Residential House,Unfurnished,2.0,Unknown,1,Lucknow,1000.0,4,2,25000000
Villa,Semi-Furnished,2.0,Unknown,4,Lucknow,4000.0,10,10,80000000
Multistorey Apartment,Semi-Furnished,6.0,Unknown,13,Lucknow,1750.0,3,3,11500000
Residential House,Unknown,2.0,Unknown,4,Lucknow,1000.0,8,2,9000000
Villa,Furnished,2.0,Unknown,2,Lucknow,830.0,3,3,8500000
Multistorey Apartment,Semi-Furnished,5.0,East,6,Lucknow,850.0,2,2,4500000
Villa,Furnished,2.0,Unknown,3,Lucknow,3000.0,6,6,25000000
Multistorey Apartment,Semi-Furnished,3.0,Unknown,5,Lucknow,1300.0,3,2,7000000
Residential House,Semi-Furnished,0.0,Unknown,2,Lucknow,1000.0,6,2,13000000
Multistorey Apartment,Unfurnished,3.0,Unknown,7,Lucknow,1000.0,2,2,6700000
Residential House,Furnished,2.0,South - East,2,Lucknow,800.0,3,2,5100000
Multistorey Apartment,Unfurnished,2.0,Unknown,4,Lucknow,1000.0,2,2,5500000
Residential House,Unfurnished,2.0,Unknown,1,Lucknow,1000.0,3,3,57000000
Residential House,Furnished,2.0,East,1,Lucknow,600.0,1,1,3000000
Residential House,Unfurnished,0.0,Unknown,1,Lucknow,1100.0,1,1,13000000
Multistorey Apartment,Semi-Furnished,8.0,Unknown,12,Lucknow,1657.0,3,3,12000000
Multistorey Apartment,Semi-Furnished,2.0,Unknown,4,Lucknow,1000.0,1,1,1750000
Villa,Furnished,2.0,Unknown,2,Lucknow,1000.0,4,4,9000000
Residential House,Unfurnished,1.0,Unknown,2,Lucknow,357.0,1,2,5000000
Multistorey Apartment,Unfurnished,1.0,Unknown,5,Lucknow,1050.0,2,2,5400000
Residential House,Semi-Furnished,2.0,Unknown,2,Lucknow,1600.0,4,2,15000000
Multistorey Apartment,Semi-Furnished,1.0,Unknown,3,Lucknow,1000.0,3,2,8200000
Residential House,Semi-Furnished,2.0,Unknown,1,Lucknow,800.0,2,2,3600000
Multistorey Apartment,Furnished,7.0,Unknown,12,Lucknow,1000.0,2,2,6000000
Multistorey Apartment,Semi-Furnished,1.0,Unknown,4,Lucknow,1000.0,3,3,9500000
Multistorey Apartment,Semi-Furnished,3.0,Unknown,3,Lucknow,1000.0,3,3,5500000
Multistorey Apartment,Unfurnished,0.0,Unknown,5,Lucknow,1000.0,1,1,2600000
Builder Floor Apartment,Unfurnished,1.0,Unknown,1,Lucknow,1000.0,2,2,1750000
Residential House,Unfurnished,2.0,Unknown,3,Lucknow,1000.0,8,5,19500000
Multistorey Apartment,Furnished,0.0,Unknown,10,Lucknow,634.0,2,2,2769000
Multistorey Apartment,Unfurnished,7.0,Unknown,12,Lucknow,1060.0,3,2,4575000
Residential House,Furnished,0.0,West,1,Lucknow,1000.0,3,3,5200000
Villa,Semi-Furnished,2.0,Unknown,3,Lucknow,1000.0,5,7,30000000
Multistorey Apartment,Semi-Furnished,5.0,Unknown,5,Lucknow,1200.0,2,2,6500000
Residential House,Unfurnished,2.0,Unknown,1,Lucknow,1000.0,4,4,12000000
Residential House,Unfurnished,1.0,North,2,Lucknow,1200.0,3,3,6200000
Residential House,Semi-Furnished,1.0,East,2,Lucknow,2250.0,3,4,6000000
Residential House,Furnished,2.0,North - East,2,Lucknow,1000.0,2,2,3500000
Multistorey Apartment,Furnished,3.0,East,3,Lucknow,1500.0,3,2,5200000
Residential House,Furnished,0.0,East,2,Lucknow,1000.0,6,2,6200000
Residential House,Unfurnished,1.0,Unknown,3,Lucknow,1000.0,5,5,20700000
Residential House,Furnished,2.0,Unknown,2,Lucknow,1500.0,6,4,11200000
Residential House,Furnished,2.0,Unknown,2,Lucknow,1000.0,4,2,4000000
Multistorey Apartment,Semi-Furnished,0.0,Unknown,5,Lucknow,1253.0,3,3,8000000
Residential House,Unfurnished,1.0,Unknown,2,Dehradun,1200.0,3,2,3650000
Multistorey Apartment,Semi-Furnished,2.0,East,4,Dehradun,1650.0,3,3,5200000
Multistorey Apartment,Unfurnished,4.0,Unknown,4,Dehradun,1200.0,3,1,5500000
Residential House,Unfurnished,0.0,Unknown,1,Dehradun,1000.0,2,2,3400000
Residential House,Unfurnished,0.0,Unknown,2,Dehradun,1300.0,4,2,3600000
Multistorey Apartment,Unfurnished,3.0,Unknown,4,Dehradun,2000.0,3,3,6500000
Residential House,Furnished,1.0,Unknown,1,Dehradun,1000.0,7,4,17000000
Residential House,Unfurnished,0.0,Unknown,2,Dehradun,1000.0,2,3,4000000
Residential House,Furnished,0.0,Unknown,2,Dehradun,1000.0,6,4,4200000
Multistorey Apartment,Semi-Furnished,1.0,Unknown,6,Dehradun,1000.0,4,4,6500000
Residential House,Unfurnished,0.0,Unknown,2,Dehradun,1000.0,5,6,6200000
Residential House,Unfurnished,0.0,Unknown,3,Dehradun,1000.0,6,3,7500000
Multistorey Apartment,Unfurnished,1.0,North - East,3,Dehradun,475.0,1,1,1600000
Residential House,Furnished,2.0,Unknown,2,Dehradun,1500.0,3,2,6500000
Multistorey Apartment,Semi-Furnished,4.0,Unknown,4,Dehradun,650.0,3,3,6500000
Residential House,Unfurnished,2.0,North - West,1,Dehradun,111.0,2,2,4500000
Residential House,Unfurnished,2.0,Unknown,3,Dehradun,1000.0,5,4,4800000
Multistorey Apartment,Semi-Furnished,5.0,South - East,20,Dehradun,1550.0,3,3,5500000
Residential House,Semi-Furnished,2.0,West,2,Dehradun,1000.0,3,2,8000000
Residential House,Furnished,3.0,Unknown,3,Dehradun,1000.0,3,8,9000000
Residential House,Unfurnished,2.0,Unknown,2,Dehradun,2000.0,3,2,4500000
Residential House,Semi-Furnished,2.0,Unknown,2,Dehradun,1000.0,6,3,6000000
Multistorey Apartment,Unfurnished,0.0,Unknown,1,Dehradun,1000.0,2,2,7500000
Residential House,Unfurnished,2.0,North - East,2,Dehradun,5950.0,4,5,120000000
Residential House,Semi-Furnished,0.0,East,1,Dehradun,1000.0,4,2,2500000
Residential House,Furnished,0.0,Unknown,3,Dehradun,1000.0,5,6,3000000
Multistorey Apartment,Semi-Furnished,1.0,Unknown,3,Dehradun,1000.0,2,2,2500000
Multistorey Apartment,Furnished,1.0,North - West,3,Dehradun,1600.0,3,2,4900000
Residential House,Furnished,0.0,Unknown,1,Dehradun,1000.0,2,1,2100000
Residential House,Semi-Furnished,0.0,Unknown,1,Dehradun,1000.0,2,2,3000000
Multistorey Apartment,Semi-Furnished,1.0,West,3,Dehradun,5800.0,3,2,18000000
Multistorey Apartment,Unfurnished,1.0,Unknown,3,Dehradun,1000.0,3,2,1800000
Multistorey Apartment,Semi-Furnished,0.0,Unknown,2,Dehradun,660.0,1,1,2500000
Residential House,Unfurnished,2.0,Unknown,1,Dehradun,1000.0,4,2,5500000
Residential House,Semi-Furnished,0.0,Unknown,3,Dehradun,1000.0,10,6,17500000
Multistorey Apartment,Unfurnished,3.0,Unknown,4,Dehradun,1000.0,3,2,5000000
Residential House,Semi-Furnished,0.0,Unknown,2,Dehradun,1000.0,8,4,9500000
Residential House,Unfurnished,0.0,North,1,Dehradun,1000.0,3,3,16000000
Residential House,Semi-Furnished,0.0,Unknown,1,Dehradun,1000.0,2,1,1000000
Residential House,Furnished,0.0,Unknown,1,Dehradun,1000.0,3,4,5000000
Residential House,Semi-Furnished,0.0,Unknown,3,Dehradun,1000.0,8,4,4000000
Residential House,Unfurnished,1.0,Unknown,1,Dehradun,1200.0,4,4,3000000
Residential House,Unknown,2.0,Unknown,4,Dehradun,1000.0,3,2,7000000
Residential House,Unknown,2.0,Unknown,4,Dehradun,1000.0,7,2,15000000
Residential House,Semi-Furnished,0.0,Unknown,1,Dehradun,1000.0,3,3,19000000
Multistorey Apartment,Semi-Furnished,4.0,North,7,Dehradun,1400.0,2,2,3500000
Residential House,Semi-Furnished,0.0,Unknown,2,Dehradun,1000.0,3,5,5500000
Multistorey Apartment,Furnished,1.0,Unknown,5,Dehradun,1200.0,2,2,5200000
Multistorey Apartment,Furnished,1.0,North - East,4,Dehradun,1000.0,2,1,2500000
Residential House,Furnished,1.0,Unknown,1,Dehradun,1000.0,3,3,20000000
Multistorey Apartment,Unfurnished,2.0,North - East,6,Dehradun,1000.0,3,3,6500000
Residential House,Semi-Furnished,2.0,Unknown,2,Dehradun,1000.0,3,5,6000000
Multistorey Apartment,Semi-Furnished,6.0,East,6,Dehradun,1000.0,3,3,6500000
Multistorey Apartment,Semi-Furnished,1.0,North - West,4,Dehradun,1155.0,2,2,4000000
Residential House,Furnished,1.0,East,2,Dehradun,2300.0,5,6,5900000
Multistorey Apartment,Semi-Furnished,1.0,Unknown,3,Dehradun,800.0,2,2,4000000
Multistorey Apartment,Semi-Furnished,1.0,Unknown,3,Dehradun,1600.0,3,2,6000000
Multistorey Apartment,Semi-Furnished,3.0,Unknown,5,Dehradun,1000.0,4,4,5500000
Multistorey Apartment,Semi-Furnished,2.0,Unknown,4,Dehradun,1000.0,2,2,10850000
Residential House,Semi-Furnished,2.0,East,3,Dehradun,3510.0,3,2,35000000
Multistorey Apartment,Semi-Furnished,-1.0,Unknown,3,Dehradun,790.0,2,2,3500000
Multistorey Apartment,Semi-Furnished,1.0,North - West,3,Dehradun,1550.0,4,3,7100000
Residential House,Semi-Furnished,0.0,Unknown,1,Dehradun,1000.0,4,4,7000000
Residential House,Unfurnished,1.0,South,1,Dehradun,1000.0,2,3,3800000
Multistorey Apartment,Unfurnished,0.0,South -West,3,Dehradun,1650.0,3,3,10000000
Multistorey Apartment,Semi-Furnished,0.0,East,1,Dehradun,700.0,2,1,2600000
Residential House,Unfurnished,1.0,North - West,3,Dehradun,1780.0,4,4,7200000
Residential House,Semi-Furnished,2.0,North - East,2,Dehradun,1000.0,3,3,5200000
Residential House,Furnished,2.0,Unknown,2,Lucknow,1450.0,3,3,6500000
Residential House,Unfurnished,0.0,Unknown,1,Lucknow,1000.0,2,2,5200000
Residential House,Furnished,2.0,Unknown,1,Lucknow,500.0,2,1,2300000
Residential House,Unknown,2.0,Unknown,4,Lucknow,750.0,3,2,3300000
Residential House,Unfurnished,1.0,Unknown,1,Lucknow,1000.0,3,1,4600000
Residential House,Semi-Furnished,2.0,South - East,2,Lucknow,1000.0,4,6,9000000
Residential House,Unfurnished,2.0,West,2,Lucknow,1800.0,4,4,20500000
Multistorey Apartment,Unknown,4.0,Unknown,4,Lucknow,1000.0,2,2,4500000
Multistorey Apartment,Semi-Furnished,2.0,Unknown,10,Lucknow,1035.0,2,2,4000000
Multistorey Apartment,Semi-Furnished,1.0,Unknown,4,Lucknow,1000.0,2,2,4500000
Residential House,Unfurnished,1.0,West,2,Lucknow,1000.0,4,1,7000000
Residential House,Furnished,2.0,West,1,Lucknow,600.0,2,1,2050000
Residential House,Furnished,2.0,Unknown,2,Lucknow,800.0,4,2,4600000
Residential House,Semi-Furnished,2.0,Unknown,2,Lucknow,650.0,3,2,4000000
Studio Apartment,Unfurnished,6.0,Unknown,4,Lucknow,1000.0,3,2,3600000
Residential House,Unfurnished,0.0,Unknown,2,Lucknow,1000.0,3,1,8000000
Multistorey Apartment,Unfurnished,5.0,Unknown,8,Lucknow,1000.0,2,2,4000000
Multistorey Apartment,Furnished,2.0,North,4,Lucknow,1250.0,3,2,7500000
Residential House,Semi-Furnished,2.0,Unknown,1,Lucknow,1000.0,4,4,50000000
Residential House,Unfurnished,0.0,Unknown,1,Lucknow,1000.0,6,3,22500000
Residential House,Unfurnished,1.0,Unknown,1,Lucknow,1000.0,2,1,2500000
Multistorey Apartment,Furnished,3.0,West,5,Lucknow,1000.0,3,3,19500000
Multistorey Apartment,Semi-Furnished,2.0,Unknown,11,Lucknow,1000.0,2,2,9000000
Multistorey Apartment,Unfurnished,0.0,Unknown,3,Lucknow,1000.0,2,2,8500000
Residential House,Unfurnished,0.0,Unknown,2,Lucknow,1500.0,3,3,9000000
Residential House,Unfurnished,1.0,Unknown,1,Lucknow,700.0,1,1,2700000
Villa,Semi-Furnished,2.0,Unknown,2,Lucknow,1000.0,4,4,30000000
Residential House,Unfurnished,2.0,Unknown,4,Lucknow,1000.0,5,3,5500000
Multistorey Apartment,Unfurnished,7.0,Unknown,14,Lucknow,700.0,2,2,4400000
Residential House,Semi-Furnished,0.0,Unknown,3,Lucknow,1000.0,5,4,8000000
Residential House,Semi-Furnished,2.0,West,1,Lucknow,1250.0,2,2,10000000
Residential House,Unfurnished,0.0,Unknown,1,Lucknow,1000.0,1,1,5000000
Residential House,Furnished,0.0,Unknown,1,Lucknow,1000.0,3,2,5500000
Residential House,Semi-Furnished,3.0,Unknown,3,Lucknow,1000.0,5,5,30000000
Residential House,Unfurnished,0.0,Unknown,1,Lucknow,1000.0,2,2,6500000
Penthouse,Furnished,6.0,North - East,6,Lucknow,4000.0,4,4,16500000
Residential House,Semi-Furnished,2.0,East,2,Lucknow,1300.0,3,3,15000000
Residential House,Semi-Furnished,0.0,Unknown,1,Lucknow,1600.0,3,2,22000000
Villa,Semi-Furnished,2.0,Unknown,2,Lucknow,2100.0,5,5,19000000
Residential House,Unfurnished,2.0,Unknown,2,Lucknow,1000.0,3,3,3500000
Residential House,Semi-Furnished,0.0,North - West,1,Lucknow,1110.0,2,2,5600000
Villa,Furnished,2.0,Unknown,200,Lucknow,800.0,2,2,2880000
Residential House,Semi-Furnished,0.0,Unknown,3,Lucknow,1000.0,5,6,15000000
Villa,Unfurnished,2.0,Unknown,2,Lucknow,1000.0,3,3,6200000
Residential House,Furnished,2.0,Unknown,2,Lucknow,1000.0,3,2,2400000
Studio Apartment,Furnished,0.0,Unknown,12,Lucknow,1000.0,3,1,1000000
Multistorey Apartment,Furnished,1.0,Unknown,8,Lucknow,1000.0,3,3,9300000
Residential House,Unfurnished,1.0,Unknown,1,Lucknow,1100.0,4,2,5500000
Builder Floor Apartment,Furnished,3.0,Unknown,6,Lucknow,1000.0,2,2,3000000
Residential House,Furnished,0.0,Unknown,1,Lucknow,1000.0,2,1,2950000
Multistorey Apartment,Unfurnished,5.0,Unknown,12,Lucknow,1000.0,3,2,7500000
Residential House,Unfurnished,2.0,Unknown,3,Lucknow,1000.0,3,8,22500000
Residential House,Semi-Furnished,2.0,Unknown,2,Lucknow,330.0,3,2,2500000
Residential House,Furnished,2.0,Unknown,2,Lucknow,1000.0,4,6,12500000
Residential House,Furnished,1.0,Unknown,2,Lucknow,1000.0,2,1,3000000
Villa,Unknown,2.0,Unknown,4,Lucknow,1000.0,2,2,16000000
Residential House,Unfurnished,1.0,South - East,2,Lucknow,900.0,3,2,11000000
Residential House,Furnished,2.0,Unknown,2,Lucknow,1000.0,4,3,10000000
Builder Floor Apartment,Semi-Furnished,3.0,Unknown,4,Lucknow,1000.0,3,2,2600000
Residential House,Semi-Furnished,2.0,Unknown,3,Lucknow,1000.0,3,3,4200000
Multistorey Apartment,Semi-Furnished,4.0,Unknown,24,Lucknow,1000.0,3,3,9500000
Residential House,Semi-Furnished,2.0,West,1,Lucknow,1000.0,3,2,3800000
Villa,Semi-Furnished,2.0,North,2,Lucknow,1000.0,3,3,6000000
Residential House,Semi-Furnished,2.0,Unknown,2,Lucknow,1550.0,5,4,5500000
Residential House,Unfurnished,2.0,Unknown,2,Lucknow,1000.0,4,5,100000000
Residential House,Semi-Furnished,2.0,East,2,Lucknow,1000.0,3,2,67960000
Multistorey Apartment,Furnished,1.0,Unknown,2,Lucknow,1000.0,2,1,3000000
Builder Floor Apartment,Semi-Furnished,3.0,Unknown,6,Lucknow,1000.0,2,2,3000000
Multistorey Apartment,Semi-Furnished,2.0,Unknown,10,Lucknow,1000.0,2,2,7500000
Multistorey Apartment,Unknown,8.0,East,8,Lucknow,1000.0,3,2,7150000
Residential House,Semi-Furnished,1.0,Unknown,2,Lucknow,1000.0,6,6,55000000
Multistorey Apartment,Furnished,0.0,Unknown,3,Lucknow,1000.0,1,1,2200000
Multistorey Apartment,Unfurnished,2.0,North,4,Lucknow,1450.0,3,3,6525000
Residential House,Furnished,0.0,West,1,Lucknow,2100.0,3,3,21000000
Multistorey Apartment,Unfurnished,5.0,Unknown,4,Lucknow,1000.0,1,1,1550000
Residential House,Unknown,1.0,Unknown,2,Lucknow,1000.0,3,3,3800000
Multistorey Apartment,Semi-Furnished,2.0,Unknown,3,Lucknow,650.0,2,2,3000000
Residential House,Furnished,0.0,Unknown,1,Lucknow,1000.0,2,2,1800000
Builder Floor Apartment,Unfurnished,1.0,Unknown,5,Lucknow,1000.0,2,2,3500000
Builder Floor Apartment,Unfurnished,2.0,Unknown,2,Lucknow,2150.0,5,4,10000000
Multistorey Apartment,Unfurnished,2.0,Unknown,4,Lucknow,1000.0,2,2,4000000
Multistorey Apartment,Unfurnished,5.0,Unknown,8,Lucknow,1000.0,2,2,6000000
Villa,Unfurnished,2.0,East,1,Lucknow,1213.0,3,2,8000000
Residential House,Furnished,2.0,Unknown,1,Lucknow,775.0,1,2,7000000
Residential House,Unfurnished,2.0,North,7,Lucknow,1000.0,2,2,5500000
Multistorey Apartment,Semi-Furnished,4.0,Unknown,4,Lucknow,1000.0,3,2,8000000
Residential House,Unfurnished,0.0,Unknown,2,Lucknow,1000.0,2,2,4000000
Residential House,Unfurnished,2.0,Unknown,1,Lucknow,1000.0,1,1,2200000
Residential House,Furnished,2.0,South - East,2,Lucknow,1000.0,6,3,13500000
Residential House,Unfurnished,1.0,East,1,Lucknow,500.0,1,1,1900000
Multistorey Apartment,Semi-Furnished,1.0,Unknown,4,Lucknow,1000.0,3,3,7500000
Multistorey Apartment,Semi-Furnished,2.0,Unknown,3,Dehradun,1000.0,1,1,2200000
Multistorey Apartment,Unfurnished,6.0,East,12,Lucknow,60.0,2,2,5100000
Residential House,Semi-Furnished,2.0,Unknown,2,Dehradun,1000.0,2,2,4200000
Residential House,Semi-Furnished,0.0,East,2,Dehradun,1000.0,4,2,8000000
Residential House,Unfurnished,2.0,Unknown,2,Lucknow,1400.0,3,2,12500000
Multistorey Apartment,Semi-Furnished,6.0,Unknown,12,Lucknow,1000.0,2,2,6000000
Residential House,Semi-Furnished,0.0,Unknown,2,Dehradun,1000.0,3,3,6500000
Residential House,Semi-Furnished,0.0,Unknown,2,Dehradun,1000.0,4,3,15000000
Residential House,Semi-Furnished,2.0,Unknown,3,Dehradun,1700.0,3,3,7700000
Residential House,Furnished,0.0,Unknown,2,Dehradun,1000.0,4,5,8000000
Residential House,Furnished,2.0,Unknown,1,Dehradun,65.0,1,1,450000
Multistorey Apartment,Semi-Furnished,0.0,East,3,Dehradun,700.0,2,2,4600000
Residential House,Unfurnished,2.0,East,2,Dehradun,1400.0,3,3,12500000
Residential House,Furnished,2.0,Unknown,2,Dehradun,1000.0,3,2,2650000
Multistorey Apartment,Furnished,2.0,Unknown,2,Dehradun,750.0,2,2,3200000
Builder Floor Apartment,Furnished,1.0,Unknown,3,Dehradun,1000.0,2,2,3500000
Residential House,Semi-Furnished,2.0,Unknown,1,Dehradun,1000.0,3,3,5100000
Residential House,Semi-Furnished,2.0,Unknown,2,Dehradun,1000.0,6,6,17000000
Residential House,Unfurnished,1.0,South -West,2,Dehradun,1400.0,3,3,10000000
Builder Floor Apartment,Unfurnished,0.0,Unknown,3,Dehradun,1000.0,2,2,2800000
Residential House,Semi-Furnished,2.0,Unknown,2,Dehradun,1100.0,3,3,5100000
Residential House,Semi-Furnished,2.0,Unknown,2,Dehradun,1000.0,3,2,5000000
Builder Floor Apartment,Unfurnished,0.0,Unknown,3,Dehradun,1000.0,2,2,4500000
Residential House,Unfurnished,2.0,Unknown,2,Dehradun,1000.0,4,3,3200000
Residential House,Furnished,2.0,Unknown,2,Dehradun,1000.0,3,3,8500000
Multistorey Apartment,Semi-Furnished,4.0,Unknown,5,Dehradun,1000.0,3,3,15000000
Builder Floor Apartment,Unfurnished,0.0,Unknown,3,Dehradun,1000.0,2,2,3800000
Residential House,Furnished,0.0,Unknown,1,Dehradun,1200.0,2,2,8000000
Multistorey Apartment,Furnished,1.0,North,5,Dehradun,3000.0,4,4,29500000
Residential House,Unknown,2.0,Unknown,4,Dehradun,1000.0,3,2,6000000
Residential House,Unfurnished,1.0,North - West,1,Dehradun,1000.0,2,2,3800000
Residential House,Unfurnished,0.0,Unknown,3,Dehradun,750.0,5,3,7000000
Residential House,Semi-Furnished,0.0,East,1,Dehradun,712.0,2,2,4000000
Residential House,Unknown,2.0,Unknown,4,Dehradun,1000.0,4,2,4200000
Residential House,Semi-Furnished,1.0,South,2,Dehradun,3600.0,5,4,22000000
Builder Floor Apartment,Unfurnished,2.0,East,3,Dehradun,1000.0,2,2,4300000
Multistorey Apartment,Unfurnished,0.0,North,4,Dehradun,820.0,2,2,4000000
Residential House,Unfurnished,0.0,East,2,Dehradun,84.0,2,1,3300000
Multistorey Apartment,Unfurnished,2.0,North - West,6,Dehradun,47.0,1,2,2850000
Builder Floor Apartment,Semi-Furnished,1.0,Unknown,2,Dehradun,1310.0,3,2,3700000
Villa,Unfurnished,2.0,North - West,3,Dehradun,1800.0,3,3,7000000
Multistorey Apartment,Unfurnished,1.0,North,7,Dehradun,2200.0,3,4,11499000
Multistorey Apartment,Furnished,2.0,North,5,Dehradun,1600.0,3,3,7500000
Residential House,Semi-Furnished,2.0,East,2,Dehradun,2880.0,4,3,9000000
Residential House,Unfurnished,1.0,South - East,2,Dehradun,1400.0,3,2,7300000
Residential House,Furnished,1.0,North - East,200,Dehradun,1000.0,4,3,5000000
Residential House,Semi-Furnished,2.0,West,2,Dehradun,1000.0,4,3,3900000
Residential House,Unfurnished,2.0,North,2,Dehradun,1140.0,3,3,8100000
Builder Floor Apartment,Semi-Furnished,1.0,North - East,3,Dehradun,1200.0,3,2,6000000
Multistorey Apartment,Unfurnished,3.0,North - East,4,Dehradun,1000.0,2,2,7200000
Builder Floor Apartment,Semi-Furnished,2.0,South,2,Dehradun,1180.0,3,3,7500000
Multistorey Apartment,Semi-Furnished,7.0,North - East,7,Dehradun,5000.0,4,5,22000000
Villa,Furnished,2.0,East,2,Dehradun,1500.0,3,3,7000000
Residential House,Semi-Furnished,0.0,Unknown,3,Dehradun,1000.0,6,4,13499999
Residential House,Unfurnished,1.0,North - East,2,Dehradun,1600.0,3,2,14000000
Multistorey Apartment,Semi-Furnished,4.0,West,6,Dehradun,1000.0,4,3,8000000
Residential House,Unfurnished,1.0,East,2,Dehradun,776.0,5,4,5250000
Multistorey Apartment,Semi-Furnished,2.0,Unknown,7,Dehradun,1000.0,5,5,18500000
Residential House,Unfurnished,1.0,North,1,Dehradun,520.0,1,2,2800000
Villa,Unfurnished,2.0,North,3,Dehradun,3100.0,4,4,14000000
Residential House,Unfurnished,0.0,North,1,Dehradun,1200.0,3,2,8500000
Residential House,Unfurnished,1.0,South -West,2,Dehradun,1000.0,3,2,8900000
Residential House,Furnished,2.0,Unknown,2,Dehradun,1000.0,5,3,20000000
Residential House,Semi-Furnished,0.0,Unknown,2,Dehradun,1600.0,4,3,8500000
Residential House,Semi-Furnished,0.0,North - East,2,Dehradun,1200.0,3,2,4100000
Residential House,Unfurnished,0.0,Unknown,1,Dehradun,1000.0,2,2,6500000
Residential House,Semi-Furnished,3.0,South -West,3,Dehradun,1400.0,4,2,5500000
Multistorey Apartment,Unfurnished,1.0,East,3,Dehradun,950.0,2,2,4500000
Builder Floor Apartment,Furnished,2.0,East,3,Dehradun,1000.0,2,2,3300000
Residential House,Furnished,2.0,Unknown,2,Dehradun,1200.0,4,2,9400000
Residential House,Unfurnished,0.0,East,1,Dehradun,1000.0,3,2,4200000
Multistorey Apartment,Semi-Furnished,3.0,Unknown,10,Dehradun,1000.0,3,4,12000000
Multistorey Apartment,Semi-Furnished,1.0,East,3,Dehradun,1250.0,2,2,3500000
Multistorey Apartment,Semi-Furnished,1.0,Unknown,6,Dehradun,1400.0,2,2,5600000
Multistorey Apartment,Furnished,2.0,East,2,Dehradun,1000.0,2,2,5000000
Builder Floor Apartment,Unfurnished,1.0,East,4,Dehradun,800.0,1,1,3000000
Residential House,Semi-Furnished,2.0,Unknown,2,Dehradun,1000.0,4,3,15000000
Residential House,Unfurnished,1.0,East,1,Dehradun,1000.0,2,1,3500000
Multistorey Apartment,Unfurnished,2.0,Unknown,4,Dehradun,1000.0,1,1,2150000
Multistorey Apartment,Unfurnished,3.0,Unknown,4,Dehradun,130.0,3,2,5000000
Residential House,Semi-Furnished,0.0,South - East,2,Dehradun,950.0,3,3,7650000
Residential House,Unfurnished,1.0,North - East,2,Dehradun,1600.0,3,3,5950000
Residential House,Semi-Furnished,0.0,East,1,Dehradun,1000.0,2,3,4500000
Residential House,Semi-Furnished,0.0,Unknown,1,Dehradun,1000.0,2,1,4000000
Multistorey Apartment,Unfurnished,5.0,Unknown,8,Dehradun,2090.0,3,3,18000000
Multistorey Apartment,Semi-Furnished,2.0,East,4,Dehradun,1410.0,3,3,6000000
Residential House,Unfurnished,2.0,Unknown,2,Dehradun,1500.0,3,2,6500000
Residential House,Furnished,2.0,Unknown,2,Dehradun,600.0,2,2,4500000
Builder Floor Apartment,Unfurnished,0.0,Unknown,2,Dehradun,1000.0,2,1,1600000
Residential House,Semi-Furnished,0.0,North - East,2,Dehradun,1000.0,4,2,36993000
Builder Floor Apartment,Semi-Furnished,2.0,South,2,Dehradun,1500.0,3,3,6200000
Villa,Semi-Furnished,2.0,East,2,Dehradun,4500.0,4,5,39900000
Multistorey Apartment,Unfurnished,4.0,North - East,4,Dehradun,3500.0,4,4,18990000
Residential House,Furnished,1.0,South,2,Dehradun,1000.0,3,3,9000000
Residential House,Semi-Furnished,0.0,South -West,2,Dehradun,1000.0,3,3,9700000
Villa,Semi-Furnished,2.0,North - East,3,Dehradun,3100.0,4,4,14000000
Multistorey Apartment,Semi-Furnished,2.0,Unknown,4,Dehradun,1185.0,2,2,4300000
Builder Floor Apartment,Semi-Furnished,1.0,East,3,Dehradun,1400.0,2,2,4500000
Residential House,Unfurnished,2.0,Unknown,2,Lucknow,1000.0,2,2,4600000
Multistorey Apartment,Unfurnished,8.0,Unknown,11,Lucknow,1000.0,2,1,3200000
Residential House,Semi-Furnished,0.0,Unknown,3,Lucknow,1000.0,4,5,8800000
Multistorey Apartment,Semi-Furnished,6.0,Unknown,8,Lucknow,1000.0,3,2,12500000
Multistorey Apartment,Furnished,0.0,Unknown,3,Lucknow,980.0,2,2,6200000
Villa,Semi-Furnished,2.0,Unknown,2,Lucknow,3800.0,6,5,25000000
Residential House,Unfurnished,3.0,East,3,Lucknow,676.0,2,2,7500000
Residential House,Unfurnished,0.0,North - East,1,Lucknow,1200.0,2,2,5200000
Multistorey Apartment,Semi-Furnished,5.0,Unknown,10,Lucknow,1650.0,3,3,9000000
Residential House,Semi-Furnished,2.0,West,1,Lucknow,1250.0,2,3,4800000
Multistorey Apartment,Semi-Furnished,8.0,Unknown,11,Lucknow,1400.0,3,3,12500000
Residential House,Semi-Furnished,0.0,Unknown,1,Lucknow,1000.0,2,1,5000000
Residential House,Unfurnished,2.0,West,1,Lucknow,1000.0,3,2,4500000
Residential House,Furnished,0.0,Unknown,2,Lucknow,1000.0,2,2,4500000
Residential House,Semi-Furnished,2.0,Unknown,1,Lucknow,1000.0,2,2,4200000
Residential House,Semi-Furnished,2.0,Unknown,2,Lucknow,1000.0,2,2,3499999
Residential House,Unfurnished,0.0,Unknown,1,Lucknow,1000.0,2,1,1900000
Villa,Furnished,2.0,East,2,Lucknow,1000.0,2,2,7000000
Residential House,Unfurnished,1.0,South -West,1,Lucknow,950.0,2,2,6000000
Builder Floor Apartment,Semi-Furnished,3.0,Unknown,4,Lucknow,1000.0,2,2,5500000
Residential House,Unfurnished,0.0,Unknown,1,Lucknow,1000.0,4,1,4000000
Builder Floor Apartment,Semi-Furnished,7.0,Unknown,10,Lucknow,1000.0,3,3,9000000
Villa,Unfurnished,2.0,Unknown,2,Lucknow,1000.0,3,3,5100000
Villa,Furnished,2.0,North,1,Lucknow,1000.0,6,5,30000000
Residential House,Unfurnished,2.0,Unknown,3,Lucknow,450.0,4,3,6800000
Villa,Unfurnished,2.0,East,2,Lucknow,1000.0,5,3,16000000
Villa,Furnished,2.0,Unknown,1,Lucknow,858.0,1,3,6000000
Residential House,Semi-Furnished,0.0,Unknown,2,Lucknow,1000.0,3,2,4500000
Residential House,Semi-Furnished,2.0,Unknown,3,Lucknow,1000.0,2,2,6500000
Builder Floor Apartment,Semi-Furnished,2.0,Unknown,3,Lucknow,1000.0,4,3,10500000
Residential House,Unfurnished,0.0,Unknown,3,Lucknow,1000.0,2,2,3900000
Multistorey Apartment,Semi-Furnished,2.0,Unknown,4,Lucknow,1000.0,2,2,5500000
Residential House,Furnished,2.0,Unknown,1,Lucknow,800.0,2,2,3500000
Residential House,Furnished,1.0,Unknown,1,Lucknow,1000.0,2,2,4500000
Residential House,Semi-Furnished,2.0,Unknown,2,Lucknow,1200.0,3,3,6000000
Residential House,Furnished,2.0,Unknown,2,Lucknow,3500.0,4,4,27500000
Residential House,Semi-Furnished,2.0,Unknown,1,Lucknow,900.0,2,3,4500000
Residential House,Unfurnished,1.0,West,2,Lucknow,1000.0,3,3,19500000
Multistorey Apartment,Unfurnished,1.0,Unknown,5,Lucknow,950.0,2,2,4800000
Multistorey Apartment,Semi-Furnished,0.0,East,2,Lucknow,850.0,2,2,6000000
Residential House,Furnished,0.0,Unknown,2,Lucknow,1000.0,4,4,5500000
Residential House,Unfurnished,1.0,Unknown,2,Lucknow,1000.0,2,2,5200000
Residential House,Unfurnished,1.0,South - East,2,Lucknow,650.0,2,2,8000000
Residential House,Semi-Furnished,0.0,North - West,2,Lucknow,1000.0,3,3,5075000
Multistorey Apartment,Unfurnished,0.0,Unknown,1,Lucknow,1336.0,2,2,7000000
Multistorey Apartment,Unfurnished,1.0,Unknown,14,Lucknow,100.0,2,2,7200000
Multistorey Apartment,Semi-Furnished,1.0,Unknown,3,Lucknow,1000.0,3,2,4940000
Builder Floor Apartment,Furnished,1.0,Unknown,4,Lucknow,1000.0,1,1,2700000
Multistorey Apartment,Unknown,2.0,Unknown,4,Lucknow,1150.0,2,2,8500000
Residential House,Furnished,2.0,North,2,Lucknow,1000.0,4,4,25000000
Multistorey Apartment,Semi-Furnished,6.0,Unknown,15,Lucknow,1000.0,2,2,7500000
Residential House,Semi-Furnished,0.0,Unknown,2,Lucknow,1000.0,7,3,7500000
Multistorey Apartment,Semi-Furnished,8.0,Unknown,10,Lucknow,1000.0,2,2,3600000
Multistorey Apartment,Unfurnished,15.0,Unknown,23,Lucknow,1000.0,4,4,11200000
Residential House,Semi-Furnished,0.0,West,2,Lucknow,2600.0,3,3,21500000
Residential House,Unfurnished,0.0,Unknown,1,Lucknow,1000.0,1,1,1055000
Multistorey Apartment,Semi-Furnished,10.0,Unknown,14,Lucknow,1000.0,3,3,8400000
Residential House,Semi-Furnished,0.0,Unknown,2,Lucknow,1000.0,3,3,6500000
Residential House,Furnished,2.0,Unknown,2,Lucknow,1300.0,4,3,9000000
Residential House,Semi-Furnished,0.0,Unknown,1,Lucknow,1000.0,2,1,1700000
Residential House,Furnished,0.0,Unknown,2,Lucknow,1000.0,10,10,280000000
Residential House,Furnished,0.0,Unknown,2,Lucknow,1000.0,6,7,20000000
Multistorey Apartment,Furnished,5.0,Unknown,11,Lucknow,1000.0,2,2,6000000
Residential House,Furnished,1.0,East,1,Lucknow,1000.0,3,3,4900000
Residential House,Unfurnished,1.0,East,1,Lucknow,1600.0,3,2,9000000
Multistorey Apartment,Furnished,5.0,Unknown,5,Lucknow,1400.0,3,2,7500000
Villa,Unfurnished,2.0,Unknown,2,Lucknow,1000.0,4,4,5000000
Residential House,Furnished,0.0,North - West,1,Lucknow,1100.0,3,2,4600000
Residential House,Semi-Furnished,2.0,Unknown,3,Lucknow,1000.0,3,6,12500000
Residential House,Furnished,0.0,Unknown,1,Lucknow,1000.0,3,2,8000000
Residential House,Semi-Furnished,0.0,East,3,Lucknow,1450.0,5,3,9500000
Villa,Semi-Furnished,2.0,South,1,Lucknow,3200.0,4,3,35000000
Residential House,Unfurnished,1.0,Unknown,1,Lucknow,1000.0,4,3,5200000
Residential House,Furnished,0.0,Unknown,1,Lucknow,1000.0,2,2,5200000
Villa,Semi-Furnished,2.0,Unknown,1,Lucknow,1650.0,3,3,11700000
Residential House,Unknown,2.0,East,1,Lucknow,1000.0,4,4,13000000
Residential House,Unfurnished,2.0,Unknown,1,Lucknow,1000.0,5,2,3900000
Residential House,Semi-Furnished,0.0,Unknown,3,Lucknow,1000.0,5,3,7000000
Residential House,Furnished,2.0,Unknown,2,Lucknow,480.0,4,2,5000000
Multistorey Apartment,Unknown,2.0,Unknown,4,Lucknow,1000.0,3,2,9000000
Residential House,Unfurnished,1.0,Unknown,1,Lucknow,1000.0,3,3,5500000
Multistorey Apartment,Unfurnished,6.0,East,11,Lucknow,1000.0,2,2,7100000
Residential House,Semi-Furnished,2.0,Unknown,2,Lucknow,500.0,2,2,2500000
Residential House,Unfurnished,2.0,Unknown,2,Lucknow,1750.0,5,2,12000000
Residential House,Semi-Furnished,2.0,Unknown,2,Lucknow,3200.0,5,4,32500000
Residential House,Unfurnished,0.0,Unknown,3,Lucknow,1000.0,2,1,4000000
Multistorey Apartment,Furnished,1.0,Unknown,3,Lucknow,1000.0,2,2,4500000
Multistorey Apartment,Semi-Furnished,3.0,West,4,Lucknow,1000.0,1,1,2000000
Residential House,Semi-Furnished,3.0,Unknown,3,Lucknow,1000.0,4,4,5500000
Residential House,Semi-Furnished,0.0,Unknown,1,Lucknow,1000.0,3,3,2600000
Residential House,Unfurnished,1.0,Unknown,1,Dehradun,740.0,2,2,4200000
Residential House,Furnished,2.0,North,1,Lucknow,1000.0,3,3,4500000
Residential House,Semi-Furnished,2.0,East,2,Lucknow,1100.0,3,3,6000000
Multistorey Apartment,Semi-Furnished,1.0,North - East,3,Dehradun,1000.0,2,1,2500000
Residential House,Unfurnished,1.0,Unknown,1,Dehradun,1000.0,3,2,5000000
Multistorey Apartment,Unfurnished,17.0,East,24,Lucknow,570.0,1,2,2200000
Multistorey Apartment,Semi-Furnished,5.0,Unknown,7,Lucknow,600.0,1,1,2700000
Residential House,Unfurnished,2.0,East,2,Dehradun,1800.0,3,4,6300000
Residential House,Unfurnished,1.0,East,1,Dehradun,1000.0,2,2,2825000
Residential House,Furnished,1.0,East,1,Dehradun,1258.0,2,2,6800000
Residential House,Unfurnished,0.0,Unknown,1,Dehradun,1000.0,1,1,2900000
Builder Floor Apartment,Semi-Furnished,1.0,West,2,Dehradun,750.0,2,2,2700000
Villa,Unfurnished,2.0,East,2,Dehradun,2150.0,4,3,9700000
Residential House,Unfurnished,1.0,East,2,Dehradun,1200.0,3,2,7500000
Residential House,Semi-Furnished,0.0,Unknown,2,Dehradun,1000.0,4,4,18000000
Villa,Semi-Furnished,2.0,Unknown,3,Dehradun,1000.0,4,5,16000000
Residential House,Unfurnished,0.0,South - East,1,Dehradun,2450.0,3,3,16000000
Residential House,Unfurnished,0.0,Unknown,2,Dehradun,1000.0,2,2,1200000
Multistorey Apartment,Semi-Furnished,4.0,Unknown,4,Dehradun,1850.0,3,3,7000000
Residential House,Unfurnished,2.0,Unknown,2,Dehradun,450.0,2,2,2250000
Multistorey Apartment,Unfurnished,0.0,Unknown,4,Dehradun,1000.0,2,2,3000000
Residential House,Unfurnished,2.0,Unknown,2,Dehradun,1000.0,3,2,9000000
Multistorey Apartment,Semi-Furnished,1.0,Unknown,4,Dehradun,1500.0,3,3,6500000
Villa,Unfurnished,2.0,West,2,Dehradun,1000.0,5,4,26500000
Villa,Unfurnished,2.0,East,2,Dehradun,2200.0,3,5,7500000
Villa,Semi-Furnished,2.0,North - West,2,Dehradun,2050.0,4,5,16900000
Residential House,Semi-Furnished,2.0,North,3,Dehradun,3500.0,5,4,17500000
Multistorey Apartment,Semi-Furnished,2.0,North - East,4,Dehradun,400.0,1,1,3200000
Builder Floor Apartment,Unfurnished,1.0,Unknown,3,Dehradun,1000.0,2,2,6500000
Multistorey Apartment,Semi-Furnished,0.0,Unknown,3,Dehradun,1000.0,2,2,4000000
Builder Floor Apartment,Unfurnished,3.0,Unknown,4,Dehradun,1000.0,2,2,4200000
Builder Floor Apartment,Semi-Furnished,2.0,Unknown,4,Dehradun,1000.0,1,1,1900000
Residential House,Semi-Furnished,0.0,Unknown,1,Dehradun,1000.0,2,1,3200000
Builder Floor Apartment,Semi-Furnished,1.0,Unknown,4,Dehradun,8001.0,2,2,3600000
Residential House,Semi-Furnished,0.0,Unknown,1,Dehradun,1000.0,2,1,5500000
Residential House,Semi-Furnished,2.0,Unknown,1,Dehradun,330.0,5,4,17500000
Builder Floor Apartment,Semi-Furnished,2.0,Unknown,3,Dehradun,1000.0,2,2,3500000
Builder Floor Apartment,Furnished,0.0,Unknown,3,Dehradun,1000.0,2,3,3200000
Builder Floor Apartment,Semi-Furnished,0.0,East,3,Dehradun,1000.0,2,2,3300000
Residential House,Semi-Furnished,0.0,East,1,Dehradun,1000.0,4,4,6000000
Multistorey Apartment,Semi-Furnished,1.0,North - East,2,Dehradun,1400.0,3,3,9500000
Builder Floor Apartment,Semi-Furnished,2.0,East,4,Dehradun,1000.0,3,2,6250000
Multistorey Apartment,Semi-Furnished,1.0,Unknown,4,Dehradun,1000.0,2,2,4000000
Multistorey Apartment,Semi-Furnished,2.0,East,7,Dehradun,1150.0,3,3,8500000
Villa,Unfurnished,2.0,North - West,2,Dehradun,100.0,3,2,7900000
Residential House,Furnished,1.0,Unknown,1,Dehradun,1200.0,2,1,3800000
Multistorey Apartment,Semi-Furnished,4.0,North - East,6,Dehradun,1000.0,3,2,6000000
Multistorey Apartment,Semi-Furnished,8.0,Unknown,4,Dehradun,1000.0,2,2,6400000
Residential House,Semi-Furnished,2.0,Unknown,1,Dehradun,117.0,2,3,5000000
Multistorey Apartment,Unfurnished,0.0,East,5,Dehradun,1000.0,3,2,6500000
Multistorey Apartment,Semi-Furnished,3.0,Unknown,7,Dehradun,1000.0,4,4,12000000
Residential House,Semi-Furnished,2.0,South,1,Dehradun,900.0,2,3,4000000
Residential House,Unfurnished,0.0,South,2,Dehradun,1000.0,3,2,4700000
Builder Floor Apartment,Semi-Furnished,1.0,North - West,3,Dehradun,1800.0,3,3,7600000
Multistorey Apartment,Unfurnished,1.0,East,10,Dehradun,1000.0,2,2,4700000
Residential House,Unfurnished,1.0,East,2,Dehradun,800.0,3,2,4200000
Residential House,Furnished,0.0,Unknown,1,Dehradun,1000.0,3,3,8000000
Residential House,Unfurnished,2.0,Unknown,1,Dehradun,1300.0,3,2,6000000
Multistorey Apartment,Unfurnished,3.0,East,6,Dehradun,1000.0,4,4,12000000
Residential House,Unfurnished,0.0,Unknown,1,Dehradun,1000.0,2,2,4000000
Residential House,Unfurnished,2.0,Unknown,1,Dehradun,1000.0,3,1,2800000
Builder Floor Apartment,Furnished,3.0,Unknown,4,Dehradun,1000.0,1,1,3000000
Villa,Furnished,2.0,Unknown,2,Dehradun,1000.0,4,3,5400000
Multistorey Apartment,Semi-Furnished,3.0,Unknown,6,Dehradun,2200.0,4,4,12500000
Builder Floor Apartment,Semi-Furnished,1.0,Unknown,3,Dehradun,1000.0,2,2,6500000
Residential House,Semi-Furnished,2.0,Unknown,2,Dehradun,810.0,2,3,4000000
Residential House,Unfurnished,2.0,Unknown,2,Dehradun,1000.0,2,3,3550000
Builder Floor Apartment,Unfurnished,1.0,Unknown,4,Dehradun,1000.0,2,2,10500000
Residential House,Unknown,2.0,Unknown,4,Dehradun,1000.0,4,2,38000000
Residential House,Furnished,2.0,Unknown,2,Dehradun,1000.0,4,4,8000000
Residential House,Semi-Furnished,0.0,Unknown,3,Dehradun,1000.0,6,6,25000000
Residential House,Furnished,0.0,Unknown,2,Dehradun,1000.0,3,4,9000000
Residential House,Furnished,0.0,Unknown,4,Dehradun,1000.0,5,4,6500000
Multistorey Apartment,Semi-Furnished,3.0,Unknown,5,Dehradun,1000.0,3,3,6500000
Builder Floor Apartment,Semi-Furnished,1.0,Unknown,2,Dehradun,1000.0,2,2,5500000
Villa,Furnished,2.0,North - East,3,Dehradun,5000.0,10,8,25000000
Builder Floor Apartment,Semi-Furnished,2.0,Unknown,5,Dehradun,1000.0,3,3,6200000
Residential House,Unfurnished,1.0,North,1,Dehradun,1650.0,3,2,8800000
Villa,Semi-Furnished,2.0,Unknown,1,Dehradun,1000.0,2,2,10500000
Residential House,Unfurnished,1.0,South - East,2,Dehradun,500.0,6,5,27000000
Residential House,Unfurnished,1.0,East,1,Dehradun,120.0,2,2,13000000
Residential House,Semi-Furnished,0.0,Unknown,1,Dehradun,1000.0,2,2,9800000
Multistorey Apartment,Semi-Furnished,2.0,Unknown,2,Dehradun,1600.0,4,4,15000000
Residential House,Furnished,2.0,Unknown,1,Dehradun,1000.0,2,2,4500000
Multistorey Apartment,Furnished,8.0,North - East,8,Dehradun,1280.0,2,2,5800000
Multistorey Apartment,Unknown,2.0,Unknown,4,Dehradun,1000.0,2,2,7000000
Multistorey Apartment,Semi-Furnished,2.0,Unknown,3,Dehradun,1000.0,3,3,8000000
Multistorey Apartment,Unfurnished,0.0,Unknown,5,Dehradun,1000.0,3,2,7000000
Villa,Unfurnished,2.0,Unknown,2,Dehradun,1000.0,5,5,25000000
Residential House,Semi-Furnished,2.0,Unknown,1,Dehradun,1000.0,3,2,11500000
Builder Floor Apartment,Furnished,1.0,Unknown,3,Dehradun,1000.0,3,3,11000000
Penthouse,Furnished,6.0,South - East,7,Dehradun,3818.0,4,5,30000000
Multistorey Apartment,Furnished,1.0,Unknown,16,Dehradun,1515.0,2,2,9500000
Multistorey Apartment,Furnished,2.0,East,7,Dehradun,608.0,1,1,3190000
Multistorey Apartment,Semi-Furnished,0.0,Unknown,7,Dehradun,1000.0,2,2,5000000
Residential House,Furnished,0.0,Unknown,2,Dehradun,1000.0,2,2,9000000
Villa,Semi-Furnished,2.0,South,3,Dehradun,3000.0,4,5,13500000
Residential House,Unfurnished,0.0,Unknown,1,Lucknow,1000.0,2,1,4800000
Residential House,Semi-Furnished,0.0,North,3,Lucknow,1000.0,4,4,21000000
Multistorey Apartment,Furnished,8.0,Unknown,10,Lucknow,1000.0,2,2,6500000
Residential House,Furnished,1.0,East,1,Lucknow,850.0,2,2,5600000
Residential House,Furnished,2.0,Unknown,1,Lucknow,1351.0,3,3,6200000
Residential House,Semi-Furnished,2.0,Unknown,3,Lucknow,1000.0,7,5,14500000
Multistorey Apartment,Semi-Furnished,19.0,Unknown,22,Lucknow,1000.0,3,3,11500000
Multistorey Apartment,Unfurnished,6.0,Unknown,11,Lucknow,1000.0,3,3,7200000
Multistorey Apartment,Unfurnished,4.0,Unknown,4,Lucknow,60.0,2,2,3100000
Multistorey Apartment,Unfurnished,12.0,Unknown,15,Lucknow,1000.0,3,3,7500000
Multistorey Apartment,Unfurnished,3.0,North,7,Lucknow,1000.0,2,2,4500000
Multistorey Apartment,Furnished,3.0,North - East,7,Lucknow,1450.0,3,3,8000000
Residential House,Unfurnished,0.0,Unknown,1,Lucknow,1000.0,2,2,5800000
Multistorey Apartment,Semi-Furnished,8.0,Unknown,4,Lucknow,1000.0,2,2,3600000
Residential House,Semi-Furnished,1.0,Unknown,1,Lucknow,1200.0,2,2,22500000
Residential House,Unfurnished,1.0,East,2,Lucknow,1200.0,3,3,7000000
Multistorey Apartment,Unfurnished,2.0,East,3,Lucknow,510.0,1,1,2200000
Residential House,Unfurnished,2.0,South -West,2,Lucknow,1000.0,3,2,3800000
Residential House,Unfurnished,2.0,Unknown,1,Lucknow,1100.0,2,2,6500000
Multistorey Apartment,Furnished,1.0,Unknown,11,Lucknow,1000.0,2,2,6600000
Residential House,Furnished,1.0,Unknown,1,Lucknow,1000.0,6,5,22500000
Multistorey Apartment,Semi-Furnished,11.0,Unknown,13,Lucknow,1000.0,2,2,4240000
Builder Floor Apartment,Unfurnished,3.0,North - West,3,Lucknow,1250.0,3,2,7000000
Multistorey Apartment,Unfurnished,2.0,Unknown,3,Lucknow,516.0,1,1,2300000
Multistorey Apartment,Semi-Furnished,0.0,East,4,Lucknow,450.0,1,1,2250000
Residential House,Semi-Furnished,2.0,East,1,Lucknow,1100.0,3,1,4500000
Residential House,Unfurnished,1.0,Unknown,1,Lucknow,1200.0,3,2,3000000
Multistorey Apartment,Furnished,2.0,Unknown,8,Lucknow,1000.0,3,2,8000000
Residential House,Furnished,1.0,East,3,Lucknow,1000.0,5,5,25000000
Villa,Unfurnished,2.0,Unknown,2,Lucknow,1000.0,3,3,4900000
Residential House,Furnished,2.0,East,3,Lucknow,900.0,3,3,5600000
Builder Floor Apartment,Semi-Furnished,3.0,Unknown,3,Lucknow,1000.0,1,1,1600000
Residential House,Furnished,2.0,South -West,2,Lucknow,1530.0,5,4,5400000
Residential House,Furnished,0.0,Unknown,1,Lucknow,1000.0,3,3,48000000
Multistorey Apartment,Semi-Furnished,1.0,North - East,6,Lucknow,1250.0,2,2,8500000
Residential House,Unfurnished,1.0,East,2,Lucknow,830.0,3,3,4600000
Multistorey Apartment,Unfurnished,19.0,Unknown,22,Lucknow,1000.0,3,3,10000000
Multistorey Apartment,Unfurnished,2.0,Unknown,7,Lucknow,1000.0,2,2,4300000
Multistorey Apartment,Semi-Furnished,4.0,North - East,6,Lucknow,1000.0,3,3,16000000
Residential House,Unfurnished,1.0,West,1,Lucknow,800.0,4,3,7200000
Multistorey Apartment,Semi-Furnished,3.0,Unknown,14,Lucknow,1000.0,3,2,6150000
Villa,Semi-Furnished,2.0,East,3,Lucknow,1000.0,4,3,6100000
Villa,Unfurnished,2.0,Unknown,3,Lucknow,2152.0,3,6,26000000
Multistorey Apartment,Semi-Furnished,5.0,Unknown,6,Lucknow,1000.0,3,3,7000000
Residential House,Unfurnished,0.0,Unknown,2,Lucknow,1000.0,3,3,5500000
Residential House,Unfurnished,1.0,North,3,Lucknow,580.0,3,3,6200000
Residential House,Furnished,0.0,North - West,1,Lucknow,1000.0,2,2,4500000
Villa,Unfurnished,2.0,West,2,Lucknow,1000.0,4,4,4500000
Residential House,Unknown,2.0,Unknown,4,Lucknow,1000.0,3,2,35000000
Multistorey Apartment,Unfurnished,4.0,Unknown,17,Lucknow,1000.0,3,3,7900000
Multistorey Apartment,Unfurnished,8.0,Unknown,8,Lucknow,587.0,2,2,3500000
Residential House,Furnished,1.0,East,2,Lucknow,1000.0,2,2,2950000
Multistorey Apartment,Unknown,2.0,Unknown,4,Lucknow,1000.0,2,2,7000000
Residential House,Unfurnished,0.0,West,1,Lucknow,400.0,1,1,1420000
Multistorey Apartment,Unfurnished,2.0,Unknown,3,Lucknow,350.0,1,1,1850000
Residential House,Semi-Furnished,2.0,West,2,Lucknow,1000.0,2,2,4600000
Residential House,Furnished,2.0,North - West,3,Lucknow,3200.0,8,5,9200000
Residential House,Unfurnished,2.0,Unknown,2,Lucknow,1200.0,2,2,2800000
Villa,Unfurnished,2.0,North - West,2,Lucknow,1600.0,3,2,6000000
Residential House,Unfurnished,1.0,Unknown,2,Lucknow,1000.0,4,2,5000000
Residential House,Semi-Furnished,2.0,West,1,Lucknow,500.0,2,1,1750000
Residential House,Semi-Furnished,2.0,Unknown,1,Lucknow,1100.0,2,3,4500000
Residential House,Furnished,3.0,North - East,3,Lucknow,1000.0,3,2,6500000
Multistorey Apartment,Unknown,2.0,Unknown,4,Lucknow,1000.0,2,2,5800000
Residential House,Semi-Furnished,2.0,Unknown,1,Lucknow,900.0,3,2,4600000
Residential House,Furnished,2.0,Unknown,1,Lucknow,450.0,1,1,3500000
Multistorey Apartment,Unfurnished,16.0,Unknown,17,Lucknow,1000.0,3,4,8000000
Residential House,Unfurnished,1.0,Unknown,1,Lucknow,400.0,2,1,1700000
Multistorey Apartment,Furnished,7.0,East,13,Lucknow,850.0,2,2,5000000
Multistorey Apartment,Semi-Furnished,12.0,Unknown,12,Lucknow,1000.0,2,2,5900000
Multistorey Apartment,Unknown,2.0,Unknown,4,Lucknow,1000.0,3,2,6000000
Multistorey Apartment,Unfurnished,3.0,East,19,Lucknow,1065.0,2,2,7500000
Villa,Unfurnished,2.0,East,2,Lucknow,3000.0,4,3,15000000
Multistorey Apartment,Semi-Furnished,3.0,Unknown,4,Lucknow,200.0,3,3,5500000
Residential House,Unfurnished,1.0,East,1,Lucknow,1025.0,2,2,5000000
Multistorey Apartment,Semi-Furnished,2.0,Unknown,4,Lucknow,1000.0,1,1,2000000
Residential House,Unfurnished,1.0,North - West,1,Lucknow,1250.0,2,3,6200000
Residential House,Unfurnished,2.0,West,2,Lucknow,900.0,2,1,5500000
Villa,Unfurnished,2.0,Unknown,3,Lucknow,1000.0,6,6,14000000
Multistorey Apartment,Semi-Furnished,1.0,North - East,4,Lucknow,1000.0,3,2,7000000
Residential House,Unfurnished,0.0,East,3,Lucknow,680.0,6,3,5500000
Residential House,Semi-Furnished,0.0,Unknown,2,Lucknow,1000.0,2,2,5000000
Residential House,Unfurnished,2.0,East,3,Lucknow,1000.0,2,5,6700000
Multistorey Apartment,Semi-Furnished,2.0,Unknown,14,Lucknow,1025.0,3,3,15000000
Residential House,Furnished,2.0,Unknown,1,Lucknow,900.0,2,2,4500000
Residential House,Unfurnished,1.0,Unknown,1,Lucknow,750.0,2,2,3600000
Multistorey Apartment,Semi-Furnished,17.0,North,24,Lucknow,1000.0,3,2,9500000
Villa,Furnished,2.0,Unknown,1,Lucknow,1200.0,2,2,6200000
Residential House,Unfurnished,2.0,Unknown,3,Lucknow,1700.0,5,3,8500000
Multistorey Apartment,Furnished,0.0,South -West,1,Lucknow,600.0,2,2,2800000
Multistorey Apartment,Unfurnished,2.0,Unknown,4,Lucknow,1000.0,3,3,11000000
Residential House,Semi-Furnished,2.0,Unknown,2,Lucknow,630.0,2,1,4500000
Residential House,Furnished,2.0,North - West,2,Dehradun,1350.0,3,3,5600000
Villa,Furnished,2.0,Unknown,1,Dehradun,750.0,7,4,36000000
Residential House,Unfurnished,1.0,East,1,Dehradun,2100.0,4,2,12000000
Residential House,Unfurnished,1.0,Unknown,2,Dehradun,1000.0,3,2,5000000
Multistorey Apartment,Semi-Furnished,2.0,Unknown,2,Dehradun,1000.0,5,5,15000000
Residential House,Unfurnished,2.0,East,1,Dehradun,450.0,3,3,50000000
Residential House,Unfurnished,0.0,Unknown,1,Dehradun,1000.0,2,1,2350000
Multistorey Apartment,Unfurnished,2.0,Unknown,6,Dehradun,1000.0,3,3,8000000
Multistorey Apartment,Semi-Furnished,1.0,Unknown,5,Dehradun,600.0,1,1,4000000
Multistorey Apartment,Unfurnished,2.0,Unknown,4,Dehradun,1000.0,3,3,8500000
Multistorey Apartment,Semi-Furnished,2.0,East,2,Dehradun,1550.0,3,3,8500000
Multistorey Apartment,Semi-Furnished,3.0,East,6,Dehradun,1350.0,3,3,10000000
Villa,Semi-Furnished,2.0,East,1,Dehradun,12.0,3,2,12500000
Builder Floor Apartment,Semi-Furnished,1.0,Unknown,3,Dehradun,1220.0,3,3,6300000
Residential House,Unfurnished,2.0,Unknown,2,Dehradun,2000.0,3,2,7900000
Villa,Unfurnished,2.0,Unknown,3,Dehradun,1000.0,6,3,5600000
Residential House,Unfurnished,1.0,Unknown,2,Dehradun,1000.0,4,4,8000000
Residential House,Semi-Furnished,2.0,East,1,Dehradun,960.0,3,2,3200000
Multistorey Apartment,Semi-Furnished,4.0,East,4,Dehradun,1000.0,2,2,4800000
Builder Floor Apartment,Furnished,1.0,South,2,Dehradun,1250.0,2,2,5000000
Multistorey Apartment,Semi-Furnished,3.0,Unknown,3,Dehradun,5040.0,3,3,80000000
Residential House,Unfurnished,1.0,East,3,Dehradun,2400.0,4,3,12500000
Multistorey Apartment,Semi-Furnished,3.0,East,6,Dehradun,1000.0,2,2,5200000
Builder Floor Apartment,Semi-Furnished,2.0,Unknown,4,Dehradun,1000.0,3,2,6800000
Villa,Unfurnished,2.0,West,2,Dehradun,1350.0,3,2,5700000
Multistorey Apartment,Furnished,4.0,Unknown,6,Dehradun,1375.0,2,2,7100000
Residential House,Unknown,2.0,Unknown,4,Dehradun,1000.0,4,2,12500000
Residential House,Unfurnished,2.0,Unknown,1,Dehradun,1000.0,2,1,4200000
Residential House,Semi-Furnished,2.0,North - East,2,Dehradun,2200.0,5,3,9900000
Villa,Semi-Furnished,2.0,South - East,2,Dehradun,1000.0,3,3,18000000
Residential House,Unfurnished,0.0,Unknown,2,Dehradun,1000.0,4,4,55600000
Builder Floor Apartment,Semi-Furnished,2.0,South -West,4,Dehradun,950.0,2,2,4900000
Residential House,Unfurnished,2.0,East,2,Dehradun,1000.0,5,6,15000000
Multistorey Apartment,Semi-Furnished,5.0,Unknown,5,Dehradun,1000.0,5,4,20000000
Builder Floor Apartment,Semi-Furnished,0.0,Unknown,3,Dehradun,1000.0,3,3,7200000
Multistorey Apartment,Semi-Furnished,4.0,Unknown,6,Dehradun,1000.0,2,2,5900000
Multistorey Apartment,Unfurnished,3.0,North - East,7,Dehradun,1972.0,3,3,9800000
Residential House,Unfurnished,0.0,Unknown,1,Dehradun,1000.0,2,2,4200000
Residential House,Semi-Furnished,2.0,Unknown,1,Dehradun,700.0,2,2,4300000
Multistorey Apartment,Furnished,3.0,Unknown,3,Dehradun,1250.0,2,2,5900000
Builder Floor Apartment,Semi-Furnished,1.0,South -West,3,Dehradun,1000.0,2,2,4300000
Multistorey Apartment,Unfurnished,2.0,Unknown,7,Dehradun,1000.0,3,2,5600000
Multistorey Apartment,Semi-Furnished,3.0,Unknown,3,Dehradun,1100.0,2,2,4500000
Multistorey Apartment,Semi-Furnished,1.0,Unknown,6,Dehradun,1000.0,4,4,9000000
Residential House,Unfurnished,0.0,East,1,Dehradun,1000.0,1,1,2900000
Villa,Furnished,2.0,East,2,Dehradun,3700.0,4,4,50000000
Multistorey Apartment,Unfurnished,1.0,East,3,Dehradun,970.0,3,3,7500000
Residential House,Semi-Furnished,1.0,Unknown,1,Dehradun,1000.0,3,2,4800000
Multistorey Apartment,Unfurnished,1.0,Unknown,13,Dehradun,1000.0,3,2,5800000
Residential House,Unfurnished,1.0,Unknown,2,Dehradun,1600.0,3,3,6200000
Multistorey Apartment,Semi-Furnished,0.0,Unknown,7,Dehradun,1800.0,3,3,7499999
Residential House,Semi-Furnished,0.0,Unknown,1,Dehradun,1000.0,2,2,3800000
Residential House,Unfurnished,0.0,East,1,Dehradun,4000.0,7,7,50000000
Multistorey Apartment,Semi-Furnished,1.0,West,3,Dehradun,1200.0,3,3,11500000
Residential House,Unfurnished,0.0,Unknown,1,Dehradun,1000.0,2,1,4800000
Residential House,Unfurnished,0.0,Unknown,2,Dehradun,1000.0,3,2,9000000
Residential House,Semi-Furnished,0.0,Unknown,2,Dehradun,1000.0,3,4,13500000
Builder Floor Apartment,Unfurnished,0.0,Unknown,1,Dehradun,1000.0,2,2,3500000
Residential House,Unfurnished,1.0,East,1,Dehradun,1000.0,3,3,13000000
Residential House,Semi-Furnished,0.0,North - East,1,Dehradun,1000.0,2,2,7500000
Multistorey Apartment,Semi-Furnished,1.0,Unknown,3,Dehradun,1000.0,3,3,6000000
Multistorey Apartment,Semi-Furnished,2.0,Unknown,4,Dehradun,1000.0,3,4,7500000
Residential House,Semi-Furnished,0.0,West,2,Dehradun,1000.0,4,2,14800000
Multistorey Apartment,Furnished,5.0,Unknown,6,Dehradun,1190.0,2,2,6000000
Residential House,Semi-Furnished,0.0,Unknown,2,Dehradun,500.0,3,3,34000000
Builder Floor Apartment,Unfurnished,2.0,Unknown,3,Dehradun,1000.0,2,2,5000000
Residential House,Furnished,0.0,Unknown,1,Dehradun,450.0,3,2,25000000
Residential House,Semi-Furnished,0.0,Unknown,2,Dehradun,1000.0,3,2,7200000
Builder Floor Apartment,Furnished,1.0,East,4,Dehradun,1200.0,3,3,6999999
Multistorey Apartment,Semi-Furnished,5.0,North - West,7,Dehradun,729.0,2,2,4800000
Builder Floor Apartment,Semi-Furnished,1.0,Unknown,4,Dehradun,1000.0,2,2,4500000
Villa,Unfurnished,2.0,Unknown,4,Dehradun,1000.0,7,7,14000000
Villa,Unfurnished,2.0,Unknown,2,Dehradun,1000.0,2,2,8500000
Builder Floor Apartment,Semi-Furnished,0.0,Unknown,2,Dehradun,950.0,2,2,3500000
Residential House,Semi-Furnished,2.0,Unknown,2,Dehradun,1200.0,4,2,4800000
Residential House,Semi-Furnished,0.0,Unknown,1,Dehradun,1000.0,3,2,7600000
Residential House,Unfurnished,2.0,Unknown,2,Dehradun,4000.0,8,4,22500000
Multistorey Apartment,Semi-Furnished,3.0,Unknown,4,Dehradun,1000.0,2,2,5500000
Builder Floor Apartment,Semi-Furnished,2.0,Unknown,4,Dehradun,1000.0,2,2,4900000
Residential House,Unfurnished,0.0,Unknown,2,Dehradun,1000.0,3,2,6000000
Multistorey Apartment,Furnished,7.0,East,8,Dehradun,504.0,1,1,2900000
Residential House,Semi-Furnished,2.0,Unknown,1,Dehradun,1000.0,2,1,7700000
Residential House,Unfurnished,2.0,Unknown,2,Dehradun,2700.0,5,3,9900000
Builder Floor Apartment,Furnished,1.0,Unknown,4,Dehradun,1000.0,1,1,3500000
Multistorey Apartment,Furnished,3.0,Unknown,3,Dehradun,154.0,3,3,10000000
Residential House,Semi-Furnished,0.0,South -West,3,Dehradun,1300.0,3,3,13500000
Villa,Unfurnished,2.0,Unknown,2,Dehradun,1000.0,4,3,15000000
Builder Floor Apartment,Semi-Furnished,1.0,Unknown,3,Dehradun,850.0,3,2,6000000
Villa,Semi-Furnished,2.0,Unknown,1,Dehradun,1000.0,7,5,8000000
Multistorey Apartment,Semi-Furnished,7.0,Unknown,15,Lucknow,1000.0,2,2,3000000
Multistorey Apartment,Semi-Furnished,3.0,East,5,Dehradun,1000.0,3,3,9000000
Residential House,Semi-Furnished,0.0,North,1,Lucknow,1000.0,2,2,3300000
Residential House,Unfurnished,1.0,East,2,Lucknow,1700.0,3,3,6900000
Residential House,Unfurnished,1.0,Unknown,1,Lucknow,1000.0,2,2,4600000
Residential House,Unfurnished,0.0,Unknown,1,Lucknow,402.0,1,1,1300000
Residential House,Semi-Furnished,2.0,Unknown,1,Lucknow,1000.0,2,2,3600000
Residential House,Unfurnished,1.0,East,3,Lucknow,1000.0,3,3,7000000
Residential House,Semi-Furnished,2.0,East,1,Lucknow,651.0,2,1,2250000
Residential House,Unfurnished,1.0,Unknown,2,Lucknow,1000.0,3,2,2799999
Residential House,Unfurnished,2.0,Unknown,2,Lucknow,600.0,2,2,3900000
Multistorey Apartment,Semi-Furnished,-0.5,Unknown,10,Lucknow,1000.0,3,3,5800000
Residential House,Semi-Furnished,1.0,West,2,Lucknow,1000.0,6,5,12000000
Villa,Unfurnished,2.0,Unknown,1,Lucknow,1000.0,2,2,6000000
Residential House,Semi-Furnished,0.0,Unknown,1,Lucknow,1000.0,1,1,3000000
Residential House,Unfurnished,2.0,Unknown,2,Lucknow,1000.0,4,2,32000000
Villa,Semi-Furnished,2.0,Unknown,2,Lucknow,2000.0,3,5,16000000
Residential House,Semi-Furnished,2.0,West,2,Lucknow,1200.0,3,2,5000000
Villa,Unfurnished,2.0,East,2,Lucknow,1661.0,5,5,23500000
Multistorey Apartment,Semi-Furnished,2.0,Unknown,12,Lucknow,1000.0,2,2,4000000
Multistorey Apartment,Furnished,2.0,West,3,Lucknow,1100.0,2,2,8000000
Multistorey Apartment,Furnished,2.0,Unknown,7,Lucknow,1000.0,3,2,12000000
Residential House,Furnished,2.0,East,3,Lucknow,700.0,3,3,3800000
Multistorey Apartment,Furnished,7.0,East,4,Lucknow,1000.0,2,2,5960000
Residential House,Furnished,2.0,Unknown,2,Lucknow,1000.0,6,6,30000000
Residential House,Furnished,0.0,East,2,Lucknow,2050.0,3,4,14000000
Residential House,Unfurnished,1.0,North,2,Lucknow,1000.0,4,3,6200000
Multistorey Apartment,Furnished,0.0,Unknown,8,Lucknow,1150.0,4,2,5600000
Residential House,Furnished,0.0,Unknown,1,Lucknow,1000.0,3,2,4700000
Villa,Semi-Furnished,2.0,West,2,Lucknow,800.0,3,3,4800000
Multistorey Apartment,Semi-Furnished,5.0,East,14,Lucknow,1000.0,2,2,4700000
Residential House,Furnished,2.0,East,1,Lucknow,850.0,2,1,3600000
Multistorey Apartment,Unfurnished,3.0,Unknown,5,Lucknow,1000.0,2,2,4300000
Residential House,Furnished,0.0,Unknown,1,Lucknow,1000.0,2,1,3000000
Residential House,Unfurnished,2.0,Unknown,2,Lucknow,560.0,4,2,5500000
Residential House,Semi-Furnished,2.0,Unknown,1,Lucknow,1000.0,2,2,3800000
Multistorey Apartment,Unfurnished,8.0,Unknown,14,Lucknow,1105.0,2,2,5800000
Multistorey Apartment,Semi-Furnished,2.0,North - East,8,Lucknow,1600.0,3,3,13500000
Multistorey Apartment,Unfurnished,6.0,Unknown,15,Lucknow,1000.0,3,3,8000000
Multistorey Apartment,Unfurnished,2.0,Unknown,13,Lucknow,1290.0,3,2,6500000
Multistorey Apartment,Unknown,2.0,Unknown,4,Lucknow,1000.0,2,2,7500000
Residential House,Semi-Furnished,2.0,Unknown,2,Lucknow,600.0,3,3,2800000
Residential House,Semi-Furnished,2.0,East,2,Lucknow,900.0,2,2,4850000
Multistorey Apartment,Semi-Furnished,0.0,Unknown,8,Lucknow,1650.0,3,3,6000000
Multistorey Apartment,Furnished,2.0,East,3,Lucknow,1000.0,2,2,4500000
Residential House,Unfurnished,1.0,West,2,Lucknow,1000.0,3,2,4200000
Multistorey Apartment,Unfurnished,0.0,North - West,3,Lucknow,1000.0,1,1,1884000
Multistorey Apartment,Semi-Furnished,4.0,Unknown,5,Lucknow,1000.0,2,1,1800000
Residential House,Semi-Furnished,0.0,Unknown,2,Lucknow,1800.0,3,2,15000000
Residential House,Unfurnished,0.0,Unknown,2,Lucknow,1000.0,2,2,13000000
Multistorey Apartment,Furnished,3.0,East,8,Lucknow,1000.0,2,2,8000000
Multistorey Apartment,Unfurnished,3.0,Unknown,15,Lucknow,1325.0,3,2,5500000
Residential House,Semi-Furnished,2.0,East,2,Lucknow,1320.0,3,3,5600000
Villa,Semi-Furnished,2.0,Unknown,1,Lucknow,1000.0,3,3,15000000
Residential House,Semi-Furnished,0.0,Unknown,1,Lucknow,1000.0,2,2,1798800
Residential House,Semi-Furnished,2.0,Unknown,1,Lucknow,1375.0,3,3,4000000
Villa,Unfurnished,2.0,Unknown,3,Lucknow,2200.0,3,4,20000000
Residential House,Semi-Furnished,2.0,North - West,2,Lucknow,1200.0,2,2,4500000
Residential House,Furnished,1.0,Unknown,2,Lucknow,1000.0,4,2,4600000
Multistorey Apartment,Furnished,1.0,North - West,7,Lucknow,1383.0,3,2,7200000
Residential House,Furnished,0.0,Unknown,1,Lucknow,1000.0,2,2,5000000
Residential House,Furnished,2.0,Unknown,2,Lucknow,1750.0,4,3,5500000
Multistorey Apartment,Unfurnished,3.0,Unknown,14,Lucknow,1000.0,2,2,7500000
Multistorey Apartment,Unfurnished,2.0,Unknown,4,Lucknow,1000.0,2,2,6000000
Builder Floor Apartment,Furnished,2.0,Unknown,4,Lucknow,1000.0,3,2,8500000
Multistorey Apartment,Unfurnished,1.0,Unknown,15,Lucknow,1000.0,3,3,6500000
Multistorey Apartment,Semi-Furnished,8.0,North,12,Lucknow,1000.0,3,3,8500000
Multistorey Apartment,Unfurnished,2.0,Unknown,2,Lucknow,1500.0,3,3,5200000
Residential House,Unfurnished,2.0,Unknown,2,Lucknow,900.0,3,3,6000000
Residential House,Semi-Furnished,0.0,East,1,Lucknow,800.0,2,1,3600000
Multistorey Apartment,Semi-Furnished,8.0,Unknown,4,Lucknow,1000.0,3,3,7000000
Residential House,Semi-Furnished,0.0,East,1,Lucknow,1100.0,3,2,5600000
Residential House,Furnished,1.0,North - East,2,Lucknow,1000.0,5,2,25000000
Residential House,Semi-Furnished,0.0,Unknown,2,Lucknow,1000.0,4,3,7000000
Villa,Semi-Furnished,2.0,Unknown,2,Lucknow,1000.0,3,3,6700000
Residential House,Semi-Furnished,2.0,East,1,Lucknow,1000.0,2,2,4000000
Villa,Furnished,2.0,North - East,1,Lucknow,1000.0,2,2,5600000
Residential House,Unfurnished,0.0,East,2,Lucknow,1000.0,4,2,4000000
Residential House,Furnished,0.0,West,1,Lucknow,1000.0,2,2,4100000
Villa,Semi-Furnished,2.0,North - West,2,Lucknow,1500.0,4,2,7000000
Residential House,Unfurnished,1.0,East,1,Lucknow,900.0,2,2,4850000
Multistorey Apartment,Unfurnished,2.0,Unknown,3,Lucknow,1000.0,3,2,8000000
Multistorey Apartment,Unfurnished,3.0,Unknown,4,Lucknow,1000.0,2,2,3500000
Multistorey Apartment,Unfurnished,4.0,Unknown,5,Lucknow,1000.0,3,2,4500000
Residential House,Unfurnished,0.0,West,2,Lucknow,1000.0,3,3,6000000
Residential House,Semi-Furnished,2.0,East,1,Lucknow,1010.0,2,2,5200000
Residential House,Unfurnished,1.0,Unknown,1,Lucknow,1000.0,4,1,8000000
Multistorey Apartment,Semi-Furnished,12.0,Unknown,12,Lucknow,1000.0,3,3,16500000
Residential House,Furnished,2.0,South -West,2,Lucknow,1215.0,4,4,8500000
Residential House,Unfurnished,0.0,East,1,Lucknow,1450.0,6,2,14000000
Residential House,Unfurnished,1.0,West,2,Lucknow,1000.0,3,3,5800000
Residential House,Semi-Furnished,2.0,Unknown,1,Lucknow,1150.0,3,3,9000000
Multistorey Apartment,Semi-Furnished,15.0,Unknown,21,Lucknow,1000.0,3,3,7200000
Residential House,Unfurnished,1.0,West,1,Lucknow,1000.0,1,1,3500000
Multistorey Apartment,Semi-Furnished,8.0,Unknown,14,Lucknow,993.0,2,2,7700000
Builder Floor Apartment,Semi-Furnished,3.0,Unknown,6,Lucknow,1000.0,3,2,4600000
Residential House,Unfurnished,2.0,Unknown,1,Lucknow,2400.0,4,4,9000000
Builder Floor Apartment,Semi-Furnished,1.0,Unknown,3,Dehradun,1000.0,3,3,8500000
Residential House,Semi-Furnished,0.0,Unknown,2,Dehradun,1000.0,5,4,50000000
Residential House,Furnished,0.0,Unknown,2,Dehradun,1000.0,10,7,10000000
Multistorey Apartment,Furnished,5.0,Unknown,8,Dehradun,1000.0,4,5,36000000
Residential House,Semi-Furnished,2.0,South,1,Dehradun,544.0,1,1,2700000
Multistorey Apartment,Furnished,4.0,Unknown,8,Lucknow,1000.0,2,2,7800000
Multistorey Apartment,Furnished,1.0,Unknown,4,Dehradun,1000.0,1,1,3800000
Builder Floor Apartment,Semi-Furnished,2.0,East,2,Dehradun,1000.0,2,2,3500000
Multistorey Apartment,Unfurnished,12.0,North,24,Lucknow,995.0,3,3,11000000
Builder Floor Apartment,Semi-Furnished,4.0,Unknown,4,Dehradun,1000.0,3,3,6800000
Residential House,Semi-Furnished,2.0,East,1,Dehradun,1000.0,2,2,5500000
Residential House,Semi-Furnished,2.0,Unknown,2,Dehradun,1000.0,4,2,5000000
Builder Floor Apartment,Semi-Furnished,2.0,Unknown,2,Dehradun,1850.0,3,3,7500000
Multistorey Apartment,Furnished,1.0,Unknown,4,Dehradun,1450.0,3,3,8500000
Builder Floor Apartment,Unfurnished,1.0,South -West,3,Dehradun,1700.0,3,2,7000000
Residential House,Unfurnished,0.0,Unknown,1,Dehradun,1000.0,10,6,24000000
Builder Floor Apartment,Furnished,0.0,Unknown,3,Dehradun,1000.0,3,3,8000000
Builder Floor Apartment,Unfurnished,1.0,South -West,3,Dehradun,750.0,2,2,4625000
Multistorey Apartment,Semi-Furnished,6.0,Unknown,8,Dehradun,1000.0,3,3,10000000
Multistorey Apartment,Semi-Furnished,2.0,Unknown,7,Dehradun,1600.0,3,3,9800000
Builder Floor Apartment,Semi-Furnished,2.0,North,6,Dehradun,1000.0,3,2,8000000
Residential House,Semi-Furnished,2.0,East,2,Dehradun,220.0,8,4,18000000
Villa,Semi-Furnished,2.0,South -West,2,Dehradun,3650.0,5,5,21000000
Builder Floor Apartment,Semi-Furnished,1.0,North - East,3,Dehradun,800.0,2,2,3500000
Multistorey Apartment,Furnished,2.0,Unknown,4,Dehradun,2350.0,3,3,17500000
Multistorey Apartment,Semi-Furnished,0.0,Unknown,7,Dehradun,1000.0,2,2,6500000
Multistorey Apartment,Semi-Furnished,1.0,Unknown,3,Dehradun,1000.0,3,3,7200000
Residential House,Unfurnished,2.0,Unknown,2,Dehradun,1500.0,3,2,27000000
Residential House,Semi-Furnished,0.0,Unknown,2,Dehradun,1000.0,5,2,6500000
Residential House,Semi-Furnished,0.0,South -West,3,Dehradun,2450.0,3,4,9750000
Residential House,Furnished,0.0,East,2,Dehradun,2080.0,3,3,7900000
Builder Floor Apartment,Furnished,2.0,Unknown,3,Dehradun,1000.0,3,3,12500000
Residential House,Semi-Furnished,2.0,Unknown,2,Dehradun,1000.0,3,2,7000000
Multistorey Apartment,Semi-Furnished,0.0,Unknown,1,Dehradun,626.0,2,1,3000000
Builder Floor Apartment,Unknown,2.0,Unknown,4,Dehradun,4200.0,3,2,18000000
Residential House,Semi-Furnished,0.0,South,1,Dehradun,183.0,3,2,12500000
Villa,Semi-Furnished,2.0,East,3,Dehradun,3500.0,4,5,14500000
Villa,Semi-Furnished,2.0,South - East,2,Dehradun,1000.0,4,4,26500000
Residential House,Unfurnished,1.0,Unknown,2,Dehradun,1000.0,4,2,3000000
Multistorey Apartment,Unfurnished,1.0,North - East,4,Dehradun,1450.0,3,3,8500000
Residential House,Furnished,0.0,Unknown,2,Dehradun,1000.0,4,4,13000000
Multistorey Apartment,Semi-Furnished,3.0,East,4,Dehradun,1300.0,3,3,9500000
Residential House,Unfurnished,2.0,Unknown,1,Dehradun,1000.0,2,2,6000000
Multistorey Apartment,Semi-Furnished,1.0,Unknown,4,Dehradun,1000.0,3,3,9000000
Builder Floor Apartment,Semi-Furnished,2.0,Unknown,3,Dehradun,1000.0,3,3,5800000
Residential House,Unfurnished,2.0,Unknown,3,Dehradun,1000.0,8,5,12000000
Residential House,Semi-Furnished,0.0,Unknown,2,Dehradun,1000.0,4,2,12500000
Residential House,Semi-Furnished,2.0,Unknown,1,Dehradun,1000.0,7,4,45000000
Multistorey Apartment,Semi-Furnished,3.0,North - East,7,Dehradun,1400.0,3,3,6500000
Multistorey Apartment,Unfurnished,0.0,Unknown,2,Dehradun,700.0,2,1,3500000
Residential House,Semi-Furnished,2.0,Unknown,1,Dehradun,1000.0,2,2,4000000
Villa,Semi-Furnished,2.0,Unknown,1,Dehradun,2500.0,3,3,18000000
Residential House,Unfurnished,2.0,North - East,1,Dehradun,823.0,2,2,4800000
Residential House,Semi-Furnished,0.0,Unknown,1,Dehradun,1800.0,2,2,5500000
Multistorey Apartment,Unfurnished,2.0,South -West,2,Dehradun,40.0,2,1,3000000
Multistorey Apartment,Furnished,7.0,Unknown,7,Dehradun,1000.0,2,2,7700000
Residential House,Semi-Furnished,2.0,Unknown,1,Dehradun,1000.0,2,2,3600000
Multistorey Apartment,Semi-Furnished,8.0,North - East,4,Dehradun,900.0,2,2,10350000
Villa,Furnished,2.0,North - West,2,Dehradun,5000.0,4,4,15000000
Residential House,Furnished,0.0,Unknown,1,Dehradun,1000.0,2,2,2500000
Builder Floor Apartment,Semi-Furnished,1.0,Unknown,4,Dehradun,1000.0,2,2,2600000
Villa,Unfurnished,2.0,Unknown,1,Dehradun,1500.0,3,3,14000000
Builder Floor Apartment,Unfurnished,0.0,North - East,3,Dehradun,1780.0,3,3,8500000
Multistorey Apartment,Semi-Furnished,7.0,East,7,Dehradun,1000.0,2,2,5000000
Multistorey Apartment,Unfurnished,1.0,Unknown,8,Dehradun,1600.0,3,3,6500000
Builder Floor Apartment,Furnished,1.0,East,4,Dehradun,1000.0,2,2,4500000
Residential House,Unknown,2.0,Unknown,4,Dehradun,1000.0,2,2,5100000
Residential House,Unfurnished,1.0,North - East,2,Dehradun,1300.0,3,3,6600000
Residential House,Unfurnished,1.0,Unknown,2,Dehradun,1000.0,3,3,7500000
Residential House,Unfurnished,2.0,North - West,2,Dehradun,173.0,3,3,11000000
Residential House,Semi-Furnished,0.0,South,2,Dehradun,1000.0,3,2,4200000
Residential House,Semi-Furnished,2.0,East,2,Dehradun,1000.0,3,3,14000000
Residential House,Unfurnished,2.0,North - West,2,Dehradun,2500.0,4,4,14700000
Residential House,Unfurnished,2.0,Unknown,2,Dehradun,1000.0,2,2,6500000
Residential House,Semi-Furnished,2.0,Unknown,2,Dehradun,1000.0,3,3,4000000
Multistorey Apartment,Semi-Furnished,3.0,Unknown,7,Dehradun,1000.0,3,3,7500000
Builder Floor Apartment,Furnished,1.0,Unknown,4,Dehradun,1000.0,3,3,8000000
Residential House,Furnished,2.0,North - West,2,Dehradun,1000.0,6,5,8500000
Residential House,Unfurnished,1.0,Unknown,1,Dehradun,1100.0,2,2,5000000
Multistorey Apartment,Unfurnished,2.0,West,2,Dehradun,1000.0,2,1,8500000
Multistorey Apartment,Semi-Furnished,6.0,Unknown,8,Dehradun,1000.0,3,2,8000000
Residential House,Furnished,0.0,South -West,1,Dehradun,2500.0,4,6,9000000
Villa,Semi-Furnished,2.0,Unknown,2,Dehradun,1000.0,4,4,14000000
Multistorey Apartment,Semi-Furnished,2.0,Unknown,3,Dehradun,1310.0,3,2,5828000
Residential House,Furnished,2.0,Unknown,2,Dehradun,1603.0,3,7,9000000
Multistorey Apartment,Furnished,2.0,East,7,Dehradun,1000.0,3,3,7000000
Residential House,Unfurnished,0.0,Unknown,1,Dehradun,1000.0,3,1,3000000
Residential House,Semi-Furnished,2.0,Unknown,2,Dehradun,1100.0,3,3,7200000
Multistorey Apartment,Semi-Furnished,5.0,Unknown,6,Dehradun,1000.0,2,2,5100000
Villa,Unfurnished,2.0,Unknown,2,Dehradun,440.0,6,4,19000000
Residential House,Unknown,2.0,Unknown,4,Dehradun,1000.0,6,2,11000000
Residential House,Semi-Furnished,0.0,Unknown,2,Dehradun,2675.0,5,4,40000000
Residential House,Semi-Furnished,2.0,Unknown,2,Dehradun,113.0,4,2,6500000
Residential House,Furnished,0.0,East,1,Dehradun,1755.0,4,3,19000000
Multistorey Apartment,Unfurnished,3.0,Unknown,4,Dehradun,1090.0,2,2,4700000
Residential House,Unfurnished,0.0,Unknown,1,Dehradun,1000.0,3,2,8000000
Builder Floor Apartment,Unfurnished,1.0,Unknown,3,Dehradun,1000.0,2,1,2500000
Residential House,Semi-Furnished,0.0,East,1,Dehradun,1000.0,3,2,2700000
Residential House,Furnished,2.0,Unknown,2,Dehradun,900.0,2,2,7000000
Multistorey Apartment,Semi-Furnished,0.0,Unknown,2,Dehradun,665.0,3,3,5500000
Residential House,Semi-Furnished,1.0,Unknown,2,Dehradun,1000.0,3,2,19800000
Builder Floor Apartment,Semi-Furnished,3.0,Unknown,4,Dehradun,1000.0,3,2,8500000
Builder Floor Apartment,Semi-Furnished,2.0,Unknown,3,Lucknow,1084.0,2,2,4000000
Residential House,Semi-Furnished,1.0,Unknown,1,Dehradun,1000.0,2,2,4500000
Multistorey Apartment,Unfurnished,3.0,Unknown,3,Lucknow,1000.0,2,2,6000000
Multistorey Apartment,Unfurnished,1.0,North,4,Lucknow,950.0,2,2,5200000
Residential House,Semi-Furnished,2.0,East,2,Lucknow,1000.0,6,7,20000000
Residential House,Semi-Furnished,2.0,Unknown,2,Lucknow,907.0,2,2,3600000
Residential House,Unfurnished,0.0,West,1,Lucknow,950.0,2,1,15000000
Residential House,Unfurnished,0.0,Unknown,1,Lucknow,1000.0,5,3,7500000
Residential House,Semi-Furnished,2.0,East,1,Lucknow,1015.0,2,2,4600000
Residential House,Semi-Furnished,2.0,North - West,1,Lucknow,1700.0,3,3,6000000
Residential House,Semi-Furnished,2.0,North - West,1,Lucknow,1000.0,2,2,4600000
Residential House,Unfurnished,1.0,North,2,Lucknow,1000.0,2,2,4950000
Residential House,Unfurnished,0.0,Unknown,1,Lucknow,1000.0,3,2,2700000
Multistorey Apartment,Semi-Furnished,0.0,Unknown,3,Lucknow,1100.0,3,2,10100000
Residential House,Unfurnished,0.0,North - East,2,Lucknow,2500.0,7,5,15100000
Residential House,Unfurnished,1.0,Unknown,1,Lucknow,800.0,2,2,4100000
Residential House,Furnished,1.0,West,2,Lucknow,1080.0,3,3,4600000
Residential House,Unfurnished,0.0,East,2,Lucknow,1450.0,6,3,18000000
Multistorey Apartment,Unfurnished,6.0,Unknown,4,Lucknow,1000.0,1,1,2400000
Residential House,Semi-Furnished,0.0,Unknown,1,Lucknow,1000.0,2,2,4700000
Residential House,Unfurnished,1.0,Unknown,1,Lucknow,1000.0,3,3,5100000
Multistorey Apartment,Semi-Furnished,1.0,North,3,Lucknow,1665.0,4,3,7000000
Residential House,Furnished,2.0,West,2,Lucknow,1100.0,4,3,5200000
Multistorey Apartment,Unfurnished,4.0,Unknown,4,Lucknow,930.0,2,2,4500000
Residential House,Furnished,2.0,Unknown,1,Lucknow,666.0,1,1,2700000
Residential House,Unfurnished,1.0,North - East,1,Lucknow,500.0,2,1,3700000
Multistorey Apartment,Furnished,7.0,East,14,Lucknow,1020.0,2,2,4500000
Residential House,Furnished,2.0,West,2,Lucknow,750.0,2,3,5500000
Residential House,Unfurnished,1.0,East,2,Lucknow,1600.0,5,3,5850000
Multistorey Apartment,Unfurnished,12.0,Unknown,20,Lucknow,1590.0,3,3,11000000
Multistorey Apartment,Unfurnished,24.0,North,24,Lucknow,1198.0,3,3,12500000
Multistorey Apartment,Unfurnished,10.0,East,10,Lucknow,1000.0,2,2,4200000
Multistorey Apartment,Semi-Furnished,21.0,East,22,Lucknow,1075.0,3,3,13000000
Multistorey Apartment,Semi-Furnished,0.0,Unknown,3,Lucknow,500.0,2,1,2100000
Residential House,Unfurnished,1.0,North,1,Lucknow,930.0,3,3,5200000
Residential House,Semi-Furnished,0.0,East,1,Lucknow,1020.0,2,2,3975000
Residential House,Semi-Furnished,0.0,East,1,Lucknow,1300.0,2,2,5500000
Multistorey Apartment,Unfurnished,7.0,Unknown,16,Lucknow,1000.0,3,3,11000000
Multistorey Apartment,Unfurnished,5.0,Unknown,7,Lucknow,1440.0,3,3,5300000
Residential House,Semi-Furnished,1.0,West,1,Lucknow,620.0,1,2,3300000
Multistorey Apartment,Semi-Furnished,3.0,East,4,Lucknow,1000.0,3,3,7000000
Multistorey Apartment,Semi-Furnished,1.0,Unknown,6,Lucknow,1240.0,3,3,4500000
Residential House,Unfurnished,1.0,Unknown,3,Lucknow,500.0,6,3,6500000
Multistorey Apartment,Unfurnished,1.0,East,4,Lucknow,1673.0,3,3,9000000
Residential House,Unfurnished,2.0,South,2,Lucknow,1000.0,3,3,8500000
Multistorey Apartment,Unfurnished,8.0,East,22,Lucknow,1910.0,3,3,15000000
Residential House,Furnished,0.0,Unknown,2,Lucknow,1000.0,3,3,7200000
Multistorey Apartment,Furnished,2.0,Unknown,2,Lucknow,675.0,2,2,2500000
Residential House,Furnished,2.0,East,2,Lucknow,1000.0,4,3,6000000
Residential House,Furnished,0.0,Unknown,2,Lucknow,1000.0,3,2,4800000
Residential House,Semi-Furnished,0.0,Unknown,2,Lucknow,1000.0,4,3,4800000
Villa,Semi-Furnished,2.0,Unknown,1,Lucknow,1000.0,2,2,4951000
Residential House,Semi-Furnished,0.0,East,1,Lucknow,1000.0,2,2,2200000
Residential House,Semi-Furnished,2.0,Unknown,1,Lucknow,1100.0,3,3,4800000
Residential House,Unfurnished,2.0,Unknown,2,Lucknow,1000.0,4,3,4800000
Residential House,Unfurnished,1.0,East,1,Lucknow,560.0,2,1,1900000
Residential House,Unknown,2.0,Unknown,4,Lucknow,1000.0,2,2,15000000
Multistorey Apartment,Semi-Furnished,3.0,East,3,Lucknow,854.0,2,2,3500000
Residential House,Furnished,2.0,Unknown,1,Lucknow,1000.0,4,3,4500000
Multistorey Apartment,Unfurnished,4.0,Unknown,4,Dehradun,1000.0,2,2,5800000
Multistorey Apartment,Semi-Furnished,5.0,Unknown,7,Dehradun,1929.0,3,3,12300000
Residential House,Unknown,2.0,Unknown,4,Dehradun,1000.0,4,2,9000000
Residential House,Semi-Furnished,2.0,Unknown,2,Dehradun,1000.0,6,3,22500000
Multistorey Apartment,Furnished,1.0,Unknown,6,Dehradun,950.0,2,2,8500000
Residential House,Semi-Furnished,2.0,Unknown,1,Lucknow,1500.0,3,4,17000000
Residential House,Unfurnished,1.0,South -West,2,Dehradun,2200.0,4,4,12500000
Villa,Furnished,2.0,East,3,Lucknow,2853.0,3,2,55000000
Residential House,Semi-Furnished,2.0,Unknown,1,Dehradun,1000.0,2,2,4900000
Residential House,Unfurnished,2.0,Unknown,4,Dehradun,1000.0,8,8,8500000
Multistorey Apartment,Furnished,2.0,Unknown,3,Dehradun,1300.0,3,3,6500000
Multistorey Apartment,Unfurnished,0.0,Unknown,4,Dehradun,1000.0,1,1,2500000
Villa,Furnished,2.0,North - East,2,Dehradun,1000.0,4,4,27000000
Multistorey Apartment,Semi-Furnished,1.0,South - East,4,Dehradun,1500.0,3,3,9500000
Villa,Semi-Furnished,2.0,East,2,Dehradun,1700.0,2,2,15000000
Builder Floor Apartment,Unfurnished,3.0,South -West,3,Dehradun,1094.0,3,3,6490000
Multistorey Apartment,Furnished,8.0,Unknown,8,Dehradun,1000.0,3,3,8000000
Builder Floor Apartment,Unfurnished,1.0,Unknown,2,Dehradun,1500.0,3,3,7500000
Multistorey Apartment,Semi-Furnished,8.0,North - East,8,Dehradun,1320.0,3,2,7425000
Villa,Unfurnished,2.0,East,1,Dehradun,2320.0,2,2,27500000
Multistorey Apartment,Semi-Furnished,1.0,East,7,Dehradun,1000.0,3,2,6500000
Villa,Furnished,2.0,Unknown,1,Dehradun,1000.0,3,2,7000000
Residential House,Furnished,2.0,West,2,Dehradun,1000.0,7,7,13000000
Residential House,Unfurnished,0.0,Unknown,1,Dehradun,1000.0,2,2,5200000
Residential House,Semi-Furnished,3.0,Unknown,3,Dehradun,1000.0,7,3,30000000
Residential House,Unfurnished,2.0,Unknown,1,Dehradun,1000.0,2,2,4200000
Residential House,Unfurnished,0.0,Unknown,1,Dehradun,1000.0,4,4,4100000
Builder Floor Apartment,Semi-Furnished,3.0,Unknown,3,Dehradun,1000.0,2,2,4250000
Residential House,Furnished,2.0,Unknown,2,Dehradun,560.0,3,3,3500000
Multistorey Apartment,Unfurnished,1.0,South - East,4,Dehradun,1050.0,2,2,4500000
Residential House,Furnished,0.0,Unknown,2,Dehradun,1000.0,5,3,10000000
Multistorey Apartment,Unfurnished,7.0,Unknown,4,Dehradun,1000.0,2,2,10200000
Residential House,Furnished,2.0,Unknown,1,Dehradun,1800.0,2,2,8500000
Multistorey Apartment,Furnished,2.0,North,6,Dehradun,1000.0,3,2,8500000
Residential House,Furnished,2.0,Unknown,1,Dehradun,1000.0,3,4,7000000
Residential House,Unknown,2.0,Unknown,4,Dehradun,1000.0,3,2,4700000
Residential House,Unfurnished,0.0,Unknown,1,Dehradun,1300.0,2,2,4000000
Residential House,Unfurnished,1.0,South,2,Dehradun,5000.0,6,5,21500000
Residential House,Semi-Furnished,0.0,Unknown,1,Dehradun,1000.0,2,2,3600000
Villa,Semi-Furnished,2.0,Unknown,1,Dehradun,1000.0,3,3,7000000
Residential House,Unfurnished,2.0,Unknown,1,Dehradun,2000.0,3,4,5500000
Builder Floor Apartment,Semi-Furnished,2.0,Unknown,3,Dehradun,1000.0,3,3,7600000
Residential House,Unfurnished,0.0,Unknown,1,Dehradun,1000.0,2,2,8000000
Residential House,Unfurnished,1.0,Unknown,2,Dehradun,2600.0,4,4,9000000
Residential House,Furnished,0.0,Unknown,1,Dehradun,2200.0,4,4,22000000
Villa,Semi-Furnished,2.0,Unknown,2,Dehradun,1000.0,6,4,20000000
Villa,Unfurnished,2.0,East,2,Dehradun,2070.0,5,4,10000000
Residential House,Semi-Furnished,0.0,Unknown,2,Dehradun,1000.0,3,3,8500000
Multistorey Apartment,Unfurnished,3.0,Unknown,3,Dehradun,1000.0,1,1,2200000
Residential House,Unfurnished,1.0,East,2,Dehradun,200.0,4,4,11200000
Villa,Semi-Furnished,2.0,Unknown,2,Dehradun,1000.0,5,3,20000000
Residential House,Unfurnished,1.0,North - East,3,Dehradun,110.0,4,4,8800000
Villa,Unfurnished,2.0,Unknown,4,Dehradun,1000.0,3,3,3000000
Residential House,Unfurnished,1.0,South - East,1,Lucknow,800.0,3,3,4600000
Residential House,Unfurnished,1.0,Unknown,1,Lucknow,3200.0,5,3,40000000
Residential House,Semi-Furnished,2.0,Unknown,1,Lucknow,1317.0,2,2,9900000
Residential House,Semi-Furnished,2.0,Unknown,1,Lucknow,980.0,2,2,3920000
Multistorey Apartment,Unfurnished,6.0,North - East,7,Lucknow,1100.0,2,2,4950000
Residential House,Furnished,2.0,Unknown,1,Lucknow,932.0,2,2,6300000
Residential House,Furnished,0.0,Unknown,1,Lucknow,1000.0,5,2,8000000
Multistorey Apartment,Semi-Furnished,3.0,Unknown,3,Lucknow,1000.0,3,3,8500000
Residential House,Semi-Furnished,2.0,Unknown,3,Lucknow,1098.0,7,6,12500000
Residential House,Unfurnished,2.0,East,2,Lucknow,500.0,2,3,1800000
Residential House,Furnished,2.0,Unknown,1,Lucknow,700.0,3,2,5100000
Residential House,Semi-Furnished,2.0,North - East,2,Lucknow,2240.0,5,4,15000000
Multistorey Apartment,Semi-Furnished,14.0,Unknown,14,Lucknow,1775.0,3,3,8500000
Residential House,Unfurnished,0.0,East,1,Lucknow,800.0,2,2,3600000
Residential House,Furnished,2.0,North - East,2,Lucknow,1000.0,4,3,6000000
Residential House,Unfurnished,1.0,Unknown,2,Lucknow,1500.0,6,4,17500000
Multistorey Apartment,Unfurnished,1.0,East,5,Lucknow,800.0,2,2,3500000
Residential House,Semi-Furnished,2.0,Unknown,2,Lucknow,1000.0,3,1,1450000
Residential House,Furnished,0.0,Unknown,2,Lucknow,1000.0,4,4,12000000
Builder Floor Apartment,Semi-Furnished,0.0,Unknown,1,Lucknow,2155.0,3,3,10000000
Residential House,Furnished,2.0,Unknown,1,Lucknow,1000.0,2,3,5200000
Multistorey Apartment,Semi-Furnished,5.0,Unknown,11,Lucknow,1000.0,2,1,4200000
Multistorey Apartment,Semi-Furnished,2.0,North - East,23,Lucknow,2350.0,4,4,26500000
Residential House,Unfurnished,1.0,North,2,Lucknow,990.0,3,2,10000000
Residential House,Semi-Furnished,0.0,South - East,1,Lucknow,1600.0,3,2,22000000
Residential House,Furnished,2.0,Unknown,1,Lucknow,1000.0,3,2,6500000
Multistorey Apartment,Unfurnished,4.0,East,4,Lucknow,1050.0,2,2,4500000
Residential House,Unfurnished,1.0,Unknown,2,Lucknow,650.0,4,1,4500000
Multistorey Apartment,Unfurnished,5.0,East,14,Lucknow,916.0,2,2,4800000
Residential House,Semi-Furnished,2.0,North,3,Lucknow,2400.0,7,8,18000000
Residential House,Furnished,2.0,East,1,Lucknow,640.0,1,2,2750000
Residential House,Furnished,2.0,East,1,Lucknow,1000.0,2,2,5600000
Residential House,Semi-Furnished,0.0,Unknown,2,Lucknow,1000.0,3,3,9500000
Villa,Semi-Furnished,2.0,Unknown,2,Lucknow,1750.0,3,3,7500000
Residential House,Unfurnished,1.0,East,2,Lucknow,1430.0,4,4,7500000
Residential House,Furnished,2.0,West,3,Lucknow,330.0,4,3,3600000
Residential House,Furnished,3.0,Unknown,3,Lucknow,1000.0,8,7,20000000
Residential House,Furnished,2.0,South -West,3,Lucknow,3200.0,4,5,20000000
Villa,Semi-Furnished,2.0,North - East,1,Lucknow,3000.0,7,4,50000000
Residential House,Unfurnished,3.0,Unknown,3,Lucknow,1000.0,4,2,22500000
Residential House,Furnished,4.0,South -West,4,Lucknow,1000.0,6,6,35000000
Multistorey Apartment,Semi-Furnished,4.0,Unknown,4,Lucknow,900.0,2,2,4500000
Multistorey Apartment,Unfurnished,1.0,South - East,12,Lucknow,1125.0,3,2,6000000
Residential House,Unfurnished,1.0,North - East,2,Lucknow,2100.0,4,4,17000000
Multistorey Apartment,Furnished,4.0,East,5,Lucknow,1067.0,3,2,7500000
Residential House,Semi-Furnished,2.0,East,2,Lucknow,550.0,3,2,3500000
Residential House,Furnished,3.0,Unknown,3,Dehradun,1000.0,4,3,4500000
Multistorey Apartment,Unfurnished,5.0,Unknown,7,Dehradun,1000.0,3,2,11000000
Residential House,Unfurnished,0.0,Unknown,2,Dehradun,1000.0,5,2,27500000
Residential House,Semi-Furnished,0.0,Unknown,1,Dehradun,1633.0,2,2,15000000
Builder Floor Apartment,Furnished,3.0,Unknown,3,Dehradun,1000.0,2,2,3600000
Villa,Semi-Furnished,2.0,Unknown,2,Dehradun,1000.0,3,2,11500000
Multistorey Apartment,Semi-Furnished,1.0,North - West,3,Dehradun,1400.0,3,3,5800000
Multistorey Apartment,Unfurnished,5.0,Unknown,14,Lucknow,960.0,2,2,8143200
Builder Floor Apartment,Semi-Furnished,2.0,Unknown,3,Dehradun,1000.0,2,2,3000000
Multistorey Apartment,Semi-Furnished,0.0,Unknown,8,Dehradun,1500.0,3,3,7500000
Multistorey Apartment,Unfurnished,3.0,Unknown,4,Dehradun,938.0,2,2,6800000
Builder Floor Apartment,Unfurnished,0.0,East,3,Dehradun,1000.0,2,2,3500000
Residential House,Semi-Furnished,0.0,East,2,Dehradun,1000.0,3,2,7500000
Multistorey Apartment,Unfurnished,3.0,Unknown,3,Dehradun,1000.0,3,3,8000000
Builder Floor Apartment,Unfurnished,3.0,Unknown,4,Dehradun,1000.0,2,2,4300000
Villa,Unfurnished,2.0,North - East,1,Dehradun,1000.0,4,4,55000000
Residential House,Unfurnished,1.0,North - West,1,Dehradun,1000.0,2,2,5600000
Residential House,Unfurnished,1.0,North,1,Dehradun,1700.0,3,2,5500000
Multistorey Apartment,Semi-Furnished,8.0,East,4,Dehradun,1000.0,2,2,7200000
Villa,Furnished,2.0,Unknown,2,Dehradun,1000.0,2,3,25000000
Multistorey Apartment,Semi-Furnished,1.0,South - East,4,Dehradun,450.0,1,2,4000000
Multistorey Apartment,Semi-Furnished,2.0,Unknown,4,Dehradun,1000.0,2,2,7500000
Residential House,Unfurnished,2.0,Unknown,2,Dehradun,91.0,5,3,5700000
Multistorey Apartment,Semi-Furnished,3.0,Unknown,4,Dehradun,1000.0,4,3,9000000
Villa,Unfurnished,2.0,East,2,Dehradun,1000.0,3,2,5600000
Villa,Semi-Furnished,2.0,Unknown,2,Dehradun,1800.0,4,4,6500000
Residential House,Unfurnished,0.0,Unknown,3,Dehradun,1000.0,2,3,10000000
Multistorey Apartment,Semi-Furnished,1.0,Unknown,4,Dehradun,1000.0,3,3,7500000
Multistorey Apartment,Semi-Furnished,5.0,Unknown,7,Dehradun,1000.0,4,4,7700000
Residential House,Semi-Furnished,2.0,Unknown,2,Dehradun,484.0,1,1,2800000
Multistorey Apartment,Semi-Furnished,4.0,Unknown,7,Dehradun,1000.0,2,2,10400000
Residential House,Semi-Furnished,0.0,South,2,Dehradun,1400.0,4,4,25000000
Residential House,Semi-Furnished,0.0,Unknown,1,Dehradun,1000.0,4,4,25000000
Multistorey Apartment,Semi-Furnished,2.0,Unknown,4,Dehradun,2000.0,3,3,8500000
Multistorey Apartment,Unfurnished,2.0,Unknown,5,Dehradun,1880.0,3,3,6200000
Residential House,Semi-Furnished,2.0,Unknown,2,Dehradun,150.0,3,2,7500000
Residential House,Unfurnished,2.0,Unknown,2,Lucknow,450.0,4,3,6800000
Residential House,Semi-Furnished,2.0,South - East,2,Dehradun,1000.0,2,2,4400000
Residential House,Semi-Furnished,2.0,Unknown,1,Dehradun,1000.0,5,4,150000000
Residential House,Furnished,2.0,Unknown,2,Lucknow,1000.0,4,2,7300000
Multistorey Apartment,Semi-Furnished,3.0,Unknown,6,Dehradun,1000.0,2,2,2800000
Residential House,Furnished,0.0,East,2,Lucknow,1000.0,3,3,6500000
Multistorey Apartment,Semi-Furnished,5.0,North - East,6,Lucknow,1000.0,3,3,7500000
Residential House,Furnished,2.0,North - East,3,Lucknow,660.0,4,2,6000000
Residential House,Furnished,0.0,North,2,Lucknow,1600.0,3,3,16000000
Residential House,Semi-Furnished,3.0,West,3,Lucknow,6500.0,4,6,49000000
Residential House,Unfurnished,0.0,East,1,Lucknow,1000.0,2,1,2350000
Residential House,Furnished,2.0,East,2,Lucknow,7500.0,5,5,80000000
Residential House,Unfurnished,1.0,East,1,Lucknow,1.0,3,1,4000000
Residential House,Semi-Furnished,2.0,West,1,Lucknow,1000.0,3,3,5600000
Residential House,Semi-Furnished,2.0,Unknown,2,Lucknow,965.0,4,3,7500000
Residential House,Unfurnished,2.0,Unknown,2,Lucknow,1000.0,3,3,5500000
Villa,Semi-Furnished,2.0,Unknown,2,Lucknow,750.0,2,2,4200000
Residential House,Unfurnished,2.0,East,2,Lucknow,750.0,3,4,5700000
Builder Floor Apartment,Semi-Furnished,3.0,North - East,6,Lucknow,575.0,2,2,3600000
Residential House,Semi-Furnished,2.0,East,1,Lucknow,1000.0,2,2,4450000
Residential House,Furnished,0.0,East,2,Lucknow,1800.0,3,3,6000000
Multistorey Apartment,Unfurnished,8.0,Unknown,4,Lucknow,1000.0,3,3,14000000
Residential House,Furnished,2.0,Unknown,4,Lucknow,1200.0,7,8,13000000
Multistorey Apartment,Semi-Furnished,0.0,Unknown,14,Lucknow,1000.0,3,3,9100000
Multistorey Apartment,Semi-Furnished,8.0,East,12,Lucknow,1000.0,3,3,8000000
Multistorey Apartment,Furnished,6.0,Unknown,4,Lucknow,1000.0,3,3,11500000
Residential House,Furnished,3.0,Unknown,3,Lucknow,1000.0,3,3,13000000
Residential House,Unfurnished,1.0,East,1,Lucknow,700.0,2,2,3000000
Multistorey Apartment,Semi-Furnished,2.0,West,3,Lucknow,500.0,1,1,2500000
Residential House,Unfurnished,1.0,Unknown,1,Lucknow,400.0,3,2,2700000
Residential House,Unfurnished,1.0,North,1,Lucknow,1100.0,3,3,6000000
Multistorey Apartment,Furnished,7.0,Unknown,4,Lucknow,1000.0,2,2,3000000
Multistorey Apartment,Semi-Furnished,2.0,Unknown,3,Lucknow,1000.0,3,3,12000000
Residential House,Semi-Furnished,2.0,East,2,Lucknow,400.0,4,2,2400000
Residential House,Furnished,0.0,East,3,Lucknow,1000.0,4,5,18000000
Multistorey Apartment,Unfurnished,8.0,Unknown,12,Lucknow,1000.0,2,2,4200000
Villa,Unfurnished,2.0,North - West,2,Lucknow,900.0,2,3,5300000
Residential House,Furnished,2.0,East,3,Lucknow,1122.0,6,4,9500000
Multistorey Apartment,Semi-Furnished,5.0,Unknown,7,Dehradun,1000.0,3,3,12300000
Multistorey Apartment,Semi-Furnished,12.0,Unknown,14,Lucknow,1604.0,3,3,7500000
Residential House,Semi-Furnished,2.0,East,2,Lucknow,1200.0,3,2,6850000
Multistorey Apartment,Furnished,1.0,Unknown,2,Lucknow,330.0,1,1,1500000
Builder Floor Apartment,Semi-Furnished,2.0,Unknown,4,Dehradun,1000.0,1,1,2400000
Multistorey Apartment,Unfurnished,4.0,East,4,Dehradun,1500.0,3,3,10500000
Multistorey Apartment,Unfurnished,3.0,Unknown,8,Dehradun,2400.0,3,3,11000000
Villa,Unfurnished,2.0,East,2,Dehradun,2900.0,5,4,38000000
Residential House,Unfurnished,2.0,Unknown,2,Dehradun,1000.0,4,4,3500000
Multistorey Apartment,Semi-Furnished,0.0,Unknown,3,Dehradun,83.0,3,2,12000000
Residential House,Semi-Furnished,0.0,East,1,Dehradun,2000.0,4,4,11500000
Villa,Furnished,2.0,Unknown,3,Dehradun,1000.0,5,5,50000000
Multistorey Apartment,Unfurnished,3.0,Unknown,3,Dehradun,1345.0,2,2,6000000
Residential House,Semi-Furnished,0.0,Unknown,2,Dehradun,1000.0,5,6,10500000
Residential House,Semi-Furnished,2.0,Unknown,1,Dehradun,2700.0,3,3,15000000
Multistorey Apartment,Semi-Furnished,3.0,Unknown,4,Dehradun,1350.0,3,3,6500000
Multistorey Apartment,Furnished,1.0,Unknown,3,Dehradun,1000.0,3,2,6500000
Multistorey Apartment,Unfurnished,2.0,Unknown,4,Dehradun,1000.0,2,2,5000000
Multistorey Apartment,Semi-Furnished,5.0,North - East,8,Dehradun,1000.0,4,3,15500000
Residential House,Semi-Furnished,0.0,Unknown,3,Dehradun,1000.0,4,4,32500000
Residential House,Semi-Furnished,2.0,Unknown,2,Dehradun,1000.0,5,2,7000000
Residential House,Semi-Furnished,0.0,North - East,2,Dehradun,1000.0,5,5,11000000
Multistorey Apartment,Unfurnished,2.0,North - West,6,Dehradun,1000.0,6,6,22500000
Residential House,Semi-Furnished,2.0,North - East,2,Dehradun,4300.0,5,4,23000000
Residential House,Unfurnished,2.0,West,2,Dehradun,1300.0,4,4,9900000
Residential House,Furnished,0.0,Unknown,1,Dehradun,1000.0,3,2,5500000
Villa,Semi-Furnished,2.0,Unknown,2,Dehradun,890.0,3,3,5550000
Multistorey Apartment,Unfurnished,1.0,North,3,Dehradun,35.0,1,1,2160000
Residential House,Unfurnished,1.0,South -West,1,Dehradun,1000.0,2,3,13000000
Residential House,Unfurnished,0.0,Unknown,1,Dehradun,1000.0,2,2,11500000
Residential House,Unfurnished,2.0,North - East,1,Dehradun,1000.0,4,2,6800000
Residential House,Furnished,2.0,East,1,Dehradun,1200.0,3,3,4250000
Residential House,Semi-Furnished,0.0,South,2,Dehradun,1700.0,3,4,9500000
Residential House,Unfurnished,0.0,Unknown,1,Dehradun,1000.0,4,2,4700000
Multistorey Apartment,Semi-Furnished,3.0,Unknown,4,Dehradun,1500.0,3,2,8500000
Residential House,Semi-Furnished,2.0,Unknown,2,Dehradun,1000.0,3,3,6500000
Residential House,Unknown,2.0,Unknown,4,Dehradun,1000.0,4,2,15000000
Residential House,Semi-Furnished,0.0,Unknown,1,Dehradun,1000.0,2,2,4300000
Multistorey Apartment,Semi-Furnished,2.0,North - East,3,Dehradun,1500.0,3,3,6000000
Multistorey Apartment,Unfurnished,3.0,Unknown,6,Dehradun,1000.0,4,4,7500000
Residential House,Unfurnished,0.0,East,2,Dehradun,1300.0,3,2,9000000
Residential House,Unfurnished,1.0,Unknown,1,Dehradun,1000.0,4,1,7600000
Builder Floor Apartment,Semi-Furnished,1.0,East,3,Dehradun,1000.0,3,2,7200000
Residential House,Furnished,0.0,Unknown,1,Dehradun,1000.0,2,2,4000000
Residential House,Furnished,2.0,Unknown,1,Dehradun,1000.0,4,1,15000000
Villa,Unfurnished,2.0,Unknown,2,Dehradun,1000.0,6,6,26000000
Villa,Semi-Furnished,2.0,East,2,Dehradun,2500.0,8,6,40000000
Residential House,Furnished,2.0,Unknown,2,Dehradun,1000.0,6,4,25000000
Multistorey Apartment,Semi-Furnished,2.0,Unknown,3,Dehradun,1000.0,2,2,5000000
Multistorey Apartment,Unfurnished,1.0,North - West,3,Dehradun,1620.0,3,3,8400000
Builder Floor Apartment,Semi-Furnished,2.0,East,4,Lucknow,1000.0,2,2,5000000
Builder Floor Apartment,Unfurnished,4.0,Unknown,4,Dehradun,2600.0,4,4,16000000
Residential House,Semi-Furnished,2.0,Unknown,1,Lucknow,1000.0,3,3,4500000
Residential House,Semi-Furnished,2.0,Unknown,1,Lucknow,400.0,2,1,1250000
Residential House,Unfurnished,0.0,Unknown,1,Lucknow,3600.0,7,3,10800000
Residential House,Unfurnished,0.0,South,1,Lucknow,430.0,2,1,2650000
Multistorey Apartment,Unfurnished,7.0,North - East,16,Lucknow,1039.0,2,2,5600000
Villa,Unfurnished,2.0,East,2,Lucknow,1000.0,3,2,5167500
Multistorey Apartment,Unfurnished,3.0,East,18,Lucknow,1000.0,2,2,4800000
Residential House,Unfurnished,1.0,East,1,Lucknow,400.0,2,2,2900000
Multistorey Apartment,Semi-Furnished,2.0,East,3,Lucknow,899.0,2,2,4600000
Multistorey Apartment,Semi-Furnished,1.0,Unknown,8,Lucknow,1000.0,2,2,4000000
Multistorey Apartment,Unfurnished,5.0,East,12,Lucknow,1000.0,2,3,5700000
Multistorey Apartment,Unfurnished,17.0,Unknown,17,Lucknow,1000.0,3,3,9000000
Residential House,Unknown,2.0,Unknown,4,Lucknow,1000.0,3,2,15000000
Residential House,Unfurnished,0.0,North,3,Lucknow,6000.0,6,5,30000000
Multistorey Apartment,Semi-Furnished,3.0,East,3,Lucknow,370.0,1,1,2000000
Residential House,Unfurnished,2.0,West,2,Lucknow,500.0,2,2,3200000
Residential House,Unfurnished,0.0,Unknown,2,Lucknow,1000.0,5,4,37900000
Multistorey Apartment,Furnished,2.0,Unknown,4,Lucknow,450.0,1,1,2250000
Residential House,Furnished,0.0,Unknown,1,Lucknow,1000.0,3,2,11000000
Residential House,Semi-Furnished,0.0,Unknown,1,Lucknow,1000.0,2,2,2800000
Residential House,Semi-Furnished,2.0,North,2,Lucknow,1210.0,3,3,7000000
Multistorey Apartment,Semi-Furnished,1.0,Unknown,3,Lucknow,1000.0,1,1,2000000
Residential House,Furnished,0.0,North,1,Lucknow,800.0,2,2,3500000
Villa,Unfurnished,2.0,Unknown,2,Lucknow,1025.0,3,3,4900000
Villa,Semi-Furnished,2.0,West,2,Lucknow,1075.0,3,3,6500000
Residential House,Unfurnished,1.0,West,2,Lucknow,1000.0,1,2,6000000
Multistorey Apartment,Semi-Furnished,5.0,Unknown,7,Lucknow,1000.0,4,4,22500000
Residential House,Semi-Furnished,2.0,Unknown,1,Lucknow,1015.0,2,2,5800000
Villa,Semi-Furnished,2.0,West,3,Lucknow,7000.0,3,6,29000000
Multistorey Apartment,Semi-Furnished,8.0,North - East,11,Lucknow,927.0,2,2,6200000
Multistorey Apartment,Semi-Furnished,8.0,Unknown,12,Lucknow,1125.0,3,2,5500000
Multistorey Apartment,Unfurnished,1.0,North,4,Lucknow,1200.0,3,3,8600000
Residential House,Semi-Furnished,2.0,Unknown,2,Lucknow,1100.0,3,3,6400000
Residential House,Unfurnished,0.0,West,2,Lucknow,1000.0,4,4,22500000
Residential House,Furnished,2.0,West,1,Lucknow,800.0,3,2,3500000
Villa,Unfurnished,2.0,East,2,Lucknow,1500.0,3,3,7000000
Multistorey Apartment,Unfurnished,0.0,Unknown,11,Lucknow,1000.0,3,2,11000000
Multistorey Apartment,Unfurnished,3.0,Unknown,5,Lucknow,1000.0,2,2,6250000
Multistorey Apartment,Semi-Furnished,2.0,South -West,4,Lucknow,1460.0,3,2,6200000
Residential House,Unfurnished,1.0,West,2,Lucknow,450.0,4,2,4650000
Residential House,Semi-Furnished,2.0,South,1,Lucknow,1000.0,2,2,11000000
Builder Floor Apartment,Semi-Furnished,2.0,East,2,Dehradun,840.0,2,2,2400000
Multistorey Apartment,Furnished,1.0,Unknown,1,Dehradun,2400.0,3,3,10000000
Multistorey Apartment,Semi-Furnished,2.0,Unknown,8,Dehradun,1000.0,2,2,4700000
Residential House,Furnished,2.0,South - East,2,Dehradun,900.0,5,4,6100000
Residential House,Unfurnished,2.0,East,1,Dehradun,800.0,2,2,4600000
Residential House,Semi-Furnished,2.0,Unknown,2,Dehradun,278.0,3,5,11500000
Residential House,Semi-Furnished,2.0,Unknown,1,Dehradun,900.0,2,2,3000000
Builder Floor Apartment,Furnished,3.0,Unknown,3,Dehradun,1000.0,2,2,3400000
Residential House,Semi-Furnished,1.0,Unknown,1,Dehradun,117.0,2,3,5200000
Villa,Semi-Furnished,2.0,Unknown,1,Dehradun,1000.0,3,2,12500000
Residential House,Semi-Furnished,1.0,Unknown,2,Dehradun,1000.0,2,2,7500000
Multistorey Apartment,Unfurnished,0.0,Unknown,7,Dehradun,1300.0,3,3,8500000
Multistorey Apartment,Unfurnished,1.0,Unknown,1,Dehradun,1000.0,3,3,8000000
Residential House,Unfurnished,2.0,Unknown,1,Dehradun,1000.0,2,2,4800000
Residential House,Furnished,0.0,Unknown,3,Dehradun,1000.0,6,5,18000000
Residential House,Unfurnished,0.0,North - East,1,Dehradun,2500.0,3,2,8500000
Builder Floor Apartment,Unfurnished,3.0,Unknown,4,Dehradun,1000.0,3,3,5500000
Residential House,Semi-Furnished,2.0,North,2,Dehradun,950.0,4,4,9500000
Multistorey Apartment,Semi-Furnished,2.0,Unknown,3,Dehradun,1000.0,1,1,4000000
Builder Floor Apartment,Semi-Furnished,0.0,Unknown,3,Dehradun,1000.0,1,1,1990000
Residential House,Unfurnished,1.0,Unknown,2,Dehradun,1000.0,3,2,23000000
Multistorey Apartment,Semi-Furnished,2.0,North - East,4,Dehradun,1500.0,3,3,6000000
Multistorey Apartment,Semi-Furnished,2.0,Unknown,6,Dehradun,1000.0,2,2,5700000
Residential House,Semi-Furnished,2.0,Unknown,1,Dehradun,963.0,2,2,5600000
Residential House,Semi-Furnished,2.0,Unknown,2,Dehradun,1100.0,6,4,9000000
Residential House,Semi-Furnished,0.0,North - West,2,Dehradun,1800.0,3,2,9600000
Studio Apartment,Furnished,5.0,Unknown,7,Dehradun,550.0,3,1,4800000
Builder Floor Apartment,Unfurnished,1.0,South - East,3,Dehradun,1050.0,2,2,4000000
Multistorey Apartment,Semi-Furnished,2.0,North - West,3,Dehradun,1550.0,3,2,8200000
Multistorey Apartment,Furnished,0.0,North - East,3,Dehradun,1100.0,3,3,6700000
Residential House,Furnished,1.0,Unknown,5,Dehradun,1000.0,4,4,40000000
Multistorey Apartment,Semi-Furnished,2.0,West,3,Dehradun,600.0,1,1,2400000
Penthouse,Semi-Furnished,0.0,Unknown,2,Dehradun,2200.0,4,3,6800000
Residential House,Furnished,0.0,East,3,Dehradun,1000.0,2,2,4600000
Residential House,Unfurnished,1.0,East,3,Dehradun,1350.0,3,3,7800000
Residential House,Unfurnished,1.0,Unknown,2,Dehradun,1000.0,4,4,6500000
Residential House,Unfurnished,0.0,Unknown,1,Dehradun,1000.0,3,2,9000000
Multistorey Apartment,Unfurnished,1.0,North - East,7,Dehradun,1680.0,3,2,9500000
Multistorey Apartment,Semi-Furnished,4.0,Unknown,7,Dehradun,1000.0,1,1,2800000
Builder Floor Apartment,Semi-Furnished,0.0,East,3,Dehradun,1000.0,2,2,4200000
Multistorey Apartment,Semi-Furnished,2.0,North,5,Dehradun,1721.0,3,2,8500000
Residential House,Unfurnished,0.0,Unknown,1,Lucknow,1000.0,4,3,22500000
Multistorey Apartment,Furnished,4.0,Unknown,7,Lucknow,1000.0,3,3,4200000
Residential House,Semi-Furnished,2.0,Unknown,2,Lucknow,900.0,3,4,5000000
Multistorey Apartment,Semi-Furnished,3.0,Unknown,4,Dehradun,1000.0,3,3,15800000
Multistorey Apartment,Semi-Furnished,7.0,North - East,8,Lucknow,2000.0,4,4,15000000
Multistorey Apartment,Semi-Furnished,12.0,North,24,Lucknow,1750.0,3,4,11000000
Residential House,Semi-Furnished,2.0,Unknown,2,Lucknow,1000.0,3,2,16000000
Residential House,Semi-Furnished,2.0,East,1,Lucknow,1000.0,2,2,3922000
Multistorey Apartment,Unfurnished,8.0,East,14,Lucknow,1000.0,3,3,7500000
Villa,Unfurnished,2.0,East,1,Lucknow,1000.0,2,2,4950000
Residential House,Unfurnished,1.0,South -West,2,Lucknow,1350.0,3,2,18500000
Multistorey Apartment,Unfurnished,5.0,Unknown,14,Lucknow,1000.0,4,3,14500000
Residential House,Unfurnished,1.0,East,1,Lucknow,1000.0,3,2,4700000
Residential House,Semi-Furnished,2.0,North - East,1,Lucknow,1000.0,2,2,6500000
Villa,Furnished,2.0,East,4,Lucknow,1000.0,10,2,75000000
Villa,Furnished,2.0,West,2,Lucknow,3500.0,4,4,30000000
Residential House,Unfurnished,0.0,Unknown,2,Lucknow,1000.0,3,3,20000000
Residential House,Semi-Furnished,0.0,North - East,1,Lucknow,1000.0,2,2,4600000
Multistorey Apartment,Semi-Furnished,5.0,Unknown,13,Lucknow,1000.0,3,2,4500000
Multistorey Apartment,Semi-Furnished,18.0,Unknown,25,Lucknow,1000.0,1,1,2400000
Multistorey Apartment,Semi-Furnished,3.0,Unknown,15,Lucknow,1000.0,2,2,7160000
Residential House,Furnished,0.0,Unknown,1,Lucknow,3100.0,6,4,49000000
Multistorey Apartment,Furnished,5.0,Unknown,13,Lucknow,1000.0,2,2,6800000
Residential House,Unfurnished,1.0,Unknown,2,Lucknow,500.0,4,2,2500000
Residential House,Unfurnished,1.0,East,1,Lucknow,1000.0,2,2,3450000
Residential House,Semi-Furnished,0.0,Unknown,1,Lucknow,1000.0,2,2,4500000
Villa,Semi-Furnished,2.0,East,2,Lucknow,1000.0,3,3,6800000
Residential House,Unfurnished,0.0,North - West,3,Lucknow,1000.0,3,2,4300000
Villa,Furnished,2.0,East,1,Lucknow,500.0,2,1,1750000
Multistorey Apartment,Semi-Furnished,0.0,Unknown,3,Lucknow,1000.0,1,1,1750000
Multistorey Apartment,Semi-Furnished,3.0,East,4,Lucknow,1000.0,2,2,4500000
Villa,Semi-Furnished,2.0,East,1,Lucknow,1000.0,2,2,4600000
Multistorey Apartment,Unfurnished,8.0,Unknown,15,Lucknow,656.0,2,2,3000000
Multistorey Apartment,Unfurnished,1.0,East,13,Lucknow,972.0,3,3,8700000
Multistorey Apartment,Semi-Furnished,-1.0,North - East,2,Lucknow,1255.0,3,3,11500000
Residential House,Unfurnished,2.0,Unknown,1,Lucknow,1000.0,3,3,13500000
Residential House,Semi-Furnished,0.0,East,1,Lucknow,1000.0,2,2,4846000
Residential House,Semi-Furnished,2.0,Unknown,3,Dehradun,1000.0,5,5,29900000
Residential House,Semi-Furnished,0.0,Unknown,2,Dehradun,1000.0,3,3,7000000
Residential House,Unfurnished,0.0,Unknown,2,Dehradun,1000.0,6,3,7000000
Multistorey Apartment,Unfurnished,2.0,South,4,Dehradun,1600.0,4,3,8500000
Residential House,Unfurnished,1.0,East,1,Lucknow,832.0,2,2,3690000
Residential House,Semi-Furnished,0.0,North - West,1,Dehradun,1000.0,2,2,4500000
Multistorey Apartment,Furnished,1.0,Unknown,7,Dehradun,1000.0,4,3,10000000
Residential House,Unfurnished,0.0,Unknown,2,Dehradun,1000.0,10,6,57500000
Villa,Unfurnished,2.0,Unknown,1,Dehradun,1200.0,3,2,5000000
Residential House,Furnished,2.0,Unknown,2,Dehradun,1000.0,5,4,14000000
Residential House,Semi-Furnished,2.0,South - East,2,Dehradun,1000.0,4,4,18500000
Multistorey Apartment,Furnished,4.0,Unknown,4,Dehradun,1000.0,3,3,6000000
Residential House,Unfurnished,1.0,North,1,Dehradun,1600.0,3,4,7200000
Multistorey Apartment,Semi-Furnished,4.0,South - East,8,Dehradun,1200.0,3,2,7800000
Multistorey Apartment,Semi-Furnished,3.0,Unknown,3,Dehradun,1000.0,2,2,3900000
Villa,Semi-Furnished,2.0,Unknown,2,Dehradun,1000.0,4,3,12000000
Multistorey Apartment,Unfurnished,1.0,North,3,Dehradun,650.0,2,2,4500000
Residential House,Semi-Furnished,0.0,East,3,Dehradun,900.0,2,2,10500000
Multistorey Apartment,Semi-Furnished,2.0,Unknown,7,Dehradun,1000.0,3,3,10000000
Residential House,Semi-Furnished,0.0,Unknown,1,Dehradun,900.0,2,2,5400000
Villa,Furnished,2.0,North,2,Dehradun,1504.0,4,5,9300000
Residential House,Unfurnished,2.0,Unknown,4,Dehradun,1000.0,1,1,3000000
Multistorey Apartment,Unfurnished,2.0,Unknown,3,Dehradun,1000.0,3,2,7500000
Builder Floor Apartment,Unfurnished,2.0,North - West,2,Dehradun,1700.0,4,3,4900000
Residential House,Unfurnished,1.0,Unknown,2,Dehradun,1000.0,4,3,11000000
Builder Floor Apartment,Furnished,1.0,Unknown,2,Dehradun,1000.0,4,3,6500000
Multistorey Apartment,Semi-Furnished,2.0,Unknown,4,Dehradun,800.0,2,2,4000000
Villa,Semi-Furnished,2.0,East,2,Dehradun,2500.0,3,4,12000000
Residential House,Semi-Furnished,0.0,Unknown,2,Dehradun,1000.0,8,4,60000000
Multistorey Apartment,Unfurnished,1.0,Unknown,3,Dehradun,1000.0,3,3,8500000
Multistorey Apartment,Semi-Furnished,3.0,North - East,4,Dehradun,2100.0,3,3,11500000
Multistorey Apartment,Unfurnished,0.0,North,3,Dehradun,1100.0,2,2,5800000
Residential House,Unfurnished,2.0,Unknown,2,Dehradun,1000.0,2,2,7600000
Residential House,Unfurnished,0.0,Unknown,2,Dehradun,1000.0,4,4,11000000
Residential House,Unfurnished,0.0,Unknown,1,Dehradun,1000.0,3,3,22500000
Residential House,Semi-Furnished,0.0,Unknown,2,Dehradun,1000.0,3,4,7500000
Villa,Semi-Furnished,2.0,Unknown,1,Dehradun,1000.0,2,2,9000000
Builder Floor Apartment,Semi-Furnished,1.0,North,3,Dehradun,840.0,2,2,4500000
Villa,Unfurnished,2.0,Unknown,2,Dehradun,1000.0,4,3,5500000
Multistorey Apartment,Semi-Furnished,1.0,Unknown,5,Dehradun,1000.0,3,3,6500000
Residential House,Unknown,2.0,Unknown,4,Dehradun,1000.0,5,2,31000000
Builder Floor Apartment,Semi-Furnished,1.0,Unknown,4,Dehradun,1000.0,1,1,3100000
Multistorey Apartment,Semi-Furnished,3.0,Unknown,6,Dehradun,1350.0,3,2,9000000
Builder Floor Apartment,Furnished,3.0,Unknown,3,Dehradun,1000.0,3,2,6200000
Residential House,Semi-Furnished,0.0,Unknown,2,Dehradun,1000.0,4,3,9000000
Builder Floor Apartment,Semi-Furnished,2.0,Unknown,4,Dehradun,1000.0,2,2,4500000
Builder Floor Apartment,Unfurnished,2.0,Unknown,2,Dehradun,1000.0,3,2,6000000
Residential House,Furnished,1.0,Unknown,2,Lucknow,440.0,4,3,4200000
Residential House,Furnished,2.0,East,1,Lucknow,1000.0,3,3,6650000
Villa,Semi-Furnished,2.0,Unknown,3,Lucknow,1000.0,4,4,20000000
Residential House,Semi-Furnished,2.0,East,2,Lucknow,1000.0,3,3,4500000
Villa,Unfurnished,2.0,North - East,2,Lucknow,1281.0,3,3,14500000
Multistorey Apartment,Semi-Furnished,12.0,North - East,12,Lucknow,1000.0,2,2,5790000
Multistorey Apartment,Furnished,0.0,Unknown,14,Lucknow,900.0,3,2,9200000
Multistorey Apartment,Semi-Furnished,8.0,Unknown,10,Lucknow,1366.0,3,3,12500000
Residential House,Semi-Furnished,0.0,East,2,Lucknow,1000.0,3,3,5000000
Residential House,Unfurnished,0.0,South,1,Lucknow,2000.0,4,3,4900000
Residential House,Semi-Furnished,0.0,South - East,1,Lucknow,3000.0,4,4,69900000
Multistorey Apartment,Semi-Furnished,7.0,East,22,Lucknow,1260.0,3,3,11000000
Residential House,Unfurnished,2.0,East,1,Lucknow,800.0,2,2,3600000
Multistorey Apartment,Semi-Furnished,5.0,East,8,Lucknow,1380.0,3,3,5400000
Residential House,Semi-Furnished,2.0,Unknown,1,Lucknow,2600.0,3,4,15000000
Multistorey Apartment,Furnished,11.0,Unknown,13,Lucknow,1000.0,3,3,16000000
Residential House,Furnished,0.0,Unknown,2,Lucknow,1000.0,3,3,5000000
Multistorey Apartment,Unfurnished,0.0,South - East,4,Lucknow,1170.0,2,2,6000000
Penthouse,Unfurnished,7.0,Unknown,7,Lucknow,1689.0,3,3,12500000
Multistorey Apartment,Unfurnished,0.0,East,4,Lucknow,524.0,2,2,3400000
Residential House,Semi-Furnished,2.0,Unknown,1,Lucknow,1080.0,2,2,5800000
Multistorey Apartment,Unfurnished,2.0,East,12,Lucknow,575.0,2,2,3825000
Builder Floor Apartment,Semi-Furnished,2.0,North,2,Lucknow,1000.0,3,4,15000000
Residential House,Semi-Furnished,2.0,North,3,Lucknow,1200.0,7,6,16000000
Residential House,Furnished,1.0,West,2,Lucknow,663.0,2,1,3650000
Residential House,Semi-Furnished,2.0,East,3,Lucknow,2325.0,4,3,20000000
Multistorey Apartment,Furnished,6.0,East,13,Lucknow,1390.0,4,3,14500000
Penthouse,Semi-Furnished,12.0,North,12,Lucknow,1000.0,3,3,14000000
Residential House,Semi-Furnished,1.0,West,2,Lucknow,1000.0,3,3,6500000
Residential House,Unfurnished,1.0,West,3,Lucknow,500.0,4,3,3300000
Multistorey Apartment,Furnished,2.0,East,2,Lucknow,1310.0,3,2,7500000
Multistorey Apartment,Unfurnished,6.0,Unknown,10,Lucknow,1000.0,2,2,6100000
Multistorey Apartment,Unfurnished,1.0,Unknown,5,Lucknow,1000.0,3,3,10500000
Residential House,Unfurnished,0.0,East,1,Lucknow,1250.0,3,3,5700000
Residential House,Unfurnished,1.0,North,1,Lucknow,800.0,2,3,4000000
Residential House,Furnished,2.0,West,2,Lucknow,1000.0,3,3,7400000
Builder Floor Apartment,Semi-Furnished,4.0,Unknown,4,Dehradun,875.0,2,2,5000000
Multistorey Apartment,Unknown,2.0,Unknown,4,Dehradun,1000.0,2,2,5500000
Multistorey Apartment,Unfurnished,4.0,North,7,Lucknow,1374.0,2,2,6130000
Builder Floor Apartment,Semi-Furnished,1.0,Unknown,3,Dehradun,1000.0,2,2,2500000
Builder Floor Apartment,Semi-Furnished,0.0,Unknown,3,Dehradun,1000.0,2,2,4000000
Residential House,Furnished,0.0,Unknown,1,Dehradun,2400.0,2,2,19000000
Builder Floor Apartment,Unfurnished,3.0,Unknown,3,Dehradun,1000.0,3,3,6500000
Multistorey Apartment,Unfurnished,1.0,Unknown,3,Dehradun,475.0,1,1,2325000
Villa,Semi-Furnished,2.0,Unknown,2,Dehradun,1000.0,3,3,9500000
Multistorey Apartment,Semi-Furnished,6.0,Unknown,8,Dehradun,1000.0,1,1,4500000
Villa,Semi-Furnished,2.0,Unknown,2,Dehradun,4500.0,7,6,30000000
Residential House,Semi-Furnished,0.0,South,1,Dehradun,1000.0,2,2,5500000
Residential House,Unfurnished,0.0,Unknown,2,Dehradun,1000.0,4,2,10000000
Residential House,Unfurnished,0.0,Unknown,1,Dehradun,1200.0,4,3,9000000
Multistorey Apartment,Unfurnished,2.0,Unknown,8,Dehradun,1000.0,2,2,7200000
Builder Floor Apartment,Semi-Furnished,2.0,Unknown,4,Dehradun,1000.0,3,3,10000000
Villa,Furnished,2.0,Unknown,2,Dehradun,1000.0,4,3,7000000
Villa,Semi-Furnished,2.0,West,2,Dehradun,2565.0,3,3,12000000
Builder Floor Apartment,Semi-Furnished,2.0,Unknown,6,Dehradun,1000.0,3,3,6200000
Multistorey Apartment,Semi-Furnished,0.0,North,3,Dehradun,1600.0,3,3,5800000
Residential House,Semi-Furnished,2.0,North,3,Dehradun,1000.0,4,4,12000000
Builder Floor Apartment,Semi-Furnished,2.0,Unknown,4,Dehradun,1330.0,2,2,5985000
Residential House,Semi-Furnished,2.0,Unknown,1,Dehradun,2000.0,3,2,5500000
Villa,Unfurnished,2.0,Unknown,2,Dehradun,1800.0,3,3,5000000
Builder Floor Apartment,Unfurnished,1.0,Unknown,3,Dehradun,1000.0,2,2,6000000
Multistorey Apartment,Unfurnished,7.0,Unknown,7,Dehradun,1000.0,3,3,10000000
Residential House,Semi-Furnished,0.0,South,2,Dehradun,1000.0,3,8,33000000
Multistorey Apartment,Semi-Furnished,2.0,East,7,Dehradun,1000.0,2,2,3950000
Builder Floor Apartment,Semi-Furnished,0.0,Unknown,3,Dehradun,1000.0,2,3,3500000
Villa,Unfurnished,2.0,North - East,3,Dehradun,3000.0,4,5,14000000
Multistorey Apartment,Semi-Furnished,3.0,Unknown,3,Dehradun,700.0,2,2,4200000
Multistorey Apartment,Semi-Furnished,1.0,Unknown,5,Dehradun,1000.0,2,2,5500000
Multistorey Apartment,Furnished,6.0,Unknown,7,Dehradun,1000.0,1,1,4500000
Residential House,Semi-Furnished,2.0,North,3,Lucknow,1350.0,7,6,21000000
Multistorey Apartment,Furnished,3.0,Unknown,12,Lucknow,1000.0,3,2,8000000
Villa,Furnished,2.0,Unknown,2,Lucknow,1000.0,3,3,11500000
Residential House,Semi-Furnished,2.0,East,1,Lucknow,1100.0,3,2,5500000
Builder Floor Apartment,Furnished,1.0,North,1,Dehradun,1600.0,3,3,9000000
Residential House,Unfurnished,2.0,Unknown,1,Dehradun,1600.0,2,2,5350000
Multistorey Apartment,Semi-Furnished,3.0,East,5,Lucknow,1100.0,2,2,4500000
Villa,Semi-Furnished,2.0,East,2,Lucknow,1000.0,2,2,4900000
Multistorey Apartment,Semi-Furnished,2.0,Unknown,15,Lucknow,1829.0,3,3,21000000
Residential House,Semi-Furnished,2.0,North,2,Lucknow,775.0,4,1,3300000
Residential House,Semi-Furnished,2.0,West,2,Lucknow,1500.0,3,3,7500000
Residential House,Unfurnished,1.0,East,2,Lucknow,1000.0,4,3,7200000
Residential House,Unfurnished,0.0,West,1,Lucknow,1000.0,2,2,4100000
Multistorey Apartment,Semi-Furnished,12.0,East,15,Lucknow,1000.0,2,2,7500000
Villa,Semi-Furnished,2.0,East,2,Lucknow,1000.0,3,3,7500000
Villa,Semi-Furnished,2.0,North - East,1,Lucknow,1000.0,3,3,12000000
Residential House,Semi-Furnished,2.0,East,1,Lucknow,2500.0,4,3,32500000
Multistorey Apartment,Unfurnished,3.0,East,8,Lucknow,1000.0,2,2,4300000
Residential House,Semi-Furnished,2.0,East,2,Lucknow,950.0,3,2,3990000
Multistorey Apartment,Unfurnished,1.0,South -West,15,Lucknow,2175.0,4,5,17500000
Residential House,Semi-Furnished,0.0,Unknown,1,Lucknow,1000.0,2,2,5800000
Residential House,Semi-Furnished,2.0,North,3,Lucknow,1700.0,5,4,17000000
Multistorey Apartment,Semi-Furnished,3.0,North - West,7,Lucknow,1000.0,3,3,19000000
Multistorey Apartment,Unfurnished,7.0,North - East,16,Lucknow,1040.0,2,2,5550000
Villa,Semi-Furnished,2.0,North,1,Lucknow,1100.0,2,2,3890000
Multistorey Apartment,Semi-Furnished,0.0,East,3,Lucknow,600.0,2,2,3500000
Multistorey Apartment,Unfurnished,2.0,North,14,Lucknow,1740.0,4,3,11000000
Villa,Semi-Furnished,2.0,South -West,2,Lucknow,2600.0,4,4,29000000
Residential House,Semi-Furnished,2.0,East,2,Lucknow,1000.0,5,5,17500000
Builder Floor Apartment,Semi-Furnished,1.0,North,3,Lucknow,1000.0,2,2,5000000
Villa,Unfurnished,2.0,North - East,3,Lucknow,3287.0,4,7,36200000
Multistorey Apartment,Semi-Furnished,6.0,East,6,Dehradun,1025.0,2,3,6000000
Builder Floor Apartment,Unfurnished,2.0,North - West,3,Dehradun,1250.0,2,2,5700000
Multistorey Apartment,Unfurnished,1.0,Unknown,3,Dehradun,1100.0,2,2,7000000
Builder Floor Apartment,Semi-Furnished,1.0,Unknown,3,Dehradun,1150.0,3,3,6500000
Builder Floor Apartment,Semi-Furnished,2.0,South,2,Dehradun,1000.0,2,2,4200000
Multistorey Apartment,Semi-Furnished,1.0,Unknown,4,Dehradun,1100.0,2,3,4800000
Residential House,Semi-Furnished,2.0,North - East,1,Dehradun,1620.0,3,2,9500000
Builder Floor Apartment,Semi-Furnished,1.0,North - West,3,Dehradun,900.0,2,2,5200000
Residential House,Semi-Furnished,2.0,Unknown,1,Dehradun,1000.0,1,1,3200000
Residential House,Unfurnished,0.0,East,1,Dehradun,1000.0,2,2,8000000
Residential House,Semi-Furnished,2.0,East,1,Dehradun,850.0,2,2,5000000
Residential House,Unfurnished,2.0,Unknown,1,Dehradun,1150.0,2,3,4700000
Multistorey Apartment,Semi-Furnished,1.0,North,8,Dehradun,1615.0,3,3,8500000
Residential House,Semi-Furnished,1.0,East,1,Dehradun,1000.0,7,6,25000000
Multistorey Apartment,Semi-Furnished,4.0,Unknown,4,Dehradun,1000.0,2,2,5500000
Builder Floor Apartment,Semi-Furnished,2.0,South - East,2,Dehradun,710.0,2,3,3900000
Residential House,Unfurnished,1.0,Unknown,1,Dehradun,1000.0,6,4,20000000
Multistorey Apartment,Unfurnished,5.0,East,8,Dehradun,1200.0,2,2,6500000
Residential House,Unfurnished,0.0,North - East,2,Dehradun,2100.0,4,4,20000000
Villa,Semi-Furnished,2.0,Unknown,2,Dehradun,1000.0,2,2,6500000
Residential House,Unfurnished,2.0,Unknown,1,Dehradun,1000.0,2,2,13000000
Multistorey Apartment,Semi-Furnished,3.0,Unknown,4,Dehradun,1000.0,3,3,8500000
Residential House,Furnished,2.0,North - East,3,Dehradun,1000.0,8,10,34000000
Residential House,Unfurnished,1.0,Unknown,1,Dehradun,1000.0,2,2,5000000
Builder Floor Apartment,Unfurnished,1.0,East,3,Dehradun,840.0,2,2,3600000
Builder Floor Apartment,Semi-Furnished,2.0,Unknown,2,Dehradun,1000.0,1,1,2000000
Multistorey Apartment,Unfurnished,2.0,Unknown,5,Dehradun,1000.0,3,2,6500000
Multistorey Apartment,Semi-Furnished,6.0,East,4,Dehradun,1700.0,3,3,9000000
Multistorey Apartment,Unfurnished,1.0,East,4,Dehradun,1000.0,3,4,7100000
Residential House,Furnished,2.0,Unknown,1,Dehradun,2021.0,4,3,15000000
Residential House,Unfurnished,2.0,Unknown,1,Dehradun,1000.0,2,2,5500000
Residential House,Semi-Furnished,0.0,Unknown,1,Dehradun,1000.0,2,2,8500000
Multistorey Apartment,Furnished,2.0,North - East,14,Lucknow,1550.0,3,3,11000000
Residential House,Unfurnished,2.0,South - East,2,Lucknow,4500.0,4,5,25000000
Multistorey Apartment,Unfurnished,3.0,East,15,Lucknow,1200.0,2,2,6500000
Multistorey Apartment,Unfurnished,2.0,East,18,Lucknow,911.0,2,2,5000000
Residential House,Semi-Furnished,2.0,East,2,Lucknow,4500.0,5,2,51000000
Multistorey Apartment,Unfurnished,2.0,North - East,21,Lucknow,1400.0,3,3,8500000
Residential House,Furnished,2.0,North - East,2,Lucknow,1000.0,3,3,10000000
Multistorey Apartment,Semi-Furnished,8.0,Unknown,17,Lucknow,1000.0,2,2,5000000
Multistorey Apartment,Semi-Furnished,15.0,North - East,17,Lucknow,1000.0,3,3,8100000
Studio Apartment,Furnished,2.0,East,14,Lucknow,385.0,3,1,3800000
Residential House,Semi-Furnished,0.0,East,1,Lucknow,450.0,1,1,1650000
Multistorey Apartment,Unfurnished,5.0,North - East,14,Lucknow,841.0,2,2,6900000
Villa,Semi-Furnished,2.0,South,3,Lucknow,800.0,4,3,7500000
Residential House,Semi-Furnished,2.0,Unknown,2,Lucknow,4500.0,5,5,32500000
Multistorey Apartment,Semi-Furnished,3.0,Unknown,5,Lucknow,1000.0,3,3,16300000
Multistorey Apartment,Semi-Furnished,2.0,North,8,Lucknow,1500.0,3,2,7500000
Villa,Semi-Furnished,2.0,East,1,Lucknow,1000.0,2,2,4900000
Multistorey Apartment,Unfurnished,7.0,North - East,12,Lucknow,1500.0,3,3,9000000
Multistorey Apartment,Semi-Furnished,6.0,North - East,13,Lucknow,1050.0,2,2,8500000
Residential House,Semi-Furnished,2.0,North - West,2,Lucknow,750.0,3,2,4800000
Villa,Semi-Furnished,2.0,East,2,Lucknow,1050.0,4,3,7500000
Residential House,Semi-Furnished,0.0,North,2,Lucknow,2000.0,5,5,42500000
Multistorey Apartment,Semi-Furnished,11.0,East,14,Lucknow,1050.0,2,2,8000000
Multistorey Apartment,Semi-Furnished,1.0,East,4,Lucknow,1000.0,2,2,5200000
Residential House,Furnished,1.0,East,1,Lucknow,400.0,2,1,2200000
Multistorey Apartment,Unfurnished,3.0,North,7,Lucknow,1350.0,3,2,9000000
Multistorey Apartment,Unfurnished,12.0,North - West,14,Lucknow,400.0,2,1,2450000
Multistorey Apartment,Unfurnished,12.0,East,12,Lucknow,1000.0,3,3,7500000
Residential House,Semi-Furnished,2.0,West,3,Lucknow,800.0,4,4,7700000
Residential House,Semi-Furnished,0.0,North - East,2,Lucknow,700.0,2,2,3000000
Residential House,Semi-Furnished,2.0,Unknown,2,Lucknow,700.0,3,2,3600000
Multistorey Apartment,Semi-Furnished,11.0,South - East,19,Lucknow,1400.0,3,4,10500000
Residential House,Unfurnished,0.0,West,1,Lucknow,1100.0,3,3,4500000
Residential House,Furnished,0.0,West,1,Lucknow,650.0,2,2,3000000
Multistorey Apartment,Unfurnished,7.0,South,7,Lucknow,2000.0,4,4,12500000
Residential House,Unfurnished,1.0,East,2,Lucknow,1680.0,3,3,6500000
Villa,Semi-Furnished,2.0,East,2,Lucknow,1600.0,3,3,7800000
Multistorey Apartment,Semi-Furnished,15.0,North,18,Lucknow,1000.0,3,3,13400000
Villa,Unfurnished,2.0,Unknown,1,Dehradun,1000.0,1,1,30000000
Multistorey Apartment,Furnished,5.0,North - East,13,Lucknow,1000.0,3,4,35000000
Multistorey Apartment,Unfurnished,0.0,East,2,Dehradun,452.0,1,1,2500000
Builder Floor Apartment,Semi-Furnished,1.0,Unknown,3,Dehradun,1000.0,2,2,3600000
Residential House,Unfurnished,2.0,Unknown,2,Dehradun,1000.0,3,3,3800000
Residential House,Semi-Furnished,2.0,Unknown,2,Dehradun,1000.0,3,4,5800000
Residential House,Unfurnished,2.0,Unknown,1,Dehradun,1000.0,3,3,8000000
Residential House,Furnished,0.0,Unknown,1,Dehradun,1000.0,3,2,12000000
Residential House,Semi-Furnished,2.0,Unknown,1,Dehradun,800.0,2,1,3500000
Villa,Unfurnished,2.0,Unknown,2,Dehradun,1000.0,3,2,6000000
Residential House,Semi-Furnished,2.0,Unknown,3,Dehradun,1500.0,2,2,6500000
Residential House,Semi-Furnished,0.0,North,1,Dehradun,1000.0,5,3,9900000
Multistorey Apartment,Unfurnished,1.0,Unknown,3,Dehradun,950.0,2,2,4500000
Residential House,Semi-Furnished,2.0,Unknown,2,Dehradun,1000.0,5,3,11000000
Residential House,Unfurnished,0.0,North - West,2,Dehradun,1200.0,4,5,11000000
Residential House,Semi-Furnished,0.0,Unknown,2,Dehradun,1000.0,4,2,9900000
Builder Floor Apartment,Furnished,1.0,Unknown,3,Dehradun,1000.0,3,2,5000000
Builder Floor Apartment,Furnished,3.0,Unknown,3,Dehradun,1000.0,3,2,5900000
Builder Floor Apartment,Semi-Furnished,3.0,Unknown,4,Dehradun,1000.0,2,2,4500000
Residential House,Semi-Furnished,2.0,Unknown,4,Dehradun,1000.0,2,1,3900000
Multistorey Apartment,Furnished,2.0,Unknown,6,Dehradun,1000.0,3,3,12500000
Residential House,Semi-Furnished,0.0,Unknown,1,Dehradun,1000.0,3,3,7500000
Multistorey Apartment,Semi-Furnished,1.0,West,3,Dehradun,1200.0,3,3,5400000
Residential House,Unfurnished,2.0,Unknown,2,Dehradun,1000.0,3,3,8500000
Builder Floor Apartment,Furnished,2.0,Unknown,4,Dehradun,1000.0,3,3,5200000
Residential House,Semi-Furnished,3.0,Unknown,3,Dehradun,1000.0,2,2,3800000
Multistorey Apartment,Furnished,1.0,Unknown,2,Dehradun,1000.0,2,2,4200000
Builder Floor Apartment,Semi-Furnished,2.0,Unknown,4,Dehradun,1000.0,6,6,42000000
Multistorey Apartment,Unfurnished,3.0,East,5,Dehradun,1500.0,3,3,6000000
Residential House,Semi-Furnished,0.0,North,1,Dehradun,1736.0,5,4,7000000
Multistorey Apartment,Semi-Furnished,4.0,Unknown,6,Dehradun,1000.0,2,2,6500000
Residential House,Unfurnished,0.0,Unknown,1,Dehradun,1000.0,2,1,2400000
Builder Floor Apartment,Unfurnished,1.0,Unknown,2,Dehradun,1000.0,2,2,3500000
Multistorey Apartment,Semi-Furnished,1.0,Unknown,6,Dehradun,1400.0,3,3,8500000
Residential House,Semi-Furnished,0.0,Unknown,3,Dehradun,1000.0,6,3,5000000
Residential House,Semi-Furnished,0.0,West,2,Dehradun,3500.0,3,3,52500000
Builder Floor Apartment,Unfurnished,1.0,Unknown,4,Dehradun,1000.0,3,2,6000000
Multistorey Apartment,Unfurnished,0.0,East,3,Lucknow,1100.0,2,2,7000000
Villa,Unfurnished,2.0,Unknown,2,Dehradun,1000.0,7,2,9000000
Multistorey Apartment,Semi-Furnished,2.0,Unknown,8,Lucknow,2700.0,3,3,21000000
Residential House,Semi-Furnished,0.0,West,1,Lucknow,2600.0,3,3,35000000
Residential House,Semi-Furnished,1.0,East,2,Lucknow,1000.0,2,2,4950000
Multistorey Apartment,Semi-Furnished,3.0,West,3,Dehradun,870.0,2,2,3300000
Residential House,Semi-Furnished,1.0,North,1,Lucknow,1050.0,2,2,4500000
Residential House,Semi-Furnished,0.0,West,1,Lucknow,1500.0,3,3,30000000
Multistorey Apartment,Semi-Furnished,1.0,East,4,Lucknow,1672.0,3,3,11000000
Multistorey Apartment,Unfurnished,6.0,North - West,13,Lucknow,950.0,3,2,7800000
Villa,Semi-Furnished,2.0,East,1,Lucknow,1000.0,2,2,5800000
Villa,Semi-Furnished,2.0,East,1,Lucknow,920.0,2,2,3700000
Multistorey Apartment,Unfurnished,4.0,East,19,Lucknow,9102.0,2,2,7400000
Multistorey Apartment,Unfurnished,2.0,Unknown,4,Lucknow,869.0,2,2,8777000
Multistorey Apartment,Furnished,6.0,North - East,14,Lucknow,950.0,2,2,6500000
Multistorey Apartment,Furnished,5.0,Unknown,20,Lucknow,1209.0,3,3,12415000
Multistorey Apartment,Furnished,14.0,East,14,Lucknow,1130.0,3,3,8500000
Residential House,Unfurnished,2.0,East,2,Lucknow,1450.0,3,3,5400000
Multistorey Apartment,Semi-Furnished,2.0,Unknown,4,Lucknow,1000.0,2,2,5775000
Multistorey Apartment,Unfurnished,0.0,North - East,21,Lucknow,1600.0,3,2,12800000
Multistorey Apartment,Unfurnished,2.0,Unknown,12,Lucknow,1000.0,2,2,4380000
Villa,Furnished,2.0,North - East,2,Lucknow,2456.0,4,7,20000000
Multistorey Apartment,Unfurnished,2.0,Unknown,14,Lucknow,1000.0,2,2,5500000
Multistorey Apartment,Unfurnished,5.0,North,4,Lucknow,1000.0,3,2,10500000
Villa,Semi-Furnished,2.0,North - West,2,Lucknow,1690.0,3,3,23500000
Multistorey Apartment,Furnished,2.0,Unknown,14,Lucknow,1000.0,3,2,5808000
Multistorey Apartment,Unfurnished,3.0,North,11,Lucknow,784.0,2,2,7200000
Multistorey Apartment,Unfurnished,12.0,Unknown,19,Lucknow,1100.0,3,3,5800000
Multistorey Apartment,Semi-Furnished,3.0,North - East,3,Lucknow,1000.0,2,2,5300000
Multistorey Apartment,Unfurnished,3.0,East,4,Lucknow,1180.0,3,3,7600000
Villa,Furnished,2.0,Unknown,4,Lucknow,1000.0,2,2,5800000
Multistorey Apartment,Unfurnished,10.0,North - East,19,Lucknow,1000.0,3,3,7400000
Studio Apartment,Unfurnished,5.0,East,12,Lucknow,300.0,3,1,3374000
Multistorey Apartment,Semi-Furnished,19.0,East,24,Lucknow,1000.0,3,3,11000000
Multistorey Apartment,Unfurnished,5.0,North - East,14,Lucknow,950.0,2,2,6500000
Villa,Unfurnished,2.0,North - East,2,Lucknow,1800.0,4,4,9650000
Villa,Unfurnished,2.0,East,1,Lucknow,800.0,2,2,3400000
Multistorey Apartment,Unfurnished,5.0,East,18,Lucknow,1408.0,4,5,11500000
Residential House,Semi-Furnished,2.0,East,3,Lucknow,1000.0,8,8,52500000
Multistorey Apartment,Unfurnished,0.0,South -West,3,Dehradun,1600.0,3,3,10000000
Multistorey Apartment,Semi-Furnished,1.0,Unknown,4,Dehradun,1000.0,3,3,13500000
Multistorey Apartment,Unfurnished,5.0,North - East,21,Lucknow,2800.0,4,5,19000000
Residential House,Unfurnished,1.0,Unknown,2,Dehradun,1000.0,4,2,12000000
Residential House,Furnished,2.0,East,3,Dehradun,1260.0,1,3,6656000
Multistorey Apartment,Semi-Furnished,1.0,Unknown,5,Dehradun,2080.0,4,4,9800000
Residential House,Semi-Furnished,2.0,Unknown,1,Dehradun,999.0,2,2,5500000
Multistorey Apartment,Furnished,1.0,North - West,2,Dehradun,832.0,2,2,4100000
Residential House,Semi-Furnished,0.0,East,3,Dehradun,1000.0,5,5,6300000
Builder Floor Apartment,Unfurnished,0.0,East,3,Dehradun,1000.0,2,2,4000000
Multistorey Apartment,Unfurnished,8.0,Unknown,4,Dehradun,1000.0,4,4,37500000
Builder Floor Apartment,Unfurnished,1.0,Unknown,3,Dehradun,1000.0,2,2,4500000
Builder Floor Apartment,Semi-Furnished,0.0,Unknown,2,Dehradun,1000.0,2,3,10000000
Residential House,Unfurnished,2.0,Unknown,2,Dehradun,1114.0,4,3,5200000
Builder Floor Apartment,Furnished,2.0,Unknown,3,Dehradun,1000.0,2,2,5200000
Villa,Unfurnished,2.0,Unknown,1,Dehradun,757.0,2,2,2950000
Residential House,Furnished,3.0,Unknown,3,Dehradun,3400.0,6,6,13500000
Multistorey Apartment,Semi-Furnished,2.0,North,3,Dehradun,1000.0,3,3,12000000
Multistorey Apartment,Unfurnished,4.0,Unknown,6,Dehradun,1000.0,3,3,9000000
Multistorey Apartment,Semi-Furnished,1.0,Unknown,4,Dehradun,1000.0,2,2,3996000
Penthouse,Unknown,2.0,Unknown,4,Dehradun,1000.0,3,2,39999999
Multistorey Apartment,Unknown,2.0,Unknown,4,Dehradun,1000.0,1,2,4500000
Residential House,Semi-Furnished,0.0,North,2,Dehradun,2300.0,3,3,8700000
Villa,Unfurnished,2.0,North - East,2,Dehradun,1000.0,4,2,24000000
Residential House,Semi-Furnished,2.0,South,1,Dehradun,109.0,2,2,4900000
Residential House,Unfurnished,2.0,North,2,Dehradun,1600.0,2,2,7500000
Multistorey Apartment,Semi-Furnished,0.0,North - East,4,Dehradun,775.0,2,2,4200000
Residential House,Unfurnished,1.0,Unknown,1,Dehradun,1000.0,2,4,7300000
Multistorey Apartment,Semi-Furnished,1.0,Unknown,1,Dehradun,1000.0,3,3,7500000
Villa,Semi-Furnished,2.0,North,2,Dehradun,1600.0,3,2,6500000
Residential House,Unfurnished,2.0,Unknown,2,Dehradun,620.0,3,2,8000000
Multistorey Apartment,Furnished,5.0,Unknown,6,Dehradun,1000.0,2,2,6000000
Residential House,Furnished,0.0,Unknown,4,Dehradun,1000.0,3,3,5500000
Builder Floor Apartment,Semi-Furnished,1.0,South,3,Dehradun,980.0,2,2,5000000
Multistorey Apartment,Unfurnished,2.0,East,4,Dehradun,645.0,1,1,2700000
Residential House,Semi-Furnished,3.0,East,3,Dehradun,1260.0,1,3,6686000
Multistorey Apartment,Furnished,2.0,North - East,3,Dehradun,78.0,3,3,9000000
Residential House,Semi-Furnished,0.0,Unknown,3,Dehradun,5000.0,4,2,23000000
Multistorey Apartment,Semi-Furnished,3.0,Unknown,5,Dehradun,1000.0,2,2,5500000
Residential House,Semi-Furnished,2.0,East,3,Dehradun,82.0,3,4,9600000
Multistorey Apartment,Unfurnished,1.0,Unknown,6,Dehradun,1000.0,2,2,6500000
Multistorey Apartment,Unfurnished,6.0,North - East,13,Lucknow,2500.0,4,5,27500000
Multistorey Apartment,Unfurnished,13.0,East,20,Lucknow,1850.0,4,5,15600000
Multistorey Apartment,Unfurnished,3.0,East,4,Lucknow,992.0,2,2,5300000
Residential House,Semi-Furnished,2.0,East,1,Lucknow,1200.0,2,2,5200000
Villa,Semi-Furnished,2.0,East,2,Lucknow,1000.0,3,3,7000000
Multistorey Apartment,Semi-Furnished,13.0,East,18,Lucknow,1000.0,2,2,5800000
Villa,Unfurnished,2.0,South -West,2,Lucknow,1000.0,4,4,29000000
Multistorey Apartment,Furnished,6.0,East,12,Lucknow,1000.0,3,3,33000000
Residential House,Unfurnished,2.0,South,2,Lucknow,2400.0,5,3,22000000
Residential House,Unfurnished,2.0,Unknown,3,Lucknow,168.0,6,5,22000000
Villa,Semi-Furnished,2.0,South - East,2,Lucknow,1111.0,2,2,11000000
Multistorey Apartment,Unfurnished,8.0,North - West,17,Lucknow,2308.0,4,4,23000000
Penthouse,Unfurnished,14.0,North - West,14,Lucknow,1000.0,4,4,25000000
Multistorey Apartment,Unfurnished,14.0,Unknown,20,Lucknow,1450.0,3,4,9500000
Residential House,Semi-Furnished,2.0,Unknown,1,Lucknow,2770.0,3,3,10000000
Multistorey Apartment,Furnished,5.0,South - East,5,Lucknow,2750.0,4,5,19000000
Residential House,Unfurnished,-1.0,East,2,Lucknow,1000.0,2,3,6000000
Multistorey Apartment,Semi-Furnished,1.0,East,33,Lucknow,2324.0,4,5,28350000
Multistorey Apartment,Semi-Furnished,10.0,West,14,Lucknow,1175.0,2,2,10000000
Villa,Unfurnished,2.0,East,2,Lucknow,1050.0,3,2,5500000
Residential House,Semi-Furnished,-1.0,South,2,Lucknow,1050.0,4,4,7500000
Multistorey Apartment,Semi-Furnished,5.0,East,17,Lucknow,1770.0,4,4,19425000
Multistorey Apartment,Unfurnished,10.0,North - East,12,Lucknow,990.0,2,2,5500000
Villa,Unfurnished,2.0,North - East,3,Lucknow,1315.0,2,2,12300000
Residential House,Unfurnished,0.0,East,1,Lucknow,1800.0,2,2,26000000
Villa,Semi-Furnished,2.0,North - East,3,Lucknow,4842.0,4,5,45000000
Villa,Furnished,2.0,South - East,3,Lucknow,1480.0,3,3,12000000
Multistorey Apartment,Unfurnished,1.0,East,4,Lucknow,900.0,2,2,4500000
Villa,Unfurnished,2.0,East,2,Lucknow,1647.0,3,3,6000000
Residential House,Semi-Furnished,0.0,West,1,Lucknow,1500.0,3,3,5000000
Multistorey Apartment,Unfurnished,4.0,Unknown,14,Lucknow,1000.0,4,3,11000000
Residential House,Semi-Furnished,2.0,East,3,Lucknow,1000.0,3,3,3500000
Residential House,Semi-Furnished,2.0,East,3,Lucknow,3000.0,6,4,60000000
Multistorey Apartment,Unfurnished,3.0,East,14,Lucknow,1857.0,3,3,13082000
Residential House,Furnished,2.0,East,4,Lucknow,1000.0,4,4,28000000
Residential House,Furnished,1.0,Unknown,1,Lucknow,1200.0,2,2,6500000
Multistorey Apartment,Semi-Furnished,14.0,Unknown,14,Lucknow,995.0,3,3,9141840
Multistorey Apartment,Unfurnished,11.0,North - West,19,Lucknow,1180.0,3,3,7900000
Multistorey Apartment,Unfurnished,7.0,East,14,Lucknow,1600.0,3,3,8500000
Multistorey Apartment,Semi-Furnished,12.0,Unknown,12,Lucknow,2000.0,4,4,16000000
Multistorey Apartment,Unfurnished,3.0,East,15,Lucknow,773.0,2,2,6600000
Multistorey Apartment,Semi-Furnished,2.0,North - East,17,Lucknow,1250.0,3,3,13245698
Multistorey Apartment,Semi-Furnished,3.0,North - East,14,Lucknow,2284.0,4,4,22900000
Residential House,Unfurnished,2.0,Unknown,1,Lucknow,1000.0,2,2,5500000
Residential House,Unfurnished,1.0,Unknown,2,Dehradun,1100.0,4,3,7000000
Residential House,Semi-Furnished,1.0,Unknown,1,Lucknow,1000.0,5,3,3200000
Multistorey Apartment,Semi-Furnished,1.0,East,6,Lucknow,925.0,3,3,6600000
Multistorey Apartment,Semi-Furnished,1.0,South - East,4,Dehradun,1200.0,3,3,8000000
Villa,Unfurnished,2.0,South - East,1,Lucknow,1575.0,3,3,15800000
Residential House,Semi-Furnished,0.0,Unknown,2,Dehradun,1000.0,4,3,25000000
Multistorey Apartment,Unfurnished,7.0,North - East,7,Dehradun,1000.0,2,3,6500000
Multistorey Apartment,Unfurnished,1.0,North,3,Dehradun,1450.0,3,2,6500000
Multistorey Apartment,Semi-Furnished,3.0,Unknown,3,Dehradun,1000.0,2,2,4900000
Residential House,Unfurnished,1.0,Unknown,2,Dehradun,2500.0,4,4,24800000
Multistorey Apartment,Unfurnished,1.0,East,1,Dehradun,600.0,2,1,4000000
Residential House,Unfurnished,1.0,North - West,3,Dehradun,1054.0,6,6,6500000
Multistorey Apartment,Unfurnished,5.0,North - East,6,Dehradun,1180.0,2,2,5800000
Residential House,Unfurnished,0.0,Unknown,1,Dehradun,1000.0,5,6,11000000
Residential House,Furnished,0.0,Unknown,1,Dehradun,1000.0,3,2,7000000
Villa,Unfurnished,2.0,Unknown,2,Lucknow,800.0,3,2,7200000
Residential House,Semi-Furnished,2.0,North - East,2,Dehradun,1000.0,5,4,13000000
Residential House,Unfurnished,2.0,West,3,Lucknow,1000.0,6,5,8500000
Builder Floor Apartment,Semi-Furnished,3.0,Unknown,4,Dehradun,1000.0,2,2,4000000
Residential House,Semi-Furnished,0.0,North - East,2,Dehradun,1050.0,3,4,8700000
Residential House,Furnished,0.0,North - East,2,Dehradun,1800.0,3,2,8500000
Multistorey Apartment,Semi-Furnished,2.0,Unknown,4,Dehradun,1000.0,2,2,3900000
Multistorey Apartment,Unfurnished,5.0,Unknown,6,Dehradun,1917.0,3,3,7000000
Multistorey Apartment,Semi-Furnished,1.0,East,6,Dehradun,1000.0,3,3,7000000
Residential House,Semi-Furnished,0.0,Unknown,2,Dehradun,1000.0,4,4,15000000
Multistorey Apartment,Semi-Furnished,7.0,East,7,Dehradun,625.0,1,1,2600000
Residential House,Unfurnished,0.0,North - East,2,Dehradun,2000.0,3,3,8500000
Residential House,Unfurnished,1.0,North,1,Dehradun,2500.0,4,4,12000000
Villa,Semi-Furnished,2.0,North - East,2,Dehradun,5000.0,6,5,17900000
Multistorey Apartment,Semi-Furnished,1.0,North,7,Dehradun,1200.0,2,2,7000000
Builder Floor Apartment,Semi-Furnished,1.0,West,3,Dehradun,947.0,2,2,4700000
Residential House,Furnished,2.0,South - East,2,Dehradun,1000.0,5,5,35000000
Villa,Semi-Furnished,2.0,Unknown,2,Dehradun,1000.0,5,4,25000000
Multistorey Apartment,Furnished,2.0,North,5,Dehradun,1000.0,1,1,4300000
Builder Floor Apartment,Furnished,2.0,Unknown,3,Dehradun,1000.0,3,2,4700000
Multistorey Apartment,Semi-Furnished,6.0,South,19,Lucknow,1000.0,2,2,6300000
Multistorey Apartment,Unfurnished,0.0,Unknown,8,Dehradun,1000.0,2,2,6500000
Residential House,Semi-Furnished,0.0,Unknown,1,Lucknow,900.0,2,2,4600000
Residential House,Unfurnished,0.0,East,1,Dehradun,1000.0,4,3,8300000
Residential House,Semi-Furnished,2.0,Unknown,2,Lucknow,1000.0,5,3,20000000
Multistorey Apartment,Unfurnished,7.0,Unknown,19,Lucknow,1000.0,3,3,7400000
Residential House,Furnished,2.0,Unknown,2,Lucknow,2152.0,3,2,22500000
Residential House,Unfurnished,2.0,Unknown,1,Lucknow,2500.0,3,2,26500000
Residential House,Semi-Furnished,0.0,Unknown,2,Lucknow,1000.0,2,2,4400000
Villa,Furnished,2.0,South,3,Lucknow,2750.0,4,5,29000000
Builder Floor Apartment,Semi-Furnished,2.0,Unknown,2,Lucknow,1000.0,3,3,15000000
Villa,Furnished,2.0,Unknown,3,Lucknow,1245.0,5,5,14500000
Multistorey Apartment,Semi-Furnished,4.0,Unknown,11,Lucknow,1001.0,3,3,9652500
Multistorey Apartment,Semi-Furnished,1.0,West,3,Lucknow,1000.0,2,2,6000000
Residential House,Semi-Furnished,2.0,Unknown,4,Lucknow,1000.0,3,2,4500000
Residential House,Furnished,2.0,West,2,Lucknow,840.0,3,3,5500000
Multistorey Apartment,Semi-Furnished,0.0,South - East,3,Lucknow,1000.0,2,2,8000000
Multistorey Apartment,Semi-Furnished,4.0,North,4,Lucknow,1180.0,3,2,7200000
Multistorey Apartment,Unfurnished,4.0,Unknown,8,Lucknow,1000.0,3,3,6500000
Multistorey Apartment,Semi-Furnished,6.0,Unknown,4,Lucknow,1000.0,3,2,9800000
Residential House,Unfurnished,1.0,West,2,Lucknow,3000.0,4,3,13500000
Villa,Semi-Furnished,2.0,West,3,Lucknow,1000.0,5,6,40000000
Multistorey Apartment,Semi-Furnished,2.0,East,13,Lucknow,1000.0,3,2,8500000
Residential House,Semi-Furnished,2.0,West,1,Lucknow,1150.0,2,2,5450000
Multistorey Apartment,Unfurnished,4.0,North,12,Lucknow,1166.0,3,3,8500000
Multistorey Apartment,Unfurnished,7.0,North,24,Lucknow,1000.0,3,3,16000000
Villa,Semi-Furnished,2.0,East,2,Lucknow,1213.0,3,3,8000000
Residential House,Semi-Furnished,0.0,East,2,Lucknow,900.0,2,3,5600000
Multistorey Apartment,Unfurnished,5.0,East,24,Lucknow,1391.0,3,3,15472500
Residential House,Semi-Furnished,1.0,West,2,Lucknow,1100.0,3,3,7000000
Multistorey Apartment,Semi-Furnished,5.0,East,14,Lucknow,1000.0,3,2,13300000
Builder Floor Apartment,Semi-Furnished,2.0,Unknown,3,Dehradun,1000.0,2,2,5000000
Residential House,Unfurnished,1.0,South -West,2,Dehradun,2200.0,4,4,9000000
Multistorey Apartment,Unfurnished,4.0,North,14,Lucknow,890.0,2,2,4950000
Residential House,Semi-Furnished,3.0,North,3,Dehradun,2400.0,5,4,16000000
Villa,Semi-Furnished,2.0,North - East,2,Dehradun,130.0,3,4,12000000
Multistorey Apartment,Furnished,0.0,Unknown,2,Dehradun,1400.0,3,2,8000000
Residential House,Semi-Furnished,1.0,North - East,1,Dehradun,1854.0,2,3,9800000
Builder Floor Apartment,Furnished,0.0,South - East,3,Dehradun,1600.0,3,3,7200000
Multistorey Apartment,Unknown,2.0,Unknown,4,Dehradun,1000.0,1,2,6000000
Residential House,Unfurnished,0.0,South,1,Dehradun,1900.0,6,5,20000000
Multistorey Apartment,Furnished,7.0,Unknown,7,Dehradun,1000.0,2,2,6200000
Builder Floor Apartment,Semi-Furnished,1.0,Unknown,3,Dehradun,500.0,2,1,2300000
Builder Floor Apartment,Semi-Furnished,1.0,Unknown,3,Dehradun,550.0,1,1,2250000
Builder Floor Apartment,Semi-Furnished,1.0,Unknown,4,Dehradun,1450.0,3,3,6000000
Residential House,Semi-Furnished,2.0,Unknown,2,Dehradun,1400.0,4,4,8000000
Builder Floor Apartment,Semi-Furnished,2.0,North - West,3,Dehradun,1800.0,3,3,9000000
Residential House,Unfurnished,2.0,Unknown,1,Dehradun,223.0,3,2,4400000
Builder Floor Apartment,Semi-Furnished,1.0,Unknown,3,Dehradun,1655.0,3,3,8500000
Residential House,Semi-Furnished,2.0,North - East,2,Dehradun,150.0,4,4,14000000
Villa,Semi-Furnished,2.0,Unknown,3,Dehradun,800.0,5,5,85000000
Residential House,Semi-Furnished,2.0,North - East,1,Dehradun,900.0,2,2,5500000
Residential House,Semi-Furnished,2.0,South -West,2,Dehradun,1400.0,3,2,4700000
Builder Floor Apartment,Semi-Furnished,1.0,Unknown,2,Dehradun,1400.0,3,2,7000000
Multistorey Apartment,Unfurnished,3.0,North - East,4,Dehradun,1160.0,3,2,9000000
Residential House,Unfurnished,1.0,East,1,Dehradun,1200.0,4,2,12500000
Multistorey Apartment,Semi-Furnished,3.0,Unknown,5,Dehradun,950.0,3,2,6700000
Builder Floor Apartment,Semi-Furnished,3.0,East,3,Dehradun,470.0,1,1,2400000
Multistorey Apartment,Furnished,6.0,Unknown,7,Dehradun,1000.0,1,1,4400000
Multistorey Apartment,Semi-Furnished,8.0,Unknown,8,Dehradun,1000.0,4,4,17500000
Builder Floor Apartment,Semi-Furnished,2.0,Unknown,3,Dehradun,1300.0,3,2,4500000
Residential House,Semi-Furnished,1.0,North,1,Dehradun,1000.0,2,2,5500000
Multistorey Apartment,Semi-Furnished,-0.5,Unknown,4,Dehradun,880.0,2,2,4390000
Residential House,Semi-Furnished,0.0,Unknown,1,Dehradun,1000.0,1,2,3000000
Multistorey Apartment,Furnished,3.0,East,7,Dehradun,2100.0,3,4,26000000
Multistorey Apartment,Semi-Furnished,4.0,Unknown,6,Dehradun,1000.0,1,1,5800000
Multistorey Apartment,Unfurnished,0.0,Unknown,10,Dehradun,1000.0,3,2,6400000
Multistorey Apartment,Semi-Furnished,2.0,Unknown,3,Dehradun,645.0,1,1,3000000
Multistorey Apartment,Semi-Furnished,1.0,North - East,4,Dehradun,1300.0,3,2,7000000
Residential House,Unfurnished,2.0,North - West,1,Dehradun,1200.0,3,3,5200000
Multistorey Apartment,Furnished,1.0,South -West,3,Dehradun,1000.0,3,3,7500000
Multistorey Apartment,Semi-Furnished,2.0,Unknown,4,Lucknow,1000.0,3,4,14801625
Multistorey Apartment,Semi-Furnished,8.0,North - East,14,Lucknow,2254.0,4,5,22301500
Multistorey Apartment,Semi-Furnished,8.0,North - East,12,Lucknow,1050.0,3,2,5694000
Villa,Semi-Furnished,2.0,Unknown,4,Lucknow,1000.0,2,2,3850000
Multistorey Apartment,Semi-Furnished,2.0,Unknown,4,Lucknow,1000.0,2,2,4911300
Multistorey Apartment,Semi-Furnished,4.0,North - East,14,Lucknow,1000.0,3,2,8445600
Builder Floor Apartment,Unfurnished,3.0,South,3,Dehradun,1000.0,3,3,5500000
Multistorey Apartment,Semi-Furnished,1.0,North - East,3,Lucknow,801.0,2,2,4108000
Multistorey Apartment,Semi-Furnished,8.0,North - East,13,Lucknow,825.0,2,2,7180000
Residential House,Semi-Furnished,3.0,West,3,Lucknow,2500.0,4,4,13500000
Multistorey Apartment,Unfurnished,11.0,East,14,Lucknow,854.0,2,2,6320000
Multistorey Apartment,Semi-Furnished,12.0,East,33,Lucknow,2324.0,4,5,27750000
Multistorey Apartment,Unfurnished,4.0,North - East,11,Lucknow,1001.0,3,3,8985605
Multistorey Apartment,Unfurnished,1.0,North,24,Lucknow,1000.0,4,6,27000000
Multistorey Apartment,Unfurnished,3.0,North - East,3,Lucknow,1685.0,3,3,13500000
Multistorey Apartment,Semi-Furnished,0.0,East,11,Lucknow,1731.0,3,3,12600000
Multistorey Apartment,Semi-Furnished,1.0,North - East,14,Lucknow,1444.0,3,4,15000000
Multistorey Apartment,Semi-Furnished,8.0,Unknown,14,Lucknow,1325.0,3,3,10000000
Multistorey Apartment,Semi-Furnished,6.0,North - East,13,Lucknow,575.0,2,2,3420000
Villa,Semi-Furnished,2.0,East,2,Lucknow,1800.0,4,4,6536250
Penthouse,Semi-Furnished,20.0,East,20,Lucknow,2669.0,5,6,28567500
Multistorey Apartment,Unfurnished,13.0,West,14,Lucknow,1062.0,3,2,8571840
Multistorey Apartment,Semi-Furnished,12.0,North - East,22,Lucknow,2195.0,4,5,18700000
Multistorey Apartment,Semi-Furnished,11.0,North - East,14,Lucknow,1295.0,3,3,11800000
Multistorey Apartment,Unfurnished,7.0,North - East,19,Lucknow,1832.0,3,3,18900000
Multistorey Apartment,Unfurnished,3.0,North - West,21,Lucknow,1200.0,3,3,11842000
Multistorey Apartment,Semi-Furnished,4.0,South,12,Lucknow,1000.0,3,3,7500000
Residential House,Unfurnished,1.0,East,1,Lucknow,1000.0,4,1,3000000
Multistorey Apartment,Furnished,5.0,West,7,Lucknow,1080.0,2,3,8500000
Multistorey Apartment,Unfurnished,5.0,East,14,Lucknow,1000.0,3,3,11750000
Multistorey Apartment,Furnished,4.0,North,14,Lucknow,1323.0,4,4,11900000
Multistorey Apartment,Semi-Furnished,6.0,East,12,Lucknow,2254.0,4,6,21958400
Multistorey Apartment,Furnished,5.0,North - East,19,Lucknow,1832.0,3,5,18100000
Multistorey Apartment,Unfurnished,2.0,North - East,13,Lucknow,1295.0,3,3,13266000
Multistorey Apartment,Semi-Furnished,1.0,West,33,Lucknow,1000.0,4,5,28533000
Residential House,Unknown,2.0,Unknown,4,Dehradun,1247.0,3,2,5700000
Multistorey Apartment,Unfurnished,5.0,Unknown,8,Dehradun,1402.0,2,2,8900000
Residential House,Unfurnished,1.0,West,2,Dehradun,78.0,3,3,8000000
Multistorey Apartment,Furnished,0.0,East,7,Dehradun,1000.0,2,2,4500000
Residential House,Unfurnished,2.0,Unknown,1,Dehradun,85.0,2,1,6500000
Residential House,Semi-Furnished,0.0,Unknown,2,Dehradun,1000.0,3,2,6900000
Multistorey Apartment,Semi-Furnished,2.0,Unknown,4,Dehradun,1400.0,3,3,5600000
Residential House,Unfurnished,0.0,North - East,2,Dehradun,1950.0,3,3,7500000
Residential House,Unfurnished,2.0,South - East,2,Dehradun,1000.0,4,4,19500000
Multistorey Apartment,Semi-Furnished,4.0,North - East,14,Lucknow,1000.0,3,2,7665300
Residential House,Unfurnished,1.0,Unknown,1,Dehradun,1000.0,4,5,12500000
Residential House,Semi-Furnished,1.0,Unknown,2,Dehradun,1000.0,4,2,6500000
Residential House,Unfurnished,2.0,Unknown,2,Dehradun,1800.0,3,4,6200000
Builder Floor Apartment,Semi-Furnished,2.0,North - East,3,Dehradun,1400.0,3,3,5200000
Residential House,Furnished,0.0,North,3,Dehradun,1000.0,3,3,9500000
Residential House,Furnished,0.0,East,2,Dehradun,1000.0,3,4,31000000
Builder Floor Apartment,Semi-Furnished,1.0,South -West,3,Dehradun,1000.0,3,3,15000000
Residential House,Unknown,2.0,Unknown,4,Dehradun,1000.0,4,2,39000000
Multistorey Apartment,Furnished,3.0,Unknown,4,Dehradun,1600.0,3,3,7500000
Multistorey Apartment,Semi-Furnished,3.0,North,4,Dehradun,800.0,2,2,6300000
Penthouse,Furnished,7.0,North - East,7,Dehradun,2700.0,4,4,15500000
Residential House,Furnished,0.0,North,3,Dehradun,1631.0,6,5,17500000
Multistorey Apartment,Unfurnished,3.0,Unknown,5,Dehradun,1000.0,3,3,6600000
Residential House,Unfurnished,2.0,Unknown,2,Dehradun,135.0,3,2,5800000
Multistorey Apartment,Semi-Furnished,3.0,Unknown,4,Dehradun,1000.0,3,4,6200000
Residential House,Unfurnished,0.0,Unknown,2,Dehradun,1000.0,4,4,9500000
Multistorey Apartment,Semi-Furnished,3.0,Unknown,4,Dehradun,1000.0,2,2,7000000
Builder Floor Apartment,Semi-Furnished,0.0,North - East,5,Dehradun,1600.0,3,3,5500000
Multistorey Apartment,Semi-Furnished,1.0,North - East,6,Dehradun,1000.0,2,2,6000000
Penthouse,Unfurnished,2.0,North - West,4,Dehradun,1446.0,3,4,13500000
Residential House,Semi-Furnished,2.0,West,2,Dehradun,1100.0,4,3,7000000
Villa,Semi-Furnished,2.0,Unknown,4,Dehradun,1000.0,3,3,12000000
Villa,Unfurnished,2.0,North - East,2,Dehradun,1000.0,3,4,12000000
Residential House,Unfurnished,1.0,Unknown,2,Dehradun,1000.0,3,3,6500000
Builder Floor Apartment,Semi-Furnished,3.0,South - East,3,Dehradun,1300.0,3,2,5800000
Villa,Unfurnished,2.0,North - East,2,Dehradun,200.0,5,4,16500000
Multistorey Apartment,Semi-Furnished,4.0,North - West,4,Dehradun,1057.0,3,3,9600000
Penthouse,Semi-Furnished,7.0,North - East,7,Dehradun,4000.0,3,3,20000000
Villa,Unfurnished,2.0,North,2,Dehradun,2150.0,3,4,9800000
Residential House,Furnished,1.0,North - East,1,Dehradun,1000.0,1,1,3600000
Residential House,Unfurnished,1.0,North - East,2,Dehradun,1000.0,3,3,8480000
Multistorey Apartment,Unfurnished,3.0,North,7,Dehradun,1000.0,2,2,5500000
Penthouse,Semi-Furnished,2.0,East,4,Dehradun,2050.0,4,4,17900000
Multistorey Apartment,Semi-Furnished,2.0,North - East,3,Dehradun,1090.0,2,2,6200000
Builder Floor Apartment,Furnished,1.0,North - East,4,Dehradun,1600.0,3,3,8000000
Builder Floor Apartment,Semi-Furnished,2.0,Unknown,4,Dehradun,850.0,2,2,5500000
Residential House,Semi-Furnished,0.0,Unknown,2,Dehradun,1600.0,3,2,9000000
Villa,Semi-Furnished,2.0,Unknown,2,Dehradun,2300.0,3,3,10500000
Residential House,Semi-Furnished,0.0,North - East,2,Dehradun,105.0,4,3,9000000
Villa,Semi-Furnished,2.0,South,2,Dehradun,232.0,5,5,21800000
Residential House,Unfurnished,1.0,Unknown,2,Dehradun,1800.0,3,3,9000000
Multistorey Apartment,Semi-Furnished,2.0,North - East,3,Dehradun,1600.0,3,3,8600000
Residential House,Unfurnished,1.0,North - East,3,Dehradun,1000.0,5,8,20000000
Multistorey Apartment,Semi-Furnished,3.0,East,7,Dehradun,1500.0,3,3,8472000
Multistorey Apartment,Semi-Furnished,2.0,Unknown,6,Dehradun,2145.0,3,4,17000000
Multistorey Apartment,Semi-Furnished,1.0,Unknown,7,Dehradun,1000.0,3,3,12500000
Multistorey Apartment,Furnished,2.0,Unknown,4,Dehradun,1000.0,2,2,5712000
Multistorey Apartment,Semi-Furnished,3.0,East,4,Dehradun,1000.0,3,4,18850000
Villa,Semi-Furnished,2.0,East,2,Dehradun,1000.0,3,3,7500000
Residential House,Semi-Furnished,2.0,North,1,Dehradun,2200.0,10,10,9000000
Multistorey Apartment,Furnished,5.0,North - East,8,Dehradun,1000.0,2,2,10500000
Villa,Furnished,2.0,West,2,Dehradun,2850.0,4,5,14000000
Villa,Semi-Furnished,2.0,North - East,2,Dehradun,2000.0,3,3,5700000
Villa,Unfurnished,2.0,East,3,Dehradun,425.0,5,4,67500000
Multistorey Apartment,Unfurnished,3.0,North - East,6,Dehradun,1000.0,3,3,10200000
Multistorey Apartment,Furnished,5.0,North - East,4,Dehradun,1086.0,2,2,6200000
Residential House,Semi-Furnished,1.0,West,2,Dehradun,1300.0,3,3,7500000
Builder Floor Apartment,Semi-Furnished,4.0,South -West,4,Dehradun,1000.0,2,2,5100000
Residential House,Unfurnished,0.0,North,2,Dehradun,3800.0,5,4,16500000
Residential House,Semi-Furnished,0.0,North,2,Dehradun,2750.0,3,4,12500000
Multistorey Apartment,Unknown,3.0,Unknown,4,Dehradun,1000.0,3,4,6500000
Residential House,Semi-Furnished,3.0,East,3,Dehradun,2625.0,4,4,12500000
Multistorey Apartment,Semi-Furnished,5.0,North - East,7,Dehradun,1000.0,3,3,17000000
Multistorey Apartment,Semi-Furnished,0.0,East,16,Dehradun,1000.0,3,3,25000000
Penthouse,Furnished,6.0,East,7,Dehradun,3818.0,4,5,22500000
Residential House,Semi-Furnished,0.0,North - East,2,Dehradun,1000.0,3,3,8000000
Multistorey Apartment,Semi-Furnished,2.0,Unknown,7,Dehradun,1000.0,4,4,18500000
Residential House,Semi-Furnished,2.0,Unknown,1,Dehradun,1000.0,4,3,11500000
Residential House,Unfurnished,1.0,Unknown,2,Dehradun,535.0,3,2,3700000
Multistorey Apartment,Unfurnished,0.0,Unknown,3,Dehradun,500.0,2,2,2850000
Builder Floor Apartment,Semi-Furnished,1.0,East,2,Dehradun,1600.0,3,3,8000000
Builder Floor Apartment,Semi-Furnished,0.0,Unknown,3,Dehradun,1000.0,4,4,19500000
Multistorey Apartment,Unfurnished,6.0,East,4,Dehradun,1700.0,3,3,10500000
Residential House,Semi-Furnished,2.0,Unknown,1,Dehradun,1275.0,3,2,6000000
Multistorey Apartment,Semi-Furnished,1.0,North - East,4,Dehradun,1850.0,3,4,20227500
Multistorey Apartment,Semi-Furnished,5.0,East,6,Dehradun,1415.0,2,2,6933500
Villa,Unfurnished,2.0,Unknown,2,Dehradun,110.0,3,3,9000000
Multistorey Apartment,Unfurnished,4.0,North,8,Dehradun,1000.0,3,2,7645000
Multistorey Apartment,Semi-Furnished,4.0,North - East,7,Dehradun,1000.0,3,3,11525400
